insti_ID,nirf_year,domain,fin_year,library,equipment,workshops,studios,capital_assets,salaries,maintenance,seminars,research_amount,consultancy_amount,sponsored_projects,funding_agencies
IR-O-U-0456,2025,Overall,2023-24,298830979.0,4977872845.0,15221031.0,15922736.0,854156496.0,,,,9694717158.0,357447061.0,801.0,128.0
IR-O-U-0456,2025,Overall,2022-23,191765768.0,5114315121.0,35946386.0,7825561.0,850240751.0,,,,5922234509.0,195081858.0,699.0,112.0
IR-O-U-0456,2025,Overall,2021-22,232093405.0,4475051053.0,16830244.0,53944831.0,1066955804.0,,,,5049150727.0,115588093.0,576.0,112.0
IR-O-U-0220,2025,Overall,2023-24,218534218.0,1683221699.0,85203873.0,,,5010997865.0,2940760709.0,79780324.0,11118521445.0,193254711.0,1412.0,276.0
IR-O-U-0220,2025,Overall,2022-23,202533939.0,1299078359.0,93480412.0,,,5136049939.0,1828614204.0,39993362.0,5347726925.0,188204222.0,1343.0,153.0
IR-O-U-0220,2025,Overall,2021-22,338527338.0,1453587730.0,32057107.0,,,4102153668.0,1250256552.0,3626240.0,5437309580.0,119485767.0,1178.0,106.0
IR-O-U-0306,2025,Overall,2023-24,177105628.0,2817100804.0,0.0,0.0,,8523975101.0,4688514494.0,247557830.0,5979393642.0,185367156.0,1583.0,530.0
IR-O-U-0306,2025,Overall,2022-23,60655438.0,3091659479.0,82044432.0,0.0,,6581612412.0,3380913236.0,22683371.0,4762663592.0,194638053.0,1378.0,445.0
IR-O-U-0306,2025,Overall,2021-22,395211540.0,859086724.0,99980000.0,0.0,,6070571682.0,2978397843.0,9177625.0,4352399044.0,199299376.0,1334.0,368.0
IR-O-I-1074,2025,Overall,2023-24,187600000.0,2642131575.0,5271461.0,3490210.0,131400000.0,,,,3706503517.0,561090027.0,1011.0,414.0
IR-O-I-1074,2025,Overall,2022-23,187521973.0,2615655221.0,2429151.0,2124700.0,2857555221.0,,,,3334108500.0,352197517.0,595.0,247.0
IR-O-I-1074,2025,Overall,2021-22,191213021.0,2374297516.0,44456874.0,43928631.0,1476113707.0,,,,3798462730.0,319358716.0,728.0,225.0
IR-O-I-1075,2025,Overall,2023-24,203000000.0,1103442000.0,55900000.0,10267000.0,157700000.0,4081234700.0,5341217000.0,55900000.0,2269718000.0,408841000.0,,
IR-O-I-1075,2025,Overall,2022-23,202200000.0,1096200000.0,52180000.0,6113000.0,150260000.0,3543190000.0,4670560000.0,52180000.0,2151803000.0,51236700.0,,
IR-O-I-1075,2025,Overall,2021-22,184609000.0,640307900.0,47800000.0,5674000.0,137621500.0,3183924000.0,3967440000.0,47800000.0,2302487100.0,41106000.0,,
IR-O-U-0573,2025,Overall,2023-24,247696823.0,1613101450.0,163201110.0,23090103.0,316335763.0,6099113711.0,4562045544.0,163201110.0,1621000000.0,68200000.0,892.0,
IR-O-U-0573,2025,Overall,2022-23,256500000.0,761461375.0,67110522.0,2300000.0,648459019.0,7134146302.0,2482172231.0,67110522.0,1938160422.0,76400000.0,956.0,
IR-O-U-0573,2025,Overall,2021-22,189496133.0,543377993.0,23457891.0,3882469.0,219791746.0,6367568115.0,3237288905.0,23457891.0,1618621436.0,31171059.0,931.0,
IR-O-U-0560,2025,Overall,2023-24,,,,,,4331714168.0,1604825569.0,141753089.0,1174512297.0,1303551009.0,291.0,94.0
IR-O-U-0560,2025,Overall,2022-23,,,,,,3907376482.0,1409765421.0,95008795.0,1048728402.0,843166241.0,188.0,87.0
IR-O-U-0560,2025,Overall,2021-22,,,,,,3388274784.0,1194098948.0,16575462.0,785161466.0,594570588.0,201.0,68.0
IR-O-N-15,2025,Overall,2023-24,246913768.0,,,,,24610046610.0,15916247013.0,177901333.0,2001358478.0,465587070.0,981.0,201.0
IR-O-N-15,2025,Overall,2022-23,314194886.0,,,,,22354495136.0,13110886380.0,160099955.0,1970827533.0,426991567.0,904.0,170.0
IR-O-N-15,2025,Overall,2021-22,69800856.0,,,,,20097015363.0,11599119623.0,21267185.0,1018179784.0,460815701.0,609.0,35.0
IR-O-U-0109,2025,Overall,2023-24,14396830.0,,,,,5010917173.0,1152536145.0,684169.0,678674854.0,3950893.0,274.0,34.0
IR-O-U-0109,2025,Overall,2022-23,13389021.0,,,,,4739997024.0,954902450.0,584817.0,281390442.0,2090723.0,193.0,48.0
IR-O-U-0109,2025,Overall,2021-22,8269264.0,,,,,4438181163.0,953325482.0,3751541.0,298611768.0,10918644.0,298.0,54.0
IR-O-U-0500,2025,Overall,2023-24,98191113.0,1066144689.0,61617350.0,300000.0,456283812.0,14602652173.0,7487949716.0,61617350.0,1998784433.0,8083974.0,598.0,87.0
IR-O-U-0500,2025,Overall,2022-23,76505317.0,716048897.0,104822367.0,0.0,254269584.0,16202283739.0,6168115794.0,104822367.0,2069435606.0,14912315.0,648.0,47.0
IR-O-U-0500,2025,Overall,2021-22,18579661.0,890629838.0,1474092.0,0.0,214456345.0,13112615287.0,4973468020.0,1474092.0,3589149887.0,1890000.0,482.0,60.0
IR-O-U-0053,2025,Overall,2023-24,144888953.0,511768358.0,55123615.0,0.0,494657138.0,1987664697.0,1323045038.0,55123615.0,1387789676.0,22810259.0,348.0,
IR-O-U-0053,2025,Overall,2022-23,212549726.0,570399409.0,85410030.0,0.0,678150953.0,1835256296.0,1026826502.0,85410030.0,1446656015.0,34780000.0,330.0,
IR-O-U-0053,2025,Overall,2021-22,122976870.0,317904320.0,12338782.0,0.0,689764913.0,1748454897.0,810328532.0,12338782.0,1402100000.0,12513845.0,308.0,
IR-O-U-0013,2025,Overall,2023-24,28995305.0,337408737.0,0.0,0.0,400422417.0,,,,1330603386.0,68584000.0,188.0,86.0
IR-O-U-0013,2025,Overall,2022-23,54273351.0,354297902.0,0.0,0.0,222495370.0,,,,797745442.0,59433750.0,315.0,113.0
IR-O-U-0013,2025,Overall,2021-22,35657429.0,360785745.0,600000.0,70092.0,135612446.0,,,,218555338.0,53242560.0,84.0,63.0
IR-O-U-0108,2025,Overall,2023-24,,,,,,4824402880.0,1962997462.0,30764088.0,936667416.0,187357109.0,204.0,27.0
IR-O-U-0108,2025,Overall,2022-23,,,,,,4422822436.0,2152570384.0,8010831.0,783988393.0,139300890.0,196.0,47.0
IR-O-U-0108,2025,Overall,2021-22,,,,,,4651995309.0,1542906463.0,4998272.0,779349473.0,145628142.0,180.0,47.0
IR-O-U-0234,2025,Overall,2023-24,,,,,,8913361322.0,12387356736.0,133065222.0,473138286.0,1465945107.0,444.0,150.0
IR-O-U-0234,2025,Overall,2022-23,,,,,,8053308454.0,10582035941.0,71791417.0,350126083.0,1397968677.0,385.0,150.0
IR-O-U-0234,2025,Overall,2021-22,,,,,,7134071485.0,8338859218.0,26027749.0,318223448.0,995661919.0,356.0,110.0
IR-O-U-0120,2025,Overall,2023-24,446439732.0,322077564.0,28441385.0,2737246.0,275200929.0,7310619278.0,3129263091.0,28441385.0,751219345.0,43450300.0,,
IR-O-U-0120,2025,Overall,2022-23,341723984.0,265608758.0,7470928.0,0.0,226938232.0,10393472688.0,2932790313.0,7470928.0,491071150.0,39859440.0,,
IR-O-U-0120,2025,Overall,2021-22,31434945.0,178906415.0,1602729.0,0.0,151202622.0,8052731159.0,2178649849.0,1602729.0,555256974.0,37828840.0,,
IR-O-U-0391,2025,Overall,2023-24,206378749.0,1439074549.0,13269700.0,4475014.0,451992463.0,,,,476006612.0,4066464397.0,425.0,118.0
IR-O-U-0391,2025,Overall,2022-23,12267892.0,685633400.0,23591679.0,0.0,159091114.0,,,,330600706.0,3262182687.0,257.0,62.0
IR-O-U-0391,2025,Overall,2021-22,122239989.0,412301879.0,27492623.0,0.0,213137853.0,,,,513082486.0,2940053382.0,301.0,105.0
IR-O-U-0436,2025,Overall,2023-24,174315953.0,622603154.0,109290564.0,0.0,2531001177.0,6921167845.0,3691156054.0,109290564.0,981189360.0,11504289.0,151.0,82.0
IR-O-U-0436,2025,Overall,2022-23,326785511.0,649470796.0,72786927.0,3706360.0,2727163555.0,5100302169.0,2981516633.0,72786927.0,2604824076.0,18797000.0,124.0,79.0
IR-O-U-0436,2025,Overall,2021-22,312632511.0,1585279751.0,49952693.0,7236465.0,416220662.0,4488789410.0,3860192896.0,49952693.0,2413512577.0,17902576.0,107.0,70.0
IR-O-U-0575,2025,Overall,2023-24,155553612.0,110600901.0,27823616.0,0.0,32172540.0,2063291008.0,1612647309.0,27823616.0,367112181.0,304911334.0,121.0,55.0
IR-O-U-0575,2025,Overall,2022-23,85546840.0,80991182.0,10677522.0,0.0,46580795.0,2053921331.0,1580144069.0,10677522.0,365928471.0,274038412.0,140.0,49.0
IR-O-U-0575,2025,Overall,2021-22,118897218.0,59161771.0,11909721.0,0.0,8943698.0,2015559780.0,1216019531.0,11909721.0,275198783.0,163177698.0,213.0,68.0
IR-O-U-0496,2025,Overall,2023-24,46138855.0,211874534.0,1057038.0,500000.0,179560680.0,,,,807603543.0,4861632.0,243.0,64.0
IR-O-U-0496,2025,Overall,2022-23,20356607.0,125079979.0,1764152.0,569300.0,139733856.0,,,,751286253.0,2303200.0,227.0,59.0
IR-O-U-0496,2025,Overall,2021-22,22280194.0,211659826.0,714321.0,640000.0,107514290.0,,,,379815309.0,5006662.0,184.0,44.0
IR-O-U-0304,2025,Overall,2023-24,,,,,,5855164800.0,1481173662.0,24293967.0,10378616020.0,5605000.0,776.0,171.0
IR-O-U-0304,2025,Overall,2022-23,,,,,,4951891949.0,1741064402.0,23830215.0,7026084000.0,2958950.0,581.0,176.0
IR-O-U-0304,2025,Overall,2021-22,,,,,,3775014302.0,1081196991.0,22738869.0,5200875480.0,439008.0,500.0,192.0
IR-O-U-0490,2025,Overall,2023-24,111109420.0,666433782.0,8628067.0,0.0,980768661.0,6142351839.0,,,202868433.0,3358635.0,201.0,31.0
IR-O-U-0490,2025,Overall,2022-23,99657033.0,376100040.0,3320766.0,0.0,369059441.0,4218743253.0,,,139337324.0,1012800.0,146.0,31.0
IR-O-U-0490,2025,Overall,2021-22,1772156.0,123067132.0,3942784.0,0.0,131909702.0,3493550840.0,,,225184388.0,476926.0,127.0,23.0
IR-O-U-0473,2025,Overall,2023-24,486608306.0,,,,,8483937383.0,8363628455.0,70932682.0,203093412.0,39676884.0,127.0,34.0
IR-O-U-0473,2025,Overall,2022-23,88929136.0,,,,,6758113615.0,7015962566.0,11726168.0,282447565.0,46465192.0,391.0,343.0
IR-O-U-0473,2025,Overall,2021-22,77800000.0,,,,,5578155847.0,7432303755.0,15473586.0,90703348.0,12901025.0,147.0,27.0
IR-O-I-1441,2025,Overall,2023-24,165441513.0,335634073.0,59100872.0,26485334.0,76891154.0,3015055107.0,2360875664.0,59100872.0,31051289.0,87020000.0,59.0,
IR-O-I-1441,2025,Overall,2022-23,98948174.0,254874181.0,8743874.0,21911301.0,109152715.0,2321547000.0,2257747057.0,8743874.0,283062130.0,77800000.0,3038.0,
IR-O-I-1441,2025,Overall,2021-22,81861734.0,396182031.0,6978436.0,28811762.0,60982868.0,1741154100.0,1231532729.0,6978436.0,6431200.0,62920000.0,5225.0,
IR-O-U-0101,2025,Overall,2023-24,10408257.0,190018542.0,61394145.0,110000.0,602727797.0,2943354434.0,708267463.0,61394145.0,2068392061.0,4142940.0,,
IR-O-U-0101,2025,Overall,2022-23,409034.0,155392263.0,268839724.0,694000.0,160022800.0,2631588452.0,701625290.0,268839724.0,1531225000.0,2749200.0,,
IR-O-U-0101,2025,Overall,2021-22,7650151.0,117782112.0,104406203.0,0.0,80321443.0,2519619062.0,42677989.0,104406203.0,1393402921.0,0.0,,
IR-O-U-0363,2025,Overall,2023-24,127660511.0,2440358078.0,151488317.0,125841264.0,422403458.0,4903543325.0,4652519011.0,151488317.0,103864000.0,3600000.0,102.0,48.0
IR-O-U-0363,2025,Overall,2022-23,98226181.0,1851842747.0,71280074.0,106162311.0,309763734.0,3533497705.0,3997169417.0,71280074.0,97101000.0,3600000.0,88.0,35.0
IR-O-U-0363,2025,Overall,2021-22,55835036.0,1622482202.0,42698311.0,73157406.0,252141834.0,3204269144.0,3391429539.0,42698311.0,92545000.0,3600000.0,71.0,33.0
IR-O-U-0042,2025,Overall,2023-24,78259141.0,,,,,5397313255.0,990197486.0,26135808.0,1014356384.0,5304038.0,455.0,51.0
IR-O-U-0042,2025,Overall,2022-23,102482928.0,,,,,1717563898.0,766091697.0,13300000.0,650934326.0,10455202.0,458.0,55.0
IR-O-U-0042,2025,Overall,2021-22,29996240.0,,,,,1806287335.0,65380826.0,334892.0,304072791.0,10105793.0,378.0,78.0
IR-O-U-0273,2025,Overall,2023-24,55235239.0,177000729.0,30840722.0,0.0,57909848.0,822579933.0,724344355.0,30840722.0,502903454.0,48093178.0,265.0,
IR-O-U-0273,2025,Overall,2022-23,47193543.0,259181099.0,24535200.0,0.0,91974617.0,667850076.0,569258068.0,24535200.0,330254903.0,15445800.0,174.0,
IR-O-U-0273,2025,Overall,2021-22,33385164.0,112076792.0,8881716.0,0.0,54747127.0,558261242.0,439197669.0,8881716.0,220649268.0,6464204.0,206.0,
IR-O-U-0356,2025,Overall,2023-24,147206216.0,938014331.0,143556482.0,15867859.0,511473245.0,4735635212.0,,,542910621.0,2361821.0,164.0,71.0
IR-O-U-0356,2025,Overall,2022-23,209533647.0,833425376.0,169214183.0,12467581.0,712872565.0,4492406967.0,,,204116643.0,0.0,151.0,61.0
IR-O-U-0356,2025,Overall,2021-22,192329314.0,480509828.0,102664704.0,0.0,380071240.0,2938470643.0,,,99127693.0,0.0,126.0,49.0
IR-O-U-0439,2025,Overall,2023-24,9754071.0,305046242.0,36210576.0,13000.0,21008301.0,3288496578.0,562083820.0,36210576.0,224679428.0,334999.0,98.0,46.0
IR-O-U-0439,2025,Overall,2022-23,45053544.0,192178059.0,18785348.0,29170.0,26441907.0,2965738148.0,689783304.0,18785348.0,383628283.0,75000.0,93.0,46.0
IR-O-U-0439,2025,Overall,2021-22,42875287.0,253732514.0,13762213.0,0.0,15095120.0,2611261352.0,370650016.0,13762213.0,468110570.0,415000.0,119.0,49.0
IR-O-U-0467,2025,Overall,2023-24,52396558.0,124679797.0,10364242.0,619000.0,623475615.0,2373252271.0,1216131460.0,10364242.0,95028755.0,1868745.0,36.0,14.0
IR-O-U-0467,2025,Overall,2022-23,1178898.0,130306156.0,4145050.0,0.0,400294723.0,1453779361.0,1166316999.0,4145050.0,147760093.0,9707450.0,47.0,23.0
IR-O-U-0467,2025,Overall,2021-22,3296375.0,306156312.0,11207208.0,675000.0,426347711.0,1463451612.0,984356624.0,11207208.0,165680107.0,10709581.0,43.0,14.0
IR-O-U-0701,2025,Overall,2023-24,33059889.0,519202989.0,12639361.0,0.0,,2190139688.0,1537627120.0,42421440.0,442254499.0,9759083.0,453.0,100.0
IR-O-U-0701,2025,Overall,2022-23,90573233.0,301637795.0,15429016.0,0.0,,2087636535.0,1636481738.0,23570324.0,328564287.0,408157.0,421.0,82.0
IR-O-U-0701,2025,Overall,2021-22,83885967.0,147678327.0,26504291.0,2691003.0,,1727284473.0,1335296684.0,6624328.0,290548221.0,0.0,325.0,52.0
IR-O-U-0747,2025,Overall,2023-24,59483710.0,273814749.0,9880134.0,264540.0,780251913.0,2725131560.0,,,655277000.0,0.0,160.0,129.0
IR-O-U-0747,2025,Overall,2022-23,56922211.0,329009330.0,9443035.0,220450.0,746652549.0,2633158370.0,,,641585000.0,0.0,148.0,146.0
IR-O-U-0747,2025,Overall,2021-22,53420242.0,337516188.0,9836097.0,371250.0,702366808.0,2550029710.0,,,631984600.0,0.0,120.0,101.0
IR-O-U-0079,2025,Overall,2023-24,,,,,,14830470319.0,3224765346.0,177610309.0,976761466.0,0.0,968.0,125.0
IR-O-U-0079,2025,Overall,2022-23,,,,,,13774797118.0,3671136587.0,130550262.0,710194411.0,0.0,918.0,114.0
IR-O-U-0079,2025,Overall,2021-22,,,,,,13097841662.0,3220937770.0,19514863.0,653055997.0,0.0,951.0,115.0
IR-O-U-0357,2025,Overall,2023-24,72063052.0,81511869.0,37625961.0,3989200.0,274366493.0,1438307087.0,1519387069.0,37625961.0,141807224.0,4300000.0,158.0,77.0
IR-O-U-0357,2025,Overall,2022-23,42230406.0,120611205.0,96117869.0,2785851.0,97721003.0,1220295150.0,1293886009.0,96117869.0,212303423.0,500000.0,86.0,36.0
IR-O-U-0357,2025,Overall,2021-22,20758825.0,109741407.0,23973538.0,471680.0,19294798.0,1130293351.0,1001070959.0,23973538.0,205450679.0,0.0,122.0,84.0
IR-O-U-0205,2025,Overall,2023-24,86900300.0,203212190.0,33203365.0,0.0,133980866.0,1980321612.0,1531827189.0,33203365.0,428052879.0,34042121.0,242.0,62.0
IR-O-U-0205,2025,Overall,2022-23,79785921.0,423338548.0,20185709.0,0.0,97273747.0,1710510938.0,942376807.0,20185709.0,305374620.0,3748250.0,166.0,52.0
IR-O-U-0205,2025,Overall,2021-22,108122599.0,301813602.0,9972172.0,4328508.0,138188357.0,1535808218.0,890268162.0,9972172.0,262167444.0,0.0,165.0,51.0
IR-O-U-0064,2025,Overall,2023-24,121605650.0,337272917.0,38997493.0,0.0,124005462.0,662210115.0,776352724.0,38997493.0,1208780887.0,275879539.0,110.0,
IR-O-U-0064,2025,Overall,2022-23,126432017.0,713805099.0,20723857.0,0.0,123539258.0,562171509.0,573194133.0,20723857.0,442548462.0,174538650.0,63.0,
IR-O-U-0064,2025,Overall,2021-22,96756610.0,329329209.0,14033011.0,0.0,89163954.0,466680578.0,472562854.0,14033011.0,436466319.0,6795090.0,40.0,
IR-O-U-0497,2025,Overall,2023-24,65292858.0,13991500.0,0.0,,,3908974075.0,3204534882.0,94135839.0,127972571.0,106221521.0,150.0,51.0
IR-O-U-0497,2025,Overall,2022-23,45757711.0,5231502.0,0.0,,,2432645262.0,2899206047.0,53367486.0,201477096.0,840532124.0,121.0,51.0
IR-O-U-0497,2025,Overall,2021-22,37173521.0,6654459.0,0.0,,,2287648514.0,2486037593.0,11251967.0,60961825.0,85570159.0,47.0,20.0
IR-O-U-0222,2025,Overall,2023-24,,,,,,1960513564.0,3555996185.0,35297194.0,225263878.0,157082473.0,155.0,68.0
IR-O-U-0222,2025,Overall,2022-23,,,,,,1903411498.0,3269981842.0,59123218.0,148947314.0,72301925.0,156.0,66.0
IR-O-U-0222,2025,Overall,2021-22,,,,,,1898048825.0,3861569022.0,57401183.0,260334043.0,69521082.0,125.0,62.0
IR-O-U-0139,2025,Overall,2023-24,66119918.0,199890174.0,6185036.0,227776.0,28334309.0,,,,1099233686.0,13789479.0,293.0,72.0
IR-O-U-0139,2025,Overall,2022-23,31339902.0,216414304.0,1787382.0,934063.0,13052790.0,,,,575094530.0,0.0,262.0,53.0
IR-O-U-0139,2025,Overall,2021-22,25595838.0,362655942.0,9813209.0,910237.0,16597999.0,,,,349666660.0,0.0,242.0,49.0
IR-O-U-0329,2025,Overall,2023-24,429598512.0,929207663.0,214260182.0,38858094.0,481990890.0,5048381957.0,6089495264.0,214260182.0,150990542.0,690716352.0,,
IR-O-U-0329,2025,Overall,2022-23,392278038.0,878585068.0,107042379.0,32656005.0,65255493.0,4087389801.0,5826113821.0,107042379.0,100109423.0,265074932.0,,
IR-O-U-0329,2025,Overall,2021-22,359662459.0,595648618.0,95432953.0,0.0,8477032.0,3397725995.0,5094042699.0,95432953.0,73788777.0,240900356.0,,
IR-O-U-0006,2025,Overall,2023-24,61642290.0,1020124576.0,452476636.0,16699882.0,482732694.0,,,,506520405.0,160000000.0,92.0,52.0
IR-O-U-0006,2025,Overall,2022-23,52572682.0,954634120.0,361250800.0,11133255.0,419767560.0,,,,503319397.0,157350000.0,87.0,71.0
IR-O-U-0006,2025,Overall,2021-22,40766679.0,718079188.0,216876000.0,10277000.0,381700000.0,,,,325481618.0,85438020.0,58.0,43.0
IR-O-U-0260,2025,Overall,2023-24,95559055.0,134390083.0,199393488.0,0.0,774073128.0,,,,363127216.0,142168428.0,53.0,43.0
IR-O-U-0260,2025,Overall,2022-23,94441104.0,147847409.0,190384204.0,0.0,684160010.0,,,,332000000.0,130940673.0,48.0,41.0
IR-O-U-0260,2025,Overall,2021-22,91242364.0,138377014.0,176610900.0,0.0,651838908.0,,,,262830217.0,0.0,42.0,38.0
IR-O-U-0368,2025,Overall,2023-24,118992540.0,393045726.0,346133.0,52303727.0,790457081.0,7790436751.0,,,269931212.0,4000000.0,206.0,67.0
IR-O-U-0368,2025,Overall,2022-23,111434308.0,305421042.0,436549.0,43502688.0,7654890.0,6900000000.0,,,159947362.0,3670000.0,119.0,48.0
IR-O-U-0368,2025,Overall,2021-22,62771054.0,547819161.0,162815.0,12722020.0,1805473.0,6000000000.0,,,151282823.0,0.0,129.0,44.0
IR-O-I-1480,2025,Overall,2023-24,51858067.0,196945696.0,109869511.0,173100000.0,469988655.0,,,,340729000.0,0.0,43.0,22.0
IR-O-I-1480,2025,Overall,2022-23,33629124.0,129187496.0,108295000.0,372400000.0,272784422.0,,,,108490000.0,0.0,44.0,20.0
IR-O-I-1480,2025,Overall,2021-22,28512132.0,109245176.0,88353428.0,275200000.0,204657256.0,,,,103620000.0,1050000.0,52.0,24.0
IR-O-U-0263,2025,Overall,2023-24,76443532.0,400907837.0,21845275.0,2934343.0,419475391.0,,,,153638167.0,946000.0,211.0,44.0
IR-O-U-0263,2025,Overall,2022-23,66466009.0,244789093.0,15664244.0,2584600.0,132301127.0,,,,114089183.0,767018.0,116.0,31.0
IR-O-U-0263,2025,Overall,2021-22,7724315.0,215549653.0,9019423.0,1785350.0,162225830.0,,,,109252753.0,547672.0,85.0,23.0
IR-O-U-0020,2025,Overall,2023-24,67591588.0,199225799.0,6821997.0,0.0,224773883.0,2042845770.0,652957494.0,6821997.0,112408000.0,50291600.0,279.0,
IR-O-U-0020,2025,Overall,2022-23,63137071.0,235735980.0,4169484.0,0.0,157423121.0,1641916781.0,1082207336.0,4169484.0,103573102.0,49800000.0,234.0,
IR-O-U-0020,2025,Overall,2021-22,55417148.0,81223069.0,3399268.0,0.0,49970718.0,1200468805.0,909584115.0,3399268.0,76184000.0,1658989.0,159.0,
IR-O-U-0570,2025,Overall,2023-24,1286462.0,16476403.0,65000.0,0.0,4753701.0,1984551305.0,,,149799014.0,0.0,275.0,10.0
IR-O-U-0570,2025,Overall,2022-23,5555366.0,21262211.0,134942.0,0.0,99542741.0,1804110327.0,,,146763387.0,400050.0,142.0,13.0
IR-O-U-0570,2025,Overall,2021-22,6673450.0,1899935.0,98464460.0,0.0,866493.0,1836977631.0,,,921245785.0,4744670.0,648.0,66.0
IR-O-U-0458,2025,Overall,2023-24,49825710.0,96827305.0,122264000.0,18806257.0,162887204.0,1219360285.0,731946822.0,122264000.0,25410374.0,3528760.0,28.0,14.0
IR-O-U-0458,2025,Overall,2022-23,41729006.0,95722188.0,108509777.0,20097401.0,164375109.0,1005128903.0,690873212.0,108509777.0,25047175.0,95180043.0,31.0,12.0
IR-O-U-0458,2025,Overall,2021-22,38029303.0,98865012.0,89437206.0,19726109.0,180129433.0,941286045.0,667280919.0,89437206.0,1500000.0,92083759.0,237.0,120.0
IR-O-U-0379,2025,Overall,2023-24,,,,,,2676304594.0,1166444473.0,8711763.0,2119529.0,38324589.0,62.0,12.0
IR-O-U-0379,2025,Overall,2022-23,,,,,,2221724117.0,1276316715.0,6092645.0,2223000.0,64110734.0,1014.0,108.0
IR-O-U-0379,2025,Overall,2021-22,,,,,,1766256850.0,1288607253.0,2345026.0,5680000.0,46276142.0,176.0,16.0
IR-O-U-0253,2025,Overall,2023-24,28894405.0,839068856.0,47291787.0,1508218.0,186773796.0,1980157991.0,565395418.0,47291787.0,1215165139.0,60944629.0,193.0,
IR-O-U-0253,2025,Overall,2022-23,33478959.0,239994170.0,34531795.0,800433.0,50237642.0,2017421882.0,381402411.0,34531795.0,853721689.0,36055869.0,139.0,
IR-O-U-0253,2025,Overall,2021-22,33127079.0,53126381.0,8562360.0,393558.0,38757126.0,1900883142.0,165943678.0,8562360.0,108458653.0,44154427.0,115.0,
IR-O-U-0476,2025,Overall,2023-24,59395774.0,287566940.0,90700234.0,0.0,504937398.0,1152583960.0,1918266423.0,90700234.0,290180703.0,185141150.0,84.0,22.0
IR-O-U-0476,2025,Overall,2022-23,46232672.0,449405590.0,88756156.0,6370252.0,705309031.0,1049981956.0,1274933781.0,88756156.0,539685492.0,120536300.0,73.0,18.0
IR-O-U-0476,2025,Overall,2021-22,33739883.0,411204068.0,45032414.0,0.0,1684946106.0,886185978.0,532275068.0,45032414.0,105126356.0,128255235.0,87.0,14.0
IR-O-U-0052,2025,Overall,2023-24,67287342.0,157098245.0,28942188.0,892000.0,242823353.0,,,,656120864.0,0.0,159.0,32.0
IR-O-U-0052,2025,Overall,2022-23,37606199.0,125952605.0,32556877.0,785000.0,297562863.0,,,,437762328.0,0.0,118.0,37.0
IR-O-U-0052,2025,Overall,2021-22,34323090.0,38919801.0,30285960.0,735000.0,284937050.0,,,,214663539.0,0.0,114.0,30.0
IR-O-U-0027,2025,Overall,2023-24,,,,,,6537500000.0,1924000000.0,83500000.0,31760774.0,54775435.0,65.0,22.0
IR-O-U-0027,2025,Overall,2022-23,,,,,,5995987000.0,1855650000.0,35000000.0,148543926.0,53425586.0,62.0,22.0
IR-O-U-0027,2025,Overall,2021-22,,,,,,5420000000.0,1500000000.0,50000000.0,326034526.0,88766815.0,56.0,27.0
IR-O-U-0237,2025,Overall,2023-24,62311577.0,452001358.0,57511059.0,6858525.0,1039789220.0,,,,195902479.0,4456990.0,258.0,40.0
IR-O-U-0237,2025,Overall,2022-23,60292768.0,1078378262.0,91327111.0,7248536.0,833963984.0,,,,175048330.0,6647790.0,200.0,25.0
IR-O-U-0237,2025,Overall,2021-22,56502054.0,645588899.0,17595230.0,2724170.0,603768043.0,,,,476809314.0,14242191.0,222.0,64.0
IR-O-U-0305,2025,Overall,2023-24,68395822.0,282202560.0,24742673.0,0.0,45716994.0,730067921.0,660524610.0,24742673.0,990207381.0,0.0,165.0,
IR-O-U-0305,2025,Overall,2022-23,68288635.0,255432712.0,834335.0,0.0,53396892.0,673939924.0,595698749.0,834335.0,388278106.0,0.0,132.0,
IR-O-U-0305,2025,Overall,2021-22,63874512.0,276586059.0,45710.0,0.0,44069295.0,638620490.0,555577582.0,45710.0,347420087.0,0.0,157.0,
IR-O-U-0378,2025,Overall,2023-24,59215538.0,317943911.0,5179903.0,0.0,764043847.0,,,,645010502.0,8752917.0,206.0,43.0
IR-O-U-0378,2025,Overall,2022-23,75746137.0,213322815.0,2268087.0,0.0,12459316.0,,,,552857140.0,6275600.0,141.0,32.0
IR-O-U-0378,2025,Overall,2021-22,39879613.0,175879552.0,9914230.0,0.0,19760201.0,,,,103527107.0,5593684.0,122.0,20.0
IR-O-U-0078,2025,Overall,2023-24,,,,,,6606015727.0,1186084017.0,8299604.0,417827398.0,150015816.0,143.0,48.0
IR-O-U-0078,2025,Overall,2022-23,,,,,,5655246239.0,1189606063.0,8384773.0,198419807.0,67132788.0,275.0,94.0
IR-O-U-0078,2025,Overall,2021-22,,,,,,5032443503.0,1329350192.0,2460256.0,217853669.0,28310647.0,261.0,26.0
IR-O-U-0184,2025,Overall,2023-24,72507108.0,107640688.0,145737145.0,22864463.0,71658477.0,,,,286285292.0,53231169.0,195.0,56.0
IR-O-U-0184,2025,Overall,2022-23,70004195.0,89947259.0,70111888.0,3744375.0,70457332.0,,,,156523142.0,42848404.0,170.0,48.0
IR-O-U-0184,2025,Overall,2021-22,35101891.0,37610048.0,46767696.0,387553.0,27833959.0,,,,114230547.0,3809631.0,163.0,37.0
IR-O-U-0196,2025,Overall,2023-24,36901055.0,263430210.0,12867510.0,13222083.0,124455443.0,3146970459.0,291689004.0,12867510.0,124445131.0,11200000.0,52.0,14.0
IR-O-U-0196,2025,Overall,2022-23,28179873.0,214768025.0,6673909.0,4091066.0,118035596.0,3131684339.0,232281000.0,6673909.0,132519953.0,8800000.0,84.0,14.0
IR-O-U-0196,2025,Overall,2021-22,29453805.0,217191300.0,6787189.0,4854541.0,100189193.0,2734970580.0,149786066.0,6787189.0,374644089.0,8800000.0,108.0,25.0
IR-O-U-0236,2025,Overall,2023-24,39846000.0,586654000.0,,,,4685516000.0,3353371000.0,7845081.0,4868080956.0,1.0,387.0,130.0
IR-O-U-0236,2025,Overall,2022-23,38431000.0,309061000.0,,,,4814314000.0,2165206000.0,113427770.0,3306729656.0,0.0,350.0,114.0
IR-O-U-0236,2025,Overall,2021-22,37100000.0,468109000.0,,,,3858884000.0,1566357000.0,18220.0,521910204.0,0.0,359.0,99.0
IR-O-U-0448,2025,Overall,2023-24,2031184.0,106966807.0,1320000.0,2234153.0,14132078.0,739706394.0,175739243.0,1320000.0,440294426.0,3816247.0,73.0,22.0
IR-O-U-0448,2025,Overall,2022-23,2713000.0,36539014.0,148086.0,1166000.0,7300000.0,773117000.0,326089000.0,148086.0,348595849.0,2856450.0,60.0,21.0
IR-O-U-0448,2025,Overall,2021-22,2408620.0,30315317.0,14879.0,218850.0,1901268.0,714016696.0,205017421.0,14879.0,288930305.0,1124500.0,59.0,28.0
IR-O-U-0098,2025,Overall,2023-24,29908027.0,38927080.0,6255671.0,0.0,430554226.0,,,,54393604.0,14779800.0,15.0,15.0
IR-O-U-0098,2025,Overall,2022-23,39921321.0,147431818.0,73233018.0,27766.0,44492741.0,,,,79947708.0,17625000.0,15.0,15.0
IR-O-U-0098,2025,Overall,2021-22,24848269.0,112009710.0,71455537.0,50000.0,32185627.0,,,,90000000.0,17625000.0,29.0,15.0
IR-O-U-0025,2025,Overall,2023-24,,,,,,1289147390.0,1388646412.0,76575245.0,194270599.0,29406499.0,161.0,39.0
IR-O-U-0025,2025,Overall,2022-23,,,,,,1214818000.0,1181716694.0,49386214.0,158746698.0,29328619.0,220.0,20.0
IR-O-U-0025,2025,Overall,2021-22,,,,,,1028599459.0,871437903.0,29020967.0,87901729.0,17252743.0,52.0,17.0
IR-O-U-0564,2025,Overall,2023-24,257356409.0,75185110.0,2232560.0,1557600.0,104601981.0,2415085447.0,,,43199371.0,0.0,27.0,12.0
IR-O-U-0564,2025,Overall,2022-23,168978262.0,93564008.0,18561117.0,3699300.0,49580957.0,2081993458.0,,,17671962.0,0.0,20.0,10.0
IR-O-U-0564,2025,Overall,2021-22,114353679.0,13824764.0,904099.0,438960.0,24847925.0,2144124366.0,,,29374825.0,0.0,23.0,13.0
IR-O-U-0308,2025,Overall,2023-24,15522040.0,211971151.0,600000.0,0.0,48935404.0,,,,477771727.0,1869450.0,219.0,123.0
IR-O-U-0308,2025,Overall,2022-23,23889715.0,250796339.0,960097.0,0.0,38870514.0,,,,298108295.0,1230000.0,171.0,96.0
IR-O-U-0308,2025,Overall,2021-22,8463850.0,186985003.0,700000.0,1233061.0,40727980.0,,,,415594558.0,1451400.0,197.0,107.0
IR-O-U-0395,2025,Overall,2023-24,86170909.0,610190453.0,1978328.0,8556183.0,195527316.0,,,,522852574.0,257702660.0,360.0,74.0
IR-O-U-0395,2025,Overall,2022-23,109871530.0,365488037.0,917395.0,9336136.0,385635193.0,,,,371553394.0,86792326.0,269.0,49.0
IR-O-U-0395,2025,Overall,2021-22,31578203.0,396024778.0,17230645.0,205250.0,165797521.0,,,,477446648.0,30967250.0,220.0,43.0
IR-O-U-0572,2025,Overall,2023-24,75481126.0,272155095.0,0.0,0.0,58976086.0,,,,302974714.0,0.0,150.0,31.0
IR-O-U-0572,2025,Overall,2022-23,76880672.0,176673019.0,0.0,0.0,89873747.0,,,,267089425.0,0.0,160.0,30.0
IR-O-U-0572,2025,Overall,2021-22,67843088.0,94615002.0,0.0,0.0,76563822.0,,,,240636607.0,0.0,188.0,28.0
IR-O-I-1357,2025,Overall,2023-24,23044000.0,33440000.0,4419000.0,17500000.0,385616000.0,1114273024.0,645184100.0,4419000.0,235105776.0,9099380.0,,
IR-O-I-1357,2025,Overall,2022-23,10260000.0,285068000.0,13564000.0,17500000.0,98912000.0,993038188.0,514664000.0,13564000.0,222156177.0,3641420.0,,
IR-O-I-1357,2025,Overall,2021-22,7008884.0,8609035.0,1134871.0,992975.0,4643133.0,904785013.0,724194690.0,1134871.0,212005920.0,1779095.0,,
IR-O-U-0498,2025,Overall,2023-24,49102050.0,48521502.0,10252100.0,,,1175276390.0,302512030.0,1456290.0,274856210.0,5135600.0,71.0,27.0
IR-O-U-0498,2025,Overall,2022-23,46176100.0,42704000.0,9227350.0,,,979396992.0,283852000.0,1224327.0,213740800.0,3054000.0,64.0,22.0
IR-O-U-0498,2025,Overall,2021-22,38450200.0,39452800.0,8720520.0,,,740866348.0,215279500.0,765240.0,134025000.0,2200500.0,56.0,17.0
IR-O-U-0377,2025,Overall,2023-24,,,,,,588305348.0,511814421.0,11338463.0,308139950.0,800000.0,126.0,15.0
IR-O-U-0377,2025,Overall,2022-23,,,,,,516423278.0,411855636.0,6569070.0,191680249.0,2849999.0,101.0,15.0
IR-O-U-0377,2025,Overall,2021-22,,,,,,453027864.0,370605627.0,5186914.0,205551622.0,3955100.0,89.0,15.0
IR-O-I-1110,2025,Overall,2023-24,140602286.0,301250443.0,0.0,0.0,162734391.0,3192117173.0,,,29491388.0,19785000.0,20.0,14.0
IR-O-I-1110,2025,Overall,2022-23,109763422.0,79856386.0,0.0,0.0,127601952.0,2783494226.0,,,12884843.0,8770000.0,62.0,32.0
IR-O-I-1110,2025,Overall,2021-22,64556912.0,171705593.0,0.0,0.0,158463114.0,2596258744.0,,,3333795.0,5655000.0,63.0,13.0
IR-O-U-0555,2025,Overall,2023-24,213916800.0,316857262.0,3580080.0,7463689.0,,1359840216.0,761589844.0,0.0,5232587.0,3815301.0,8.0,6.0
IR-O-U-0555,2025,Overall,2022-23,110787420.0,64938855.0,2436065.0,595118.0,,752859355.0,1209319635.0,3749524.0,5482266.0,3649322.0,21.0,16.0
IR-O-U-0555,2025,Overall,2021-22,31756000.0,407675000.0,3056560.0,550000.0,,422951812.0,1017590315.0,1396560.0,6405692.0,48200000.0,55.0,13.0
IR-O-U-0435,2025,Overall,2023-24,417460.0,18700602.0,4027769.0,577718.0,3531327.0,848991878.0,318622608.0,4027769.0,166816254.0,2368200.0,41.0,12.0
IR-O-U-0435,2025,Overall,2022-23,343690.0,21920880.0,1719793.0,474259.0,1092535.0,769974705.0,252486737.0,1719793.0,147013386.0,2436700.0,13.0,10.0
IR-O-U-0435,2025,Overall,2021-22,549195.0,17033957.0,1262610.0,157639.0,17129410.0,720795255.0,214074380.0,1262610.0,160407480.0,2320100.0,31.0,10.0
IR-O-U-0107,2025,Overall,2023-24,6595986.0,138768384.0,3662431.0,1136782.0,333413414.0,2960106961.0,478775957.0,3662431.0,228658177.0,2000000.0,110.0,15.0
IR-O-U-0107,2025,Overall,2022-23,6090335.0,156992188.0,4284567.0,1223756.0,270612196.0,2842763864.0,472355024.0,4284567.0,224794060.0,2000000.0,133.0,16.0
IR-O-U-0107,2025,Overall,2021-22,4916595.0,36398200.0,1647131.0,0.0,36346445.0,1958354346.0,379546219.0,1647131.0,231920100.0,50000.0,132.0,13.0
IR-O-U-0272,2025,Overall,2023-24,72644901.0,400243906.0,53670604.0,0.0,154256756.0,,,,355549754.0,365200.0,195.0,37.0
IR-O-U-0272,2025,Overall,2022-23,49207477.0,285659387.0,36073438.0,0.0,26719057.0,,,,187513362.0,1125000.0,194.0,31.0
IR-O-U-0272,2025,Overall,2021-22,63554132.0,152051546.0,46860663.0,0.0,20379817.0,,,,245800453.0,0.0,144.0,27.0
IR-O-U-0447,2025,Overall,2023-24,10344527.0,26424796.0,3544789.0,256700.0,115740972.0,623474630.0,329647419.0,3544789.0,271129694.0,417500.0,,
IR-O-U-0447,2025,Overall,2022-23,9184552.0,76732259.0,4527989.0,349976.0,7393562.0,782967318.0,597111023.0,4527989.0,136859509.0,585000.0,,
IR-O-U-0447,2025,Overall,2021-22,7282378.0,123631111.0,8523047.0,0.0,5921733.0,723176549.0,221205684.0,8523047.0,313507185.0,590000.0,,
IR-O-U-0410,2025,Overall,2023-24,41769208.0,144640332.0,5608988.0,2647100.0,157768265.0,1115926229.0,648184814.0,10590418.0,426794000.0,5678335.0,35.0,22.0
IR-O-U-0410,2025,Overall,2022-23,44422715.0,194057394.0,0.0,492000.0,54480323.0,1025257809.0,393252055.0,8379698.0,112858802.0,784715.0,47.0,23.0
IR-O-U-0410,2025,Overall,2021-22,22127897.0,18038747.0,0.0,0.0,19390781.0,988181636.0,399877947.0,4030327.0,123237780.0,231635.0,27.0,14.0
IR-O-U-0691,2025,Overall,2023-24,76311327.0,376819108.0,741811.0,0.0,264639895.0,3527906187.0,516648200.0,741811.0,299503287.0,166020.0,,
IR-O-U-0691,2025,Overall,2022-23,62895059.0,167469570.0,199831.0,2700000.0,44603744.0,3729055669.0,1970316626.0,199831.0,128354645.0,120000.0,,
IR-O-U-0691,2025,Overall,2021-22,58970318.0,413923535.0,306182.0,0.0,46120159.0,2779235283.0,2550873924.0,306182.0,41404352.0,0.0,,
IR-O-U-0262,2025,Overall,2023-24,35545090.0,256107790.0,22140013.0,4203150.0,1454133109.0,,,,2034207991.0,39170820.0,156.0,47.0
IR-O-U-0262,2025,Overall,2022-23,20452193.0,0.0,18972572.0,14230584.0,40785558.0,,,,1515973524.0,18803480.0,185.0,40.0
IR-O-U-0262,2025,Overall,2021-22,16294722.0,0.0,9675323.0,0.0,20442306.0,,,,1399179447.0,9475862.0,76.0,37.0
IR-O-U-0355,2025,Overall,2023-24,58806327.0,83581192.0,2198894.0,26291158.0,51297728.0,777904322.0,820515583.0,14004776.0,237705618.0,2103979.0,171.0,52.0
IR-O-U-0355,2025,Overall,2022-23,65953715.0,84957225.0,19118290.0,77337956.0,49849095.0,581795856.0,560022071.0,7116896.0,91831203.0,0.0,177.0,44.0
IR-O-U-0355,2025,Overall,2021-22,96036283.0,73151007.0,22133973.0,10095880.0,44266661.0,481787058.0,489765903.0,3978935.0,152520000.0,0.0,171.0,31.0
IR-O-U-0381,2025,Overall,2023-24,,,,,,6021980294.0,608533793.0,47102057.0,1227127252.0,368167245.0,551.0,180.0
IR-O-U-0381,2025,Overall,2022-23,,,,,,5061818679.0,553480081.0,53975971.0,1273130173.0,2067100.0,480.0,186.0
IR-O-U-0381,2025,Overall,2021-22,,,,,,4718723938.0,527644630.0,36035116.0,1335712951.0,1822877.0,545.0,167.0
IR-O-C-16604,2025,Overall,2023-24,7348606.0,45115655.0,5441176.0,20582505.0,62722890.0,,,,125391794.0,11793289.0,82.0,16.0
IR-O-C-16604,2025,Overall,2022-23,6725849.0,35256454.0,3018913.0,5793705.0,61123616.0,,,,19259753.0,18671250.0,54.0,16.0
IR-O-C-16604,2025,Overall,2021-22,6454349.0,27910253.0,1910329.0,5296895.0,60828507.0,,,,20713566.0,15541242.0,47.0,12.0
IR-O-U-0523,2025,Overall,2023-24,47127813.0,755610185.0,1560445.0,614765.0,1811397075.0,,,,678623759.0,7874043.0,339.0,110.0
IR-O-U-0523,2025,Overall,2022-23,48390040.0,455841197.0,199478.0,5404807.0,650582434.0,,,,213985456.0,3045420.0,289.0,66.0
IR-O-U-0523,2025,Overall,2021-22,41259490.0,406162105.0,0.0,0.0,71525593.0,,,,256845590.0,2094582.0,239.0,66.0
IR-O-U-0295,2025,Overall,2023-24,90784169.0,394202623.0,4909129.0,9116954.0,163078889.0,2712005617.0,,,176934831.0,30957060.0,168.0,62.0
IR-O-U-0295,2025,Overall,2022-23,78685858.0,425641473.0,4453760.0,8271269.0,131238729.0,2161637517.0,,,323814740.0,24755750.0,141.0,58.0
IR-O-U-0295,2025,Overall,2021-22,77325277.0,223989563.0,3153674.0,0.0,64926339.0,1915978104.0,,,89681517.0,24100000.0,113.0,41.0
IR-O-U-0642,2025,Overall,2023-24,80857461.0,376154173.0,0.0,3068727.0,168211016.0,,,,77300680.0,66800000.0,50.0,10.0
IR-O-U-0642,2025,Overall,2022-23,107028283.0,253670952.0,0.0,1429619.0,235300286.0,,,,46955000.0,44000000.0,72.0,15.0
IR-O-U-0642,2025,Overall,2021-22,1970710.0,156150555.0,12794497.0,3644713.0,62637384.0,,,,34877000.0,29031500.0,53.0,12.0
IR-O-U-0334,2025,Overall,2023-24,20535132.0,61888764.0,282807.0,181404.0,187391115.0,,,,104169767.0,0.0,140.0,66.0
IR-O-U-0334,2025,Overall,2022-23,19088000.0,56149000.0,5243056.0,618944.0,247250000.0,,,,140356863.0,0.0,160.0,53.0
IR-O-U-0334,2025,Overall,2021-22,26194000.0,79920000.0,963000.0,562676.0,276775181.0,,,,175267210.0,0.0,97.0,59.0
IR-O-U-0195,2025,Overall,2023-24,31310570.0,46141735.0,2820937.0,2740000.0,34689108.0,2648294000.0,,,338391990.0,3324000.0,97.0,12.0
IR-O-U-0195,2025,Overall,2022-23,24037492.0,39511142.0,370000.0,1850675.0,32978079.0,2806483036.0,,,298855422.0,2140000.0,72.0,12.0
IR-O-U-0195,2025,Overall,2021-22,19743419.0,38182882.0,64000.0,130000.0,21899891.0,2231394000.0,,,195141072.0,0.0,56.0,11.0
IR-O-U-0485,2025,Overall,2023-24,17156510.0,153936992.0,16363863.0,2711936.0,293369741.0,6523599444.0,1935401990.0,16363863.0,774455514.0,3448052.0,520.0,
IR-O-U-0485,2025,Overall,2022-23,10607168.0,195948967.0,10956054.0,983674.0,96292228.0,5852795807.0,1132017645.0,10956054.0,909105617.0,2948992.0,490.0,
IR-O-U-0485,2025,Overall,2021-22,10851450.0,119540188.0,13832073.0,3267870.0,50449767.0,5242152921.0,980838479.0,13832073.0,882923878.0,2578450.0,483.0,
IR-O-U-0014,2025,Overall,2023-24,15682698.0,102710067.0,9133487.0,7858061.0,18666960.0,,,,453682876.0,71210806.0,119.0,51.0
IR-O-U-0014,2025,Overall,2022-23,16658659.0,106194076.0,5152729.0,3696120.0,54805626.0,,,,531567168.0,82886440.0,116.0,46.0
IR-O-U-0014,2025,Overall,2021-22,11658174.0,41779260.0,1775260.0,27215722.0,33751307.0,,,,226745000.0,46997096.0,77.0,30.0
IR-O-U-0446,2025,Overall,2023-24,219677792.0,1188874805.0,402500.0,492932805.0,147888546.0,4229631830.0,336040662.0,402500.0,29856730.0,0.0,,
IR-O-U-0446,2025,Overall,2022-23,258010280.0,1412351105.0,121977060.0,485332433.0,218424640.0,4376492770.0,500610810.0,121977060.0,21494223.0,0.0,,
IR-O-U-0446,2025,Overall,2021-22,296421305.0,1173153892.0,121859479.0,42192902.0,221716872.0,4307321900.0,496650230.0,121859479.0,12522764.0,59940500.0,,
IR-O-U-0323,2025,Overall,2023-24,12278640.0,89560374.0,8408633.0,0.0,167443958.0,1445781605.0,,,338721516.0,9217128.0,128.0,53.0
IR-O-U-0323,2025,Overall,2022-23,15483337.0,47769484.0,8451235.0,0.0,149195803.0,1419000336.0,,,74580443.0,9473518.0,70.0,24.0
IR-O-U-0323,2025,Overall,2021-22,9535028.0,53917403.0,10536287.0,0.0,118459793.0,1364880183.0,,,389095394.0,18024000.0,60.0,15.0
IR-O-U-0318,2025,Overall,2023-24,64953196.0,307824847.0,7216609.0,0.0,603436557.0,2714666878.0,,,808462928.0,171696980.0,102.0,54.0
IR-O-U-0318,2025,Overall,2022-23,25687600.0,206647011.0,7540650.0,0.0,138289047.0,2326795820.0,,,322971435.0,106720000.0,43.0,24.0
IR-O-U-0318,2025,Overall,2021-22,48910526.0,197743111.0,6101000.0,285064.0,83848014.0,2124373377.0,,,229655578.0,56593265.0,24.0,16.0
IR-O-U-0474,2025,Overall,2023-24,160426744.0,479706659.0,92132892.0,14463091.0,224512942.0,,,,59341089.0,0.0,176.0,76.0
IR-O-U-0474,2025,Overall,2022-23,128966481.0,392681324.0,87905847.0,13611834.0,261326574.0,,,,42255257.0,0.0,158.0,71.0
IR-O-U-0474,2025,Overall,2021-22,87579803.0,357759013.0,75015251.0,9433495.0,205300487.0,,,,43713217.0,0.0,145.0,67.0
IR-O-U-0200,2025,Overall,2023-24,18570000.0,458550662.0,41681006.0,10000000.0,401584000.0,3142610000.0,158936000.0,41681006.0,1697643867.0,220000.0,213.0,
IR-O-U-0200,2025,Overall,2022-23,2273078.0,52318982.0,33779706.0,100000.0,27774047.0,3178705000.0,151702000.0,33779706.0,229336549.0,175000.0,205.0,
IR-O-U-0200,2025,Overall,2021-22,8140000.0,24100000.0,36000000.0,100000.0,25000000.0,1865235000.0,29195000.0,36000000.0,412040000.0,150000.0,189.0,
IR-O-N-10,2025,Overall,2023-24,60524328.0,35362759.0,29111639.0,0.0,516677396.0,3177290084.0,1813649045.0,29111639.0,26181426.0,49174412.0,26.0,20.0
IR-O-N-10,2025,Overall,2022-23,36765437.0,7956504.0,10844053.0,0.0,618470424.0,2673519373.0,2596054643.0,10844053.0,35146932.0,52551858.0,35.0,28.0
IR-O-N-10,2025,Overall,2021-22,34667327.0,7134695.0,19135725.0,378119.0,368752047.0,2422057867.0,3190082730.0,19135725.0,26126190.0,66668658.0,43.0,29.0
IR-O-U-0217,2025,Overall,2023-24,126271597.0,162465975.0,30402137.0,62404691.0,378879197.0,2722395375.0,954651133.0,,83726801.0,28449188.0,60.0,35.0
IR-O-U-0217,2025,Overall,2022-23,112145715.0,138737355.0,16284627.0,73980032.0,367402108.0,2445917204.0,846822538.0,,32186597.0,22660500.0,47.0,31.0
IR-O-U-0217,2025,Overall,2021-22,93680705.0,69956912.0,6320671.0,4776017.0,274265970.0,2031331759.0,746335763.0,,28164497.0,21295000.0,29.0,17.0
IR-O-U-0055,2025,Overall,2023-24,88560600.0,77580942.0,29587637.0,0.0,52186849.0,890373102.0,521900561.0,29587637.0,156287183.0,0.0,82.0,29.0
IR-O-U-0055,2025,Overall,2022-23,84602832.0,73671825.0,27954134.0,0.0,48461935.0,807348905.0,445997512.0,27954134.0,124431536.0,0.0,56.0,23.0
IR-O-U-0055,2025,Overall,2021-22,76142442.0,69765676.0,17602092.0,0.0,44063602.0,687260400.0,420066763.0,17602092.0,115848880.0,0.0,32.0,11.0
IR-O-U-0749,2025,Overall,2023-24,1983469.0,272358387.0,28151107.0,0.0,267545711.0,1040928453.0,2357240283.0,28151107.0,128653608.0,8583962.0,11.0,
IR-O-U-0749,2025,Overall,2022-23,1341276.0,120909986.0,10196516.0,0.0,164436036.0,799599695.0,1298817665.0,10196516.0,154374341.0,4981870.0,21.0,
IR-O-U-0749,2025,Overall,2021-22,44290931.0,40050495.0,8911637.0,0.0,80558629.0,659158108.0,694349075.0,8911637.0,35302812.0,2992627.0,23.0,
IR-O-U-0739,2025,Overall,2023-24,20002976.0,122933791.0,27879069.0,,,858494953.0,746798260.0,30849341.0,219866400.0,3901456.0,224.0,65.0
IR-O-U-0739,2025,Overall,2022-23,18800091.0,67175869.0,26369844.0,,,432691092.0,380527792.0,28420219.0,33700138.0,2132781.0,192.0,54.0
IR-O-U-0739,2025,Overall,2021-22,1304126.0,65933979.0,1583544.0,,,416700379.0,150924909.0,4418347.0,6600138.0,1823863.0,180.0,43.0
IR-O-U-0688,2025,Overall,2023-24,37495613.0,237548068.0,36590560.0,857627.0,250193913.0,,,,145485462.0,4459142.0,102.0,30.0
IR-O-U-0688,2025,Overall,2022-23,80832357.0,316311563.0,68339317.0,171200.0,54666094.0,,,,138047648.0,1168464.0,108.0,32.0
IR-O-U-0688,2025,Overall,2021-22,11945521.0,353756340.0,32294662.0,775340.0,11804204.0,,,,137735999.0,595997.0,100.0,28.0
IR-E-U-0456,2025,Engineering,2023-24,806445055.0,4831269000.0,116334120.0,,,6606258824.0,9352587670.0,116334120.0,9563110074.0,3949276519.0,794.0,122.0
IR-E-U-0456,2025,Engineering,2022-23,803415910.0,5097869999.0,151382796.0,,,5264103350.0,8190818672.0,151382796.0,5896783694.0,2587444013.0,694.0,110.0
IR-E-U-0456,2025,Engineering,2021-22,1062045121.0,4525906053.0,108033204.0,,,6441607707.0,7509570465.0,108033204.0,5046126347.0,2224530543.0,569.0,107.0
IR-E-I-1074,2025,Engineering,2023-24,127478339.0,2563276596.0,5271461.0,,,,,,3672207091.0,475309217.0,1006.0,409.0
IR-E-I-1074,2025,Engineering,2022-23,2754683233.0,2521491633.0,2429151.0,,,,,,3302728430.0,659733684.0,589.0,242.0
IR-E-I-1074,2025,Engineering,2021-22,1396232731.0,2372989697.0,44456874.0,,,,,,3748347370.0,431097403.0,714.0,213.0
IR-E-U-0306,2025,Engineering,2023-24,177105628.0,2817100804.0,0.0,,,8342255381.0,4638375571.0,247557830.0,5922600459.0,1252079611.0,1572.0,522.0
IR-E-U-0306,2025,Engineering,2022-23,26225709.0,3091659479.0,82044432.0,,,6396252265.0,2047321211.0,24835283.0,4698636372.0,996328396.0,1363.0,438.0
IR-E-U-0306,2025,Engineering,2021-22,375450963.0,859086724.0,99980000.0,,,6014661181.0,1774612987.0,9177625.0,3529635725.0,668000000.0,1305.0,347.0
IR-E-I-1075,2025,Engineering,2023-24,156200000.0,1103242000.0,55400000.0,,,4016034700.0,5307317000.0,55400000.0,2251507600.0,1141108000.0,1155.0,
IR-E-I-1075,2025,Engineering,2022-23,149393000.0,1096116000.0,51100000.0,,,3474908000.0,4632930000.0,51100000.0,2065396000.0,699753000.0,1004.0,
IR-E-I-1075,2025,Engineering,2021-22,137118500.0,634400900.0,46800000.0,,,3132324000.0,3931518000.0,46800000.0,2255285600.0,356079800.0,981.0,
IR-E-U-0573,2025,Engineering,2023-24,292391110.0,1489775765.0,0.0,,,,,,1601700000.0,433400000.0,892.0,217.0
IR-E-U-0573,2025,Engineering,2022-23,598787058.0,703133435.0,0.0,,,,,,1930832137.0,347422304.0,956.0,337.0
IR-E-U-0573,2025,Engineering,2021-22,202373250.0,501755239.0,3106781.0,,,,,,1610855181.0,269468905.0,931.0,330.0
IR-E-U-0560,2025,Engineering,2023-24,862282938.0,1350582040.0,128418129.0,,,,,,1126684770.0,927425306.0,266.0,82.0
IR-E-U-0560,2025,Engineering,2022-23,476369600.0,792417985.0,12625688.0,,,,,,1024078762.0,831498032.0,174.0,79.0
IR-E-U-0560,2025,Engineering,2021-22,306487803.0,766703384.0,17442828.0,,,,,,773700969.0,573523568.0,192.0,54.0
IR-E-U-0013,2025,Engineering,2023-24,400422417.0,337408737.0,0.0,,,,,,1292105324.0,185327716.0,181.0,81.0
IR-E-U-0013,2025,Engineering,2022-23,222495370.0,354297902.0,0.0,,,,,,797745442.0,173626396.0,315.0,113.0
IR-E-U-0013,2025,Engineering,2021-22,135612446.0,360785745.0,600000.0,,,,,,218555338.0,245978922.0,84.0,63.0
IR-E-U-0053,2025,Engineering,2023-24,494657138.0,508454775.0,54514323.0,,,1977540053.0,1323045038.0,54514323.0,1309086996.0,305168068.0,348.0,
IR-E-U-0053,2025,Engineering,2022-23,678091009.0,235455283.0,71141200.0,,,1733706888.0,816288401.0,71141200.0,1441008219.0,350393610.0,326.0,
IR-E-U-0053,2025,Engineering,2021-22,689764913.0,317752248.0,12197738.0,,,1655960697.0,738569173.0,12197738.0,1398800000.0,114400000.0,304.0,
IR-E-U-0467,2025,Engineering,2023-24,574093111.0,120177797.0,9543340.0,,,2290968575.0,1154849874.0,9543340.0,90926435.0,69245606.0,35.0,13.0
IR-E-U-0467,2025,Engineering,2022-23,369420501.0,128400156.0,4145050.0,,,1377511528.0,1115508711.0,4145050.0,146347187.0,75824673.0,46.0,22.0
IR-E-U-0467,2025,Engineering,2021-22,395519048.0,301048112.0,10396829.0,,,1389753614.0,940335091.0,10396829.0,165680107.0,55499208.0,43.0,14.0
IR-E-U-0701,2025,Engineering,2023-24,33059889.0,519202989.0,12639361.0,,,2190139688.0,1537627120.0,42421440.0,442254499.0,278195895.0,453.0,100.0
IR-E-U-0701,2025,Engineering,2022-23,90573233.0,301637795.0,15429016.0,,,2087636535.0,1636481738.0,23570324.0,328564287.0,242974613.0,421.0,82.0
IR-E-U-0701,2025,Engineering,2021-22,83885967.0,147678327.0,26504291.0,,,1727284473.0,1337987687.0,6624328.0,290548221.0,193158980.0,325.0,52.0
IR-E-U-0391,2025,Engineering,2023-24,366113895.0,1165650385.0,40912932.0,,,3725161835.0,3426103337.0,40912932.0,339151004.0,54007893.0,,
IR-E-U-0391,2025,Engineering,2022-23,128863803.0,555363054.0,14400859.0,,,3165020733.0,2748281657.0,14400859.0,229055816.0,33178378.0,,
IR-E-U-0391,2025,Engineering,2021-22,157127208.0,303952781.0,1102634.0,,,2415679120.0,1062120142.0,1102634.0,167828699.0,19870530.0,,
IR-E-U-0273,2025,Engineering,2023-24,57909848.0,177000729.0,30840722.0,,,822579933.0,724344355.0,30840722.0,502903454.0,108020927.0,265.0,64.0
IR-E-U-0273,2025,Engineering,2022-23,91974617.0,259181099.0,24535200.0,,,667850076.0,569258068.0,24535200.0,330254903.0,49463820.0,174.0,39.0
IR-E-U-0273,2025,Engineering,2021-22,54747127.0,112076792.0,8881716.0,,,558261242.0,439197669.0,8881716.0,220649268.0,34639900.0,206.0,30.0
IR-E-U-0357,2025,Engineering,2023-24,32045464.0,81207466.0,9887425.0,,,1394971217.0,1517895710.0,37382657.0,138490473.0,457918902.0,150.0,73.0
IR-E-U-0357,2025,Engineering,2022-23,39567888.0,120588734.0,2315423.0,,,1181712095.0,1287896551.0,95498663.0,212038115.0,283064434.0,82.0,34.0
IR-E-U-0357,2025,Engineering,2021-22,20657104.0,109660339.0,40950683.0,,,1093638806.0,998922761.0,25776304.0,204226679.0,33772484.0,119.0,81.0
IR-E-U-0473,2025,Engineering,2023-24,155516577.0,646091459.0,0.0,,,,,,121100592.0,10219047.0,106.0,26.0
IR-E-U-0473,2025,Engineering,2022-23,125892982.0,523020643.0,127226147.0,,,,,,156143832.0,59590517.0,294.0,175.0
IR-E-U-0473,2025,Engineering,2021-22,114448165.0,475473312.0,115660134.0,,,,,,84320696.0,10569019.0,95.0,22.0
IR-E-U-0205,2025,Engineering,2023-24,133980866.0,203212190.0,3705514.0,,,,,,428052879.0,173660000.0,242.0,62.0
IR-E-U-0205,2025,Engineering,2022-23,97273747.0,423338548.0,1243910.0,,,,,,305374620.0,29093817.0,166.0,52.0
IR-E-U-0205,2025,Engineering,2021-22,138188357.0,306142110.0,189722.0,,,,,,262167444.0,45994293.0,165.0,51.0
IR-E-U-0490,2025,Engineering,2023-24,824821570.0,659556045.0,8628067.0,,,,,,274967689.0,39593169.0,177.0,28.0
IR-E-U-0490,2025,Engineering,2022-23,584456945.0,412190251.0,3320766.0,,,,,,139097324.0,26472034.0,146.0,30.0
IR-E-U-0490,2025,Engineering,2021-22,418975781.0,152746414.0,3942784.0,,,,,,225184388.0,22015325.0,127.0,23.0
IR-E-U-0237,2025,Engineering,2023-24,1039789220.0,452001358.0,9810600.0,,,1458058274.0,1796968475.0,9810600.0,195902479.0,257977627.0,258.0,40.0
IR-E-U-0237,2025,Engineering,2022-23,833963984.0,1078378262.0,449654.0,,,1341309464.0,1364427692.0,449654.0,175048330.0,234728359.0,200.0,25.0
IR-E-U-0237,2025,Engineering,2021-22,603768043.0,645588899.0,3009463.0,,,1219057190.0,1391304458.0,3009463.0,476809314.0,128792413.0,222.0,64.0
IR-E-U-0575,2025,Engineering,2023-24,19443712.0,66465930.0,22897438.0,,,1186392330.0,958482021.0,22897438.0,252945154.0,301310834.0,,
IR-E-U-0575,2025,Engineering,2022-23,11865375.0,50965101.0,6497585.0,,,1179256961.0,931981079.0,6497585.0,248817816.0,274038412.0,,
IR-E-U-0575,2025,Engineering,2021-22,5142626.0,38716259.0,8329818.0,,,1158946874.0,705183857.0,8329818.0,178407096.0,163177698.0,,
IR-E-U-0064,2025,Engineering,2023-24,124005462.0,337272917.0,38997493.0,,,662210115.0,776352724.0,38997493.0,1008780881.0,185680956.0,100.0,51.0
IR-E-U-0064,2025,Engineering,2022-23,123539258.0,713805099.0,20723857.0,,,562171509.0,573194133.0,20723857.0,442548462.0,68554178.0,63.0,29.0
IR-E-U-0064,2025,Engineering,2021-22,89163954.0,329329209.0,14033011.0,,,466680578.0,472562854.0,14033011.0,436466319.0,30426008.0,40.0,16.0
IR-E-U-0439,2025,Engineering,2023-24,18345223.0,302135061.0,34558630.0,,,3173383106.0,558724720.0,34558630.0,224404428.0,546873844.0,,
IR-E-U-0439,2025,Engineering,2022-23,26078907.0,188876533.0,18312596.0,,,2853192994.0,687243463.0,18312596.0,383628283.0,373820101.0,,
IR-E-U-0439,2025,Engineering,2021-22,13185090.0,251514796.0,13709721.0,,,2522026452.0,366998019.0,13709721.0,466908070.0,217455548.0,,
IR-E-U-0263,2025,Engineering,2023-24,351762529.0,336669641.0,25374403.0,,,1955710816.0,899892830.0,25374403.0,147936167.0,19887360.0,,
IR-E-U-0263,2025,Engineering,2022-23,106702508.0,201472515.0,26533973.0,,,1360714585.0,1018281795.0,26533973.0,111570183.0,10989802.0,,
IR-E-U-0263,2025,Engineering,2021-22,130898712.0,183026402.0,20042414.0,,,1315871601.0,573976865.0,20042414.0,107390753.0,10137649.0,,
IR-E-U-0363,2025,Engineering,2023-24,177900208.0,881895400.0,61655745.0,,,1966393335.0,1882369542.0,61655745.0,82682000.0,158050000.0,88.0,42.0
IR-E-U-0363,2025,Engineering,2022-23,118605394.0,676205713.0,29010990.0,,,1520808097.0,1589537456.0,29010990.0,74215000.0,142550000.0,61.0,27.0
IR-E-U-0363,2025,Engineering,2021-22,108885007.0,567421951.0,17378213.0,,,1381391664.0,1414728444.0,17378213.0,76059000.0,157500000.0,63.0,28.0
IR-E-U-0436,2025,Engineering,2023-24,1756834974.0,201735686.0,23495399.0,,,2398050755.0,2737848937.0,23495399.0,501464863.0,76430935.0,,
IR-E-U-0436,2025,Engineering,2022-23,773780126.0,304576494.0,56966676.0,,,2078938324.0,1303946542.0,56966676.0,814248017.0,176719579.0,,
IR-E-U-0436,2025,Engineering,2021-22,266783031.0,273590836.0,42413665.0,,,1479385330.0,1571297334.0,42413665.0,788525004.0,115363711.0,,
IR-E-U-0108,2025,Engineering,2023-24,15262938.0,18322088.0,5095119.0,,,859520053.0,349729433.0,5095119.0,142937132.0,113969217.0,43.0,9.0
IR-E-U-0108,2025,Engineering,2022-23,13914748.0,20332972.0,907878.0,,,779087962.0,195374675.0,907878.0,136171453.0,94372176.0,37.0,9.0
IR-E-U-0108,2025,Engineering,2021-22,2880681.0,28319185.0,186883.0,,,485403050.0,72458353.0,186883.0,85800155.0,123311765.0,34.0,9.0
IR-E-U-0139,2025,Engineering,2023-24,28334309.0,199890174.0,6185036.0,,,,,,1099233686.0,91502045.0,293.0,72.0
IR-E-U-0139,2025,Engineering,2022-23,13052790.0,216414304.0,1787382.0,,,,,,575094530.0,67879352.0,262.0,53.0
IR-E-U-0139,2025,Engineering,2021-22,16597999.0,362655942.0,9813209.0,,,,,,349666660.0,29238348.0,242.0,49.0
IR-E-U-0184,2025,Engineering,2023-24,71658477.0,107640688.0,145737145.0,,,,,,286285292.0,29780944.0,195.0,56.0
IR-E-U-0184,2025,Engineering,2022-23,74201707.0,89947259.0,70111888.0,,,,,,156523142.0,9719780.0,170.0,48.0
IR-E-U-0184,2025,Engineering,2021-22,28221512.0,37610048.0,46767696.0,,,,,,114230547.0,7402472.0,163.0,37.0
IR-E-U-0395,2025,Engineering,2023-24,195527316.0,610190453.0,1978328.0,,,,,,522852574.0,220281001.0,360.0,74.0
IR-E-U-0395,2025,Engineering,2022-23,385635193.0,365488037.0,917395.0,,,,,,371553394.0,156169784.0,269.0,49.0
IR-E-U-0395,2025,Engineering,2021-22,165797521.0,396024778.0,17230645.0,,,,,,477446648.0,75242765.0,220.0,43.0
IR-E-U-0025,2025,Engineering,2023-24,72766807.0,131846194.0,76575245.0,,,1289147390.0,1388646412.0,76575245.0,194270599.0,29406499.0,161.0,39.0
IR-E-U-0025,2025,Engineering,2022-23,182281558.0,281512097.0,49386214.0,,,1214818000.0,1181716694.0,49386214.0,158746698.0,29328619.0,220.0,20.0
IR-E-U-0025,2025,Engineering,2021-22,53012681.0,148347864.0,29020967.0,,,1028599459.0,871437903.0,29020967.0,87901729.0,17252743.0,52.0,17.0
IR-E-I-1480,2025,Engineering,2023-24,452995099.0,187135390.0,45850122.0,,,2279570118.0,1927388284.0,45850122.0,89403000.0,37895000.0,43.0,22.0
IR-E-I-1480,2025,Engineering,2022-23,264133900.0,122499540.0,37958982.0,,,1849922737.0,1150849488.0,37958982.0,108490000.0,29551728.0,44.0,20.0
IR-E-I-1480,2025,Engineering,2021-22,198390554.0,103116258.0,26562393.0,,,1579525713.0,1066717610.0,26562393.0,103620000.0,37919325.0,52.0,24.0
IR-E-U-0098,2025,Engineering,2023-24,430554226.0,38927080.0,217171565.0,,,1503660663.0,653474149.0,217171565.0,54393604.0,105874704.0,,
IR-E-U-0098,2025,Engineering,2022-23,44492741.0,147431818.0,245524961.0,,,1426151762.0,913998599.0,245524961.0,79947708.0,110175366.0,,
IR-E-U-0098,2025,Engineering,2021-22,32185627.0,112009710.0,348443344.0,,,1382880330.0,608283742.0,348443344.0,90000000.0,93514471.0,,
IR-E-U-0747,2025,Engineering,2023-24,601247450.0,214901263.0,9880134.0,,,,,,211295000.0,37564000.0,71.0,55.0
IR-E-U-0747,2025,Engineering,2022-23,583735389.0,276603168.0,9443035.0,,,,,,20050000.0,39084000.0,65.0,54.0
IR-E-U-0747,2025,Engineering,2021-22,496391242.0,274040670.0,9836097.0,,,,,,48876602.0,65168800.0,52.0,45.0
IR-E-U-0378,2025,Engineering,2023-24,764043847.0,317943911.0,5179903.0,,,,,,645010502.0,90552945.0,206.0,43.0
IR-E-U-0378,2025,Engineering,2022-23,12459316.0,213322815.0,2268087.0,,,,,,552857140.0,57503417.0,141.0,32.0
IR-E-U-0378,2025,Engineering,2021-22,19760201.0,175879552.0,9914230.0,,,,,,103527107.0,47659637.0,122.0,20.0
IR-E-U-0458,2025,Engineering,2023-24,140894662.0,81182440.0,89461402.0,,,928471349.0,632904525.0,89461402.0,24691324.0,3528760.0,,
IR-E-U-0458,2025,Engineering,2022-23,142088300.0,77910681.0,80311203.0,,,851093792.0,612738499.0,80311203.0,22726594.0,83195702.0,,
IR-E-U-0458,2025,Engineering,2021-22,134520791.0,88201473.0,67582943.0,,,749358004.0,581258097.0,67582943.0,1500000.0,80139571.0,,
IR-E-U-0496,2025,Engineering,2023-24,6640000.0,22971315.0,1470071.0,,,1221925654.0,38406673.0,1470071.0,38924667.0,59885210.0,,
IR-E-U-0496,2025,Engineering,2022-23,6810400.0,20795203.0,1940789.0,,,1112746231.0,68456204.0,1940789.0,84125634.0,23075169.0,,
IR-E-U-0496,2025,Engineering,2021-22,5913672.0,11085181.0,393538.0,,,1056068812.0,26717370.0,393538.0,107488000.0,20859628.0,,
IR-E-U-0020,2025,Engineering,2023-24,236748056.0,194532939.0,5532692.0,,,1952929155.0,866168999.0,5532692.0,107326000.0,40342535.0,250.0,122.0
IR-E-U-0020,2025,Engineering,2022-23,157015985.0,237894079.0,3805340.0,,,1557882316.0,998169934.0,3805340.0,99174052.0,39539062.0,203.0,92.0
IR-E-U-0020,2025,Engineering,2021-22,43004039.0,81223069.0,3607329.0,,,1135043255.0,839594234.0,3607329.0,75045000.0,14124995.0,153.0,14.0
IR-E-U-0356,2025,Engineering,2023-24,187390894.0,548539389.0,237050503.0,,,2335833355.0,3638642640.0,237050503.0,1062884018.0,335973376.0,104.0,42.0
IR-E-U-0356,2025,Engineering,2022-23,447375565.0,67445984.0,116393055.0,,,1944389797.0,2425810549.0,116393055.0,95942430.0,296740328.0,102.0,38.0
IR-E-U-0356,2025,Engineering,2021-22,227529868.0,368177194.0,160780061.0,,,1611827581.0,2181902743.0,160780061.0,74737471.0,58364778.0,88.0,33.0
IR-E-U-0497,2025,Engineering,2023-24,72472845.0,6415580.0,0.0,,,851462348.0,,,100110201.0,1631727.0,101.0,29.0
IR-E-U-0497,2025,Engineering,2022-23,59828305.0,1625661.0,0.0,,,749209662.0,,,109225025.0,4414154.0,67.0,26.0
IR-E-U-0497,2025,Engineering,2021-22,14355233.0,1868579.0,0.0,,,665672893.0,,,52253348.0,1154292.0,39.0,16.0
IR-E-U-0014,2025,Engineering,2023-24,18666960.0,102710067.0,9133487.0,,,,,,453682876.0,15800892.0,119.0,51.0
IR-E-U-0014,2025,Engineering,2022-23,58501746.0,106194076.0,5152729.0,,,,,,531567168.0,10726479.0,116.0,46.0
IR-E-U-0014,2025,Engineering,2021-22,33751307.0,41779260.0,1775260.0,,,,,,226745000.0,6677890.0,77.0,30.0
IR-E-U-0355,2025,Engineering,2023-24,77588886.0,83581192.0,2198894.0,,,,,,237705618.0,133894666.0,171.0,52.0
IR-E-U-0355,2025,Engineering,2022-23,49849095.0,162295181.0,19118290.0,,,,,,91831203.0,54935039.0,177.0,44.0
IR-E-U-0355,2025,Engineering,2021-22,44266661.0,83246887.0,22133973.0,,,,,,152520000.0,48146501.0,171.0,31.0
IR-E-U-0476,2025,Engineering,2023-24,504937398.0,274876645.0,0.0,,,,,,290115703.0,306550517.0,83.0,21.0
IR-E-U-0476,2025,Engineering,2022-23,608823474.0,368850712.0,0.0,,,,,,536455492.0,270951750.0,70.0,18.0
IR-E-U-0476,2025,Engineering,2021-22,1130851876.0,349427816.0,0.0,,,,,,74296975.0,303428062.0,87.0,14.0
IR-E-U-0308,2025,Engineering,2023-24,48935404.0,211971151.0,600000.0,,,,,,477771727.0,63541173.0,219.0,123.0
IR-E-U-0308,2025,Engineering,2022-23,38870514.0,250796339.0,960097.0,,,,,,298108295.0,59317543.0,171.0,96.0
IR-E-U-0308,2025,Engineering,2021-22,40727980.0,186985003.0,700000.0,,,,,,415594558.0,46707272.0,197.0,107.0
IR-E-U-0410,2025,Engineering,2023-24,156894460.0,142278762.0,9474702.0,,,1041118223.0,645896852.0,9474702.0,413756659.0,109418749.0,35.0,22.0
IR-E-U-0410,2025,Engineering,2022-23,51000323.0,193477394.0,7393224.0,,,965795213.0,392491683.0,7393224.0,112858802.0,90632956.0,47.0,23.0
IR-E-U-0410,2025,Engineering,2021-22,17594468.0,17688747.0,3258801.0,,,917948614.0,399517947.0,3258801.0,123237780.0,135986070.0,27.0,14.0
IR-E-U-0564,2025,Engineering,2023-24,55554978.0,53500388.0,24269169.0,,,1283461590.0,1890405155.0,24269169.0,33570289.0,17269905.0,18.0,8.0
IR-E-U-0564,2025,Engineering,2022-23,25600625.0,63060587.0,17048300.0,,,1075618127.0,1462340612.0,17048300.0,13189949.0,17297398.0,15.0,7.0
IR-E-U-0564,2025,Engineering,2021-22,13062390.0,11268579.0,7345420.0,,,1127151987.0,797398984.0,7345420.0,31246955.0,10697327.0,16.0,11.0
IR-E-U-0334,2025,Engineering,2023-24,186554266.0,59553885.0,29081862.0,,,1518689584.0,650091324.0,29081862.0,95024767.0,269219392.0,140.0,66.0
IR-E-U-0334,2025,Engineering,2022-23,246939086.0,55750472.0,30475800.0,,,1198333666.0,353313663.0,30475800.0,132406863.0,177816147.0,156.0,49.0
IR-E-U-0334,2025,Engineering,2021-22,276492532.0,79557701.0,5371544.0,,,1036408787.0,304676693.0,5371544.0,173001398.0,189800000.0,120.0,56.0
IR-E-I-1441,2025,Engineering,2023-24,45955976.0,77775934.0,2408470.0,,,901997227.0,674529311.0,2408470.0,74187807.0,97621503.0,,
IR-E-I-1441,2025,Engineering,2022-23,19977254.0,45306023.0,2916727.0,,,519225355.0,207938958.0,2916727.0,81060217.0,0.0,,
IR-E-I-1441,2025,Engineering,2021-22,18789499.0,51859120.0,6676109.0,,,415380284.0,639645115.0,6676109.0,0.0,0.0,,
IR-E-U-0329,2025,Engineering,2023-24,2603705.0,56669591.0,19432977.0,,,374532677.0,468833236.0,19432977.0,26387598.0,739270.0,,
IR-E-U-0329,2025,Engineering,2022-23,6199749.0,162442431.0,13592314.0,,,293520411.0,397371607.0,13592314.0,22366955.0,1808813.0,,
IR-E-U-0329,2025,Engineering,2021-22,138472.0,25889258.0,5799843.0,,,199114619.0,215248711.0,5799843.0,15034061.0,1261250.0,,
IR-E-C-16604,2025,Engineering,2023-24,82493126.0,44722965.0,5441176.0,,,,,,125391794.0,26660610.0,82.0,16.0
IR-E-C-16604,2025,Engineering,2022-23,66917321.0,35256454.0,3018913.0,,,,,,19259753.0,15876047.0,54.0,16.0
IR-E-C-16604,2025,Engineering,2021-22,66125402.0,27910253.0,1910329.0,,,,,,20713566.0,10929686.0,47.0,12.0
IR-E-U-0379,2025,Engineering,2023-24,45720351.0,27327110.0,137450.0,,,,,,27376521.0,17118648.0,31.0,9.0
IR-E-U-0379,2025,Engineering,2022-23,56387390.0,36741692.0,128770.0,,,,,,15439395.0,23594614.0,318.0,22.0
IR-E-U-0379,2025,Engineering,2021-22,17266195.0,14509224.0,0.0,,,,,,18735503.0,20815364.0,74.0,12.0
IR-E-U-0577,2025,Engineering,2023-24,27594000.0,34653626.0,0.0,,,1346277937.0,336276063.0,1134096.0,194883283.0,30267837.0,135.0,25.0
IR-E-U-0577,2025,Engineering,2022-23,50204938.0,90244980.0,0.0,,,1132043313.0,389765365.0,846724.0,198400199.0,29756368.0,155.0,34.0
IR-E-U-0577,2025,Engineering,2021-22,44522568.0,52083144.0,1250000.0,,,1098033571.0,409227504.0,2044770.0,142172532.0,21777093.0,129.0,20.0
IR-E-U-0055,2025,Engineering,2023-24,52186849.0,77580942.0,29587637.0,,,890373102.0,521900561.0,29587637.0,156287183.0,16200457.0,82.0,29.0
IR-E-U-0055,2025,Engineering,2022-23,48461935.0,73671825.0,27954134.0,,,807348905.0,445997512.0,27954134.0,124431536.0,10567737.0,56.0,23.0
IR-E-U-0055,2025,Engineering,2021-22,44063602.0,69765676.0,17602092.0,,,687260400.0,420066763.0,17602092.0,115848880.0,6929084.0,32.0,11.0
IR-E-U-0202,2025,Engineering,2023-24,35284852.0,256623042.0,3331318.0,,,1196253076.0,350118470.0,3331318.0,145789683.0,48280012.0,,
IR-E-U-0202,2025,Engineering,2022-23,26550231.0,150421291.0,6824995.0,,,1051838446.0,297255363.0,6824995.0,67410204.0,37882827.0,,
IR-E-U-0202,2025,Engineering,2021-22,39805755.0,94116444.0,770615.0,,,837287017.0,228608804.0,770615.0,71306087.0,3046468.0,,
IR-E-U-0555,2025,Engineering,2023-24,60474868.0,5784450.0,8146682.0,,,669728471.0,362141597.0,8146682.0,9409282.0,6169426.0,,
IR-E-U-0555,2025,Engineering,2022-23,10959217.0,46107863.0,4543271.0,,,456266488.0,295646204.0,4543271.0,5482266.0,171220789.0,,
IR-E-U-0555,2025,Engineering,2021-22,13756700.0,295497314.0,2076478.0,,,380782000.0,607590315.0,2076478.0,10524312.0,23700000.0,,
IR-E-U-0072,2025,Engineering,2023-24,48214940.0,38361122.0,9733738.0,,,682650917.0,416759074.0,9733738.0,66858969.0,97805900.0,41.0,17.0
IR-E-U-0072,2025,Engineering,2022-23,18966527.0,7611992.0,10642437.0,,,681419637.0,412319479.0,10642437.0,45814032.0,86190271.0,82.0,24.0
IR-E-U-0072,2025,Engineering,2021-22,16151220.0,16737706.0,27499926.0,,,592589949.0,287272275.0,27499926.0,42968221.0,71189179.0,81.0,23.0
IR-E-U-0584,2025,Engineering,2023-24,34275212.0,168577770.0,4988442.0,,,1140057806.0,549815206.0,4988442.0,108825918.0,50887301.0,55.0,19.0
IR-E-U-0584,2025,Engineering,2022-23,110825105.0,119928655.0,2775996.0,,,1059625452.0,504199101.0,2775996.0,23583585.0,41377943.0,45.0,17.0
IR-E-U-0584,2025,Engineering,2021-22,30464691.0,74845479.0,320888.0,,,1111547808.0,465117899.0,320888.0,60087711.0,61640960.0,17.0,9.0
IR-E-U-0374,2025,Engineering,2023-24,365337010.0,46033470.0,4405930.0,,,1040001873.0,561357360.0,4405930.0,105472304.0,35171016.0,100.0,25.0
IR-E-U-0374,2025,Engineering,2022-23,64803488.0,62608921.0,3428035.0,,,1017832091.0,266888715.0,3428035.0,17766047.0,10292938.0,74.0,19.0
IR-E-U-0374,2025,Engineering,2021-22,13103429.0,64923148.0,2197815.0,,,753824026.0,327937598.0,2197815.0,16930861.0,14918097.0,58.0,13.0
IR-E-U-0906,2025,Engineering,2023-24,290120830.0,345120335.0,10366864.0,,,,,,461898249.0,50169185.0,85.0,21.0
IR-E-U-0906,2025,Engineering,2022-23,2066394069.0,198997546.0,42796235.0,,,,,,81466560.0,39435974.0,74.0,24.0
IR-E-U-0906,2025,Engineering,2021-22,90941656.0,78517422.0,151458514.0,,,,,,204387863.0,31206365.0,57.0,19.0
IR-E-U-0844,2025,Engineering,2023-24,906306869.0,761033986.0,10092690.0,,,519711016.0,444749580.0,10092690.0,153204173.0,41077728.0,,
IR-E-U-0844,2025,Engineering,2022-23,127113414.0,387810044.0,3458992.0,,,406473898.0,270327094.0,3458992.0,95722646.0,29432238.0,,
IR-E-U-0844,2025,Engineering,2021-22,67503265.0,108143703.0,1572824.0,,,341974384.0,233476680.0,1572824.0,105163210.0,37420024.0,,
IR-E-U-0749,2025,Engineering,2023-24,261895833.0,163415032.0,9506353.0,,,728649917.0,1261918213.0,9506353.0,125678073.0,4399619.0,9.0,7.0
IR-E-U-0749,2025,Engineering,2022-23,90603376.0,71652611.0,8578549.0,,,555573029.0,661166417.0,8578549.0,133832341.0,3012619.0,12.0,11.0
IR-E-U-0749,2025,Engineering,2021-22,66002725.0,21217436.0,6997785.0,,,497973787.0,436137844.0,6997785.0,29168635.0,1697700.0,22.0,13.0
IR-E-C-7252,2025,Engineering,2023-24,120817757.0,212008748.0,16692158.0,,,1353586395.0,740414016.0,16692158.0,53404221.0,4011470.0,,
IR-E-C-7252,2025,Engineering,2022-23,102821147.0,116202110.0,2186408.0,,,1298694065.0,572111457.0,2186408.0,36989565.0,4090892.0,,
IR-E-C-7252,2025,Engineering,2021-22,21943633.0,37653128.0,11075244.0,,,1105278346.0,481300664.0,11075244.0,12322706.0,2683466.0,,
IR-E-U-0739,2025,Engineering,2023-24,183354280.0,120783558.0,21687297.0,,,699642637.0,652240014.0,21687297.0,185866400.0,229021140.0,,
IR-E-U-0739,2025,Engineering,2022-23,147812413.0,55854000.0,26954165.0,,,379739307.0,366370747.0,26954165.0,113700138.0,39162590.0,,
IR-E-U-0739,2025,Engineering,2021-22,27041332.0,54817500.0,3673413.0,,,346444631.0,125478946.0,3673413.0,6600138.0,4926054.0,,
IR-E-U-0255,2025,Engineering,2023-24,28236097.0,171144933.0,7163937.0,,,468978473.0,464487608.0,3748497.0,53780002.0,29169966.0,66.0,15.0
IR-E-U-0255,2025,Engineering,2022-23,27244368.0,177569328.0,238200.0,,,386370379.0,404033525.0,2428612.0,21024765.0,17690000.0,50.0,17.0
IR-E-U-0255,2025,Engineering,2021-22,25828456.0,65684494.0,125852.0,,,403194134.0,316899764.0,283534.0,15026448.0,503425.0,44.0,14.0
IR-E-U-0530,2025,Engineering,2023-24,64367666.0,62087891.0,6348126.0,,,1086305265.0,951302532.0,6348126.0,105463370.0,86859465.0,90.0,20.0
IR-E-U-0530,2025,Engineering,2022-23,144187795.0,51498989.0,9399625.0,,,1090861681.0,1085425738.0,9399625.0,72217007.0,90215815.0,68.0,15.0
IR-E-U-0530,2025,Engineering,2021-22,377894677.0,39590170.0,7371741.0,,,890400832.0,747488659.0,7371741.0,73147966.0,80030903.0,53.0,13.0
IR-E-U-0105,2025,Engineering,2023-24,38508029.0,60017090.0,8545034.0,,,606950535.0,530776179.0,8545034.0,301707984.0,37286728.0,,
IR-E-U-0105,2025,Engineering,2022-23,119070623.0,48871554.0,9757878.0,,,602921616.0,445191721.0,9757878.0,258955001.0,16070482.0,,
IR-E-U-0105,2025,Engineering,2021-22,25836713.0,16949315.0,7649447.0,,,539961262.0,213229683.0,7649447.0,288301476.0,16462176.0,,
IR-E-U-0878,2025,Engineering,2023-24,101819519.0,116563472.0,13486836.0,,,409972097.0,126768023.0,13486836.0,162342218.0,48147614.0,33.0,20.0
IR-E-U-0878,2025,Engineering,2022-23,72929013.0,70755812.0,8710363.0,,,337009280.0,109176495.0,8710363.0,86759458.0,40016845.0,32.0,17.0
IR-E-U-0878,2025,Engineering,2021-22,48083518.0,78373090.0,3513969.0,,,276935777.0,84436029.0,3513969.0,113796867.0,11152942.0,28.0,16.0
IR-E-U-0622,2025,Engineering,2023-24,808259596.0,143187034.0,1271070.0,,,256274260.0,526810598.0,1271070.0,47727298.0,13570785.0,,
IR-E-U-0622,2025,Engineering,2022-23,196961986.0,58717915.0,292167.0,,,249488618.0,202135308.0,292167.0,37896786.0,6414030.0,,
IR-E-U-0622,2025,Engineering,2021-22,20191987.0,2218400.0,256116.0,,,175378257.0,193278798.0,256116.0,18957863.0,100000.0,,
IR-E-U-0149,2025,Engineering,2023-24,382997473.0,100219284.0,8116174.0,,,1025370217.0,616922275.0,8116174.0,99649330.0,213431069.0,139.0,37.0
IR-E-U-0149,2025,Engineering,2022-23,113666784.0,137213329.0,7190579.0,,,871689788.0,611739957.0,7190579.0,38312873.0,147812942.0,114.0,29.0
IR-E-U-0149,2025,Engineering,2021-22,81933275.0,61669792.0,8160475.0,,,807976584.0,585730455.0,8160475.0,63076201.0,98101993.0,86.0,25.0
IR-E-U-0474,2025,Engineering,2023-24,279234142.0,463157932.0,4125700.0,,,1261527415.0,261781217.0,4125700.0,182367890.0,34523860.0,,
IR-E-U-0474,2025,Engineering,2022-23,256249312.0,452354869.0,3482450.0,,,1235274862.0,211814542.0,3482450.0,152546781.0,30234057.0,,
IR-E-U-0474,2025,Engineering,2021-22,97908486.0,199349137.0,5735350.0,,,1196944719.0,178170332.0,5735350.0,55561903.0,29979500.0,,
IR-E-C-37013,2025,Engineering,2023-24,103075000.0,58629000.0,0.0,,,,,,99797117.0,7436424.0,28.0,10.0
IR-E-C-37013,2025,Engineering,2022-23,16227000.0,63007000.0,0.0,,,,,,10396141.0,4742440.0,8.0,6.0
IR-E-C-37013,2025,Engineering,2021-22,16666000.0,42302000.0,0.0,,,,,,47563371.0,5164259.0,26.0,8.0
IR-E-U-0221,2025,Engineering,2023-24,50413969.0,6602237.0,47386804.0,,,280314075.0,955011703.0,47386804.0,1021226489.0,7233268.0,,
IR-E-U-0221,2025,Engineering,2022-23,135630321.0,9289945.0,38289838.0,,,257144089.0,1015366957.0,38289838.0,710835123.0,6353431.0,,
IR-E-U-0221,2025,Engineering,2021-22,156474636.0,1998491.0,6714541.0,,,255301990.0,1415539394.0,6714541.0,725187634.0,10927179.0,,
IR-E-C-6379,2025,Engineering,2023-24,318321136.0,134054043.0,170086412.0,,,870941471.0,725242456.0,170086412.0,13000139.0,11612364.0,22.0,7.0
IR-E-C-6379,2025,Engineering,2022-23,273677736.0,108009756.0,111963504.0,,,750542314.0,576605716.0,111963504.0,5538557.0,35882334.0,7.0,4.0
IR-E-C-6379,2025,Engineering,2021-22,165008000.0,101187000.0,92479958.0,,,718029000.0,475340000.0,92479958.0,7496222.0,31654000.0,9.0,7.0
IR-E-U-0389,2025,Engineering,2023-24,13438936.0,74693198.0,2877583.0,,,705691245.0,271647053.0,2877583.0,50499008.0,36620451.0,,
IR-E-U-0389,2025,Engineering,2022-23,10371977.0,71230151.0,533732.0,,,608354521.0,260084700.0,533732.0,46233959.0,30000000.0,,
IR-E-U-0389,2025,Engineering,2021-22,17213600.0,64765419.0,49724.0,,,527856417.0,178952762.0,49724.0,49795950.0,23748640.0,,
IR-E-U-0946,2025,Engineering,2023-24,2255062639.0,513950483.0,35679752.0,,,354385567.0,267955372.0,35679752.0,419202539.0,66387508.0,62.0,14.0
IR-E-U-0946,2025,Engineering,2022-23,6374110895.0,371247590.0,5139631.0,,,240135927.0,123923177.0,5139631.0,353703993.0,99572950.0,73.0,13.0
IR-E-U-0946,2025,Engineering,2021-22,2488161963.0,135743724.0,8000000.0,,,223044425.0,101662874.0,8000000.0,87312153.0,3592195.0,49.0,7.0
IR-E-U-0197,2025,Engineering,2023-24,139395946.0,47231985.0,25612560.0,,,895915850.0,725389122.0,25612560.0,142288553.0,5865197.0,,
IR-E-U-0197,2025,Engineering,2022-23,100939887.0,88975857.0,12665392.0,,,769914171.0,594322906.0,12665392.0,121494957.0,10826962.0,,
IR-E-U-0197,2025,Engineering,2021-22,286444629.0,59205988.0,769899.0,,,634425953.0,493608538.0,769899.0,73076102.0,47404358.0,,
IR-E-U-0042,2025,Engineering,2023-24,17448756.0,14740708.0,365240.0,,,213327279.0,52924534.0,365240.0,55784867.0,2250000.0,8.0,8.0
IR-E-U-0042,2025,Engineering,2022-23,4000000.0,226000.0,1900000.0,,,222257344.0,9500000.0,1900000.0,168900000.0,1553000.0,73.0,18.0
IR-E-U-0042,2025,Engineering,2021-22,0.0,15807812.0,43535.0,,,234817353.0,8499507.0,43535.0,27500000.0,218000.0,9.0,5.0
IR-E-C-1331,2025,Engineering,2023-24,83872966.0,79035657.0,8688893.0,,,791798791.0,425116883.0,8688893.0,34839908.0,10700000.0,,
IR-E-C-1331,2025,Engineering,2022-23,11143419.0,54296616.0,10472202.0,,,751734922.0,343380364.0,10472202.0,31686499.0,6745945.0,,
IR-E-C-1331,2025,Engineering,2021-22,14953074.0,59476057.0,3638103.0,,,687852978.0,240419708.0,3638103.0,20910139.0,10646770.0,,
IR-E-U-0217,2025,Engineering,2023-24,121565758.0,6254879.0,4555583.0,,,522389542.0,216705912.0,4555583.0,3538828.0,2901820.0,7.0,4.0
IR-E-U-0217,2025,Engineering,2022-23,28191043.0,4175361.0,689156.0,,,376316868.0,181043556.0,689156.0,1106515.0,1492695.0,3.0,3.0
IR-E-U-0217,2025,Engineering,2021-22,11726264.0,5764519.0,426966.0,,,316462787.0,25169308.0,426966.0,3019493.0,974864.0,6.0,6.0
IR-E-U-0899,2025,Engineering,2023-24,,,,,,356859562.0,292806819.0,5980923.0,155000000.0,7744000.0,35.0,16.0
IR-E-U-0899,2025,Engineering,2022-23,,,,,,213163355.0,92315806.0,674258.0,122400000.0,5700000.0,25.0,8.0
IR-E-U-0899,2025,Engineering,2021-22,,,,,,176862332.0,66968117.0,510025.0,71000000.0,2000000.0,18.0,9.0
IR-E-U-0535,2025,Engineering,2023-24,40228474.0,272655685.0,2223451.0,,,,,,74866157.0,9184553.0,116.0,16.0
IR-E-U-0535,2025,Engineering,2022-23,48913855.0,140757719.0,8756800.0,,,,,,77350612.0,8508015.0,96.0,16.0
IR-E-U-0535,2025,Engineering,2021-22,8884446.0,89407919.0,0.0,,,,,,81943812.0,7723381.0,66.0,12.0
IR-E-U-0384,2025,Engineering,2023-24,25778501.0,29089872.0,50740005.0,,,588577332.0,336062981.0,50740005.0,3826290.0,1082068.0,3.0,3.0
IR-E-U-0384,2025,Engineering,2022-23,79658100.0,20978848.0,857447.0,,,576464270.0,323016297.0,857447.0,3352626.0,749980.0,5.0,4.0
IR-E-U-0384,2025,Engineering,2021-22,33281975.0,27511605.0,1118373.0,,,508787974.0,324539553.0,1118373.0,2904405.0,357866.0,6.0,5.0
IR-E-U-0043,2025,Engineering,2023-24,97819410.0,65792618.0,4686164.0,,,549916720.0,391430514.0,4686164.0,65200000.0,96158000.0,,
IR-E-U-0043,2025,Engineering,2022-23,58122535.0,42250151.0,5992909.0,,,452468671.0,433128804.0,5992909.0,25096900.0,53449920.0,,
IR-E-U-0043,2025,Engineering,2021-22,34622127.0,20098117.0,4202500.0,,,377806077.0,360650608.0,4202500.0,19620000.0,22553000.0,,
IR-E-U-0284,2025,Engineering,2023-24,169894174.0,55876242.0,223359599.0,,,,,,94150229.0,87300000.0,41.0,22.0
IR-E-U-0284,2025,Engineering,2022-23,93198806.0,15783449.0,49328653.0,,,,,,53133055.0,97743489.0,63.0,38.0
IR-E-U-0284,2025,Engineering,2021-22,159182034.0,25300567.0,93839064.0,,,,,,44204172.0,80947461.0,43.0,19.0
IR-E-U-0207,2025,Engineering,2023-24,117932029.0,37165334.0,16800642.0,,,892977412.0,470807984.0,16800642.0,175658166.0,8756629.0,,
IR-E-U-0207,2025,Engineering,2022-23,205437744.0,40039505.0,6575955.0,,,740051982.0,325776674.0,6575955.0,80218633.0,4126647.0,,
IR-E-U-0207,2025,Engineering,2021-22,116807266.0,32702870.0,2872735.0,,,654305850.0,270257352.0,2872735.0,76369603.0,3600685.0,,
IR-E-U-0619,2025,Engineering,2023-24,99441194.0,39496932.0,7729632.0,,,292798170.0,73692129.0,7729632.0,40855792.0,25006955.0,,
IR-E-U-0619,2025,Engineering,2022-23,81677607.0,142778633.0,2642184.0,,,217245251.0,59528568.0,2642184.0,37772560.0,21470316.0,,
IR-E-U-0619,2025,Engineering,2021-22,30480857.0,132653331.0,56500.0,,,217748440.0,45566401.0,56500.0,71477898.0,13688085.0,,
IR-E-U-0223,2025,Engineering,2023-24,136285284.0,8745821.0,2614956.0,,,721694301.0,298200402.0,2614956.0,53622596.0,48722596.0,28.0,18.0
IR-E-U-0223,2025,Engineering,2022-23,115622557.0,10152686.0,3518480.0,,,651715652.0,180265923.0,3518480.0,27847500.0,51692864.0,24.0,19.0
IR-E-U-0223,2025,Engineering,2021-22,98628713.0,9369584.0,1475579.0,,,561278263.0,133859344.0,1475579.0,54243158.0,31176224.0,23.0,13.0
IR-E-U-0172,2025,Engineering,2023-24,96807000.0,22806000.0,21549000.0,,,1048845000.0,483262000.0,21549000.0,66134000.0,92322558.0,25.0,10.0
IR-E-U-0172,2025,Engineering,2022-23,128420884.0,21739204.0,19994914.0,,,1035470000.0,382870000.0,19994914.0,54135000.0,73662282.0,21.0,6.0
IR-E-U-0172,2025,Engineering,2021-22,2307912.0,144113742.0,3845000.0,,,990442000.0,386617000.0,3845000.0,63452000.0,75375457.0,24.0,8.0
IR-E-U-0092,2025,Engineering,2023-24,54899237.0,30672070.0,3430395.0,,,,,,43209839.0,41533822.0,93.0,21.0
IR-E-U-0092,2025,Engineering,2022-23,52906875.0,31484310.0,1037925.0,,,,,,23410681.0,50025932.0,112.0,32.0
IR-E-U-0092,2025,Engineering,2021-22,104276120.0,33725187.0,1774500.0,,,,,,21503233.0,24211185.0,101.0,30.0
IR-E-U-0489,2025,Engineering,2023-24,50912317.0,54262109.0,2574126.0,,,821877836.0,428637805.0,2574126.0,63582288.0,12358424.0,,
IR-E-U-0489,2025,Engineering,2022-23,10473080.0,34005665.0,5723385.0,,,710750705.0,189325932.0,5723385.0,42438893.0,6922100.0,,
IR-E-U-0489,2025,Engineering,2021-22,24910693.0,13354250.0,1390951.0,,,495346116.0,120541321.0,1390951.0,56459785.0,5288775.0,,
IR-E-C-24004,2025,Engineering,2023-24,134512812.0,664884212.0,9347854.0,,,1257453124.0,294512457.0,9347854.0,0.0,92692499.0,,
IR-E-C-24004,2025,Engineering,2022-23,122825631.0,584284637.0,7178734.0,,,1123910849.0,216683873.0,7178734.0,0.0,91023213.0,,
IR-E-C-24004,2025,Engineering,2021-22,119850620.0,525479681.0,7167895.0,,,621230000.0,215678345.0,7167895.0,43826325.0,85660729.0,,
IR-E-U-0373,2025,Engineering,2023-24,116601538.0,20293970.0,17685205.0,,,,,,9494392.0,20428461.0,9.0,6.0
IR-E-U-0373,2025,Engineering,2022-23,58665685.0,17832729.0,11464001.0,,,,,,6430769.0,0.0,13.0,8.0
IR-E-U-0373,2025,Engineering,2021-22,69542579.0,12141234.0,9553334.0,,,,,,983367.0,0.0,25.0,22.0
IR-E-U-1257,2025,Engineering,2023-24,255655632.0,26581925.0,4636488.0,,,845143303.0,587031730.0,4636488.0,231384775.0,131233513.0,,
IR-E-U-1257,2025,Engineering,2022-23,241138969.0,74423912.0,4129022.0,,,752492112.0,585097664.0,4129022.0,176507848.0,127212607.0,,
IR-E-U-1257,2025,Engineering,2021-22,213597163.0,95252546.0,2935386.0,,,686383742.0,585684297.0,2935386.0,227821000.0,118932000.0,,
IR-E-C-19754,2025,Engineering,2023-24,34307864.0,111869584.0,10685254.0,,,553179673.0,246163576.0,10685254.0,2216320.0,2839456.0,,
IR-E-C-19754,2025,Engineering,2022-23,20264099.0,72863816.0,641200.0,,,355645492.0,188450337.0,641200.0,1100000.0,1772595.0,,
IR-E-C-19754,2025,Engineering,2021-22,17160564.0,48187931.0,249000.0,,,306523859.0,125252826.0,249000.0,750000.0,0.0,,
IR-E-U-0297,2025,Engineering,2023-24,26207574.0,137924844.0,13202681.0,,,267284114.0,211124441.0,13202681.0,538312000.0,39896816.0,57.0,29.0
IR-E-U-0297,2025,Engineering,2022-23,74520420.0,124591416.0,4374324.0,,,229430777.0,127814383.0,4374324.0,286584207.0,296165380.0,32.0,15.0
IR-E-U-0297,2025,Engineering,2021-22,65000000.0,75027262.0,37180000.0,,,198920151.0,126312227.0,37180000.0,256020430.0,154365785.0,20.0,10.0
IR-E-U-0078,2025,Engineering,2023-24,19114812.0,22541298.0,1446430.0,,,,,,206078035.0,26723424.0,31.0,24.0
IR-E-U-0078,2025,Engineering,2022-23,15087022.0,16655187.0,337933.0,,,,,,252879214.0,21581185.0,54.0,18.0
IR-E-U-0078,2025,Engineering,2021-22,725656.0,10515565.0,25000.0,,,,,,124857916.0,23538678.0,37.0,27.0
IR-E-U-0017,2025,Engineering,2023-24,89755706.0,188690918.0,815000.0,,,1977224435.0,522695518.0,815000.0,90578322.0,265274862.0,,
IR-E-U-0017,2025,Engineering,2022-23,15774610.0,35599520.0,3965000.0,,,1513287840.0,526400941.0,3965000.0,2457715.0,258337572.0,,
IR-E-U-0017,2025,Engineering,2021-22,13891146.0,23579398.0,1250000.0,,,1460197617.0,389065295.0,1250000.0,1125600.0,232600000.0,,
IR-E-C-30045,2025,Engineering,2023-24,381724752.0,59769561.0,133058559.0,,,570060720.0,488347758.0,133058559.0,28977803.0,20729360.0,10.0,10.0
IR-E-C-30045,2025,Engineering,2022-23,363142488.0,65759236.0,154964768.0,,,534337898.0,473249824.0,154964768.0,21971371.0,10862580.0,12.0,12.0
IR-E-C-30045,2025,Engineering,2021-22,246314251.0,49575688.0,153649264.0,,,528433791.0,453398244.0,153649264.0,10748853.0,6726300.0,7.0,7.0
IR-E-U-0267,2025,Engineering,2023-24,20391122.0,34256063.0,11563195.0,,,,,,21410925.0,220210.0,40.0,20.0
IR-E-U-0267,2025,Engineering,2022-23,8561180.0,13180969.0,3925502.0,,,,,,13033163.0,1862159.0,31.0,15.0
IR-E-U-0267,2025,Engineering,2021-22,1328077.0,3175769.0,1287012.0,,,,,,12181307.0,3489575.0,37.0,11.0
IR-E-U-0189,2025,Engineering,2023-24,8490050.0,80254466.0,8776791.0,,,,,,52812176.0,39020818.0,32.0,11.0
IR-E-U-0189,2025,Engineering,2022-23,6480222.0,102412653.0,145265.0,,,,,,9956757.0,38594561.0,33.0,12.0
IR-E-U-0189,2025,Engineering,2021-22,10760276.0,69738938.0,63728.0,,,,,,12328330.0,28769449.0,35.0,12.0
IR-E-U-0147,2025,Engineering,2023-24,155630030.0,137073097.0,9819335.0,,,788778861.0,343137628.0,9819335.0,67214679.0,10847831.0,,
IR-E-U-0147,2025,Engineering,2022-23,180479538.0,166274737.0,6664516.0,,,708929137.0,356698993.0,6664516.0,63777415.0,5756775.0,,
IR-E-U-0147,2025,Engineering,2021-22,71572442.0,86995731.0,6532710.0,,,555219567.0,230540396.0,6532710.0,27140193.0,3415746.0,,
IR-E-U-0621,2025,Engineering,2023-24,20106750.0,91303913.0,4724245.0,,,201817285.0,109306681.0,4724245.0,21046836.0,5463793.0,,
IR-E-U-0621,2025,Engineering,2022-23,63043503.0,138214986.0,5715969.0,,,188350956.0,89330583.0,5715969.0,15447732.0,5967920.0,,
IR-E-U-0621,2025,Engineering,2021-22,53045079.0,112499794.0,1187275.0,,,133034833.0,69557543.0,1187275.0,15931728.0,2573939.0,,
IR-E-C-36995,2025,Engineering,2023-24,187339964.0,79597448.0,28012500.0,,,,,,15002754.0,24006128.0,22.0,17.0
IR-E-C-36995,2025,Engineering,2022-23,167267825.0,71069274.0,27543764.0,,,,,,4179419.0,23482583.0,14.0,14.0
IR-E-C-36995,2025,Engineering,2021-22,155654898.0,68825321.0,23057589.0,,,,,,929882.0,23186547.0,23.0,16.0
IR-M-S-8890,2025,Management,2023-24,7077962.0,26807108.0,35912471.0,,,1947225645.0,1551368640.0,35912471.0,61305275.0,941983370.0,125.0,70.0
IR-M-S-8890,2025,Management,2022-23,304833704.0,67135929.0,20815747.0,,,1418107001.0,1163105040.0,20815747.0,88479698.0,814639748.0,89.0,56.0
IR-M-S-8890,2025,Management,2021-22,25255006.0,43085539.0,4219645.0,,,1547799306.0,846735938.0,4219645.0,94342701.0,421632755.0,54.0,46.0
IR-M-S-8903,2025,Management,2023-24,16450788.0,66413464.0,22694503.0,,,1095873016.0,1198065519.0,22694503.0,105204229.0,631657932.0,18.0,18.0
IR-M-S-8903,2025,Management,2022-23,122488787.0,129913368.0,18594865.0,,,1348763225.0,1511384981.0,18594865.0,38324405.0,763829277.0,16.0,16.0
IR-M-S-8903,2025,Management,2021-22,4470497.0,32591036.0,10276455.0,,,1040247924.0,1035043627.0,10276455.0,12760036.0,573395029.0,21.0,21.0
IR-M-S-8909,2025,Management,2023-24,101729362.0,53856838.0,16185577.0,,,879934690.0,1664456821.0,16185577.0,68662052.0,339686085.0,22.0,22.0
IR-M-S-8909,2025,Management,2022-23,120234245.0,93957400.0,12364142.0,,,719684756.0,1159928102.0,12364142.0,58516986.0,210059585.0,21.0,21.0
IR-M-S-8909,2025,Management,2021-22,43395508.0,26956103.0,29763138.0,,,550875441.0,840290093.0,29763138.0,64063042.0,429858707.0,18.0,18.0
IR-M-I-1074,2025,Management,2023-24,3921661.0,78854979.0,4578052.0,,,81215204.0,102270037.0,4578052.0,34296426.0,10949376.0,5.0,5.0
IR-M-I-1074,2025,Management,2022-23,108308328.0,94163588.0,1133128.0,,,84239787.0,162789453.0,1133128.0,31380070.0,11058393.0,6.0,5.0
IR-M-I-1074,2025,Management,2021-22,79880976.0,1307819.0,2249878.0,,,91810313.0,51662862.0,2249878.0,50115360.0,10177285.0,14.0,12.0
IR-M-S-8959,2025,Management,2023-24,,,,,,605260892.0,1034357653.0,124635956.0,650000.0,16548942.0,1.0,1.0
IR-M-S-8959,2025,Management,2022-23,,,,,,618481846.0,982366966.0,86179669.0,6381000.0,18571502.0,2.0,2.0
IR-M-S-8959,2025,Management,2021-22,,,,,,501286490.0,706400003.0,64882451.0,3547750.0,53128618.0,2.0,2.0
IR-M-S-8931,2025,Management,2023-24,136544460.0,35566036.0,32324794.0,,,625176315.0,948734172.0,32324794.0,40156175.0,47268814.0,22.0,17.0
IR-M-S-8931,2025,Management,2022-23,114626571.0,31549389.0,29722656.0,,,520791354.0,752443324.0,29722656.0,20061857.0,31042281.0,19.0,14.0
IR-M-S-8931,2025,Management,2021-22,87440262.0,28702146.0,21004466.0,,,521312035.0,634799097.0,21004466.0,17061857.0,23342281.0,17.0,13.0
IR-M-S-8972,2025,Management,2023-24,136100000.0,38238000.0,107952067.0,,,361300000.0,1586900000.0,107952067.0,261330975.0,204047000.0,14.0,20.0
IR-M-S-8972,2025,Management,2022-23,14500000.0,40010850.0,56283263.0,,,351500000.0,1070700000.0,56283263.0,111489869.0,171916000.0,22.0,9.0
IR-M-S-8972,2025,Management,2021-22,34100000.0,4816000.0,37800000.0,,,335000000.0,1210600000.0,37800000.0,79855567.0,49497000.0,7.0,7.0
IR-M-S-8918,2025,Management,2023-24,156851000.0,61653000.0,26262000.0,,,964705000.0,978492000.0,26262000.0,45873289.0,114222731.0,12.0,7.0
IR-M-S-8918,2025,Management,2022-23,182331000.0,54585000.0,16198000.0,,,853294000.0,763033000.0,16198000.0,91253220.0,301853026.0,9.0,4.0
IR-M-S-8918,2025,Management,2021-22,143519000.0,29873000.0,4805353.0,,,770126000.0,459477000.0,4805353.0,8892392.0,295745190.0,14.0,3.0
IR-M-I-1170,2025,Management,2023-24,27460607.0,59467305.0,7720434.0,,,687898266.0,467673479.0,7720434.0,5165603.0,19552586.0,1.0,1.0
IR-M-I-1170,2025,Management,2022-23,57648789.0,109447445.0,12265005.0,,,572088765.0,397892489.0,12265005.0,2550000.0,9635176.0,2.0,2.0
IR-M-I-1170,2025,Management,2021-22,15483655.0,23795760.0,672752.0,,,554774872.0,256521503.0,672752.0,0.0,24276289.0,0.0,0.0
IR-M-S-132,2025,Management,2023-24,,,,,,661831422.0,1474830635.0,44287978.0,1442500.0,182552402.0,1.0,2.0
IR-M-S-132,2025,Management,2022-23,,,,,,622256250.0,1257992007.0,23264941.0,0.0,158412386.0,0.0,0.0
IR-M-S-132,2025,Management,2021-22,,,,,,506095294.0,509639918.0,11704977.0,0.0,111908910.0,0.0,0.0
IR-M-C-19343,2025,Management,2023-24,94898218.0,55051120.0,29233722.0,,,193395424.0,298407552.0,29233722.0,15407374.0,38550349.0,46.0,7.0
IR-M-C-19343,2025,Management,2022-23,4556455.0,46404120.0,23492037.0,,,164288724.0,305738088.0,23492037.0,2544826.0,36927931.0,13.0,8.0
IR-M-C-19343,2025,Management,2021-22,441397.0,44448511.0,10739848.0,,,152243583.0,213298444.0,10739848.0,1303022.0,29382392.0,8.0,5.0
IR-M-U-0573,2025,Management,2023-24,11409660.0,58764854.0,1939582.0,,,222331412.0,166081318.0,1939582.0,8000000.0,1428000.0,15.0,13.0
IR-M-U-0573,2025,Management,2022-23,23668755.0,27793342.0,2449534.0,,,260396351.0,90599290.0,2449534.0,1850356.0,2821560.0,14.0,9.0
IR-M-U-0573,2025,Management,2021-22,8297139.0,19833297.0,856213.0,,,232416246.0,118646639.0,856213.0,29100000.0,13900000.0,7.0,6.0
IR-M-U-0456,2025,Management,2023-24,47711441.0,136211457.0,12471542.0,,,161071704.0,620362593.0,12471542.0,131607084.0,149751367.0,12.0,
IR-M-U-0456,2025,Management,2022-23,46824841.0,16445122.0,4455927.0,,,158208603.0,201203214.0,4455927.0,25450815.0,89637820.0,9.0,
IR-M-U-0456,2025,Management,2021-22,4910683.0,1276000.0,367382.0,,,126407964.0,48583641.0,367382.0,17278780.0,16956271.0,11.0,
IR-M-U-0306,2025,Management,2023-24,3644087.0,0.0,0.0,,,181719720.0,50138923.0,0.0,56793183.0,8620877.0,11.0,8.0
IR-M-U-0306,2025,Management,2022-23,165000287.0,0.0,0.0,,,185360147.0,1333592026.0,0.0,64027220.0,1451495.0,15.0,11.0
IR-M-U-0306,2025,Management,2021-22,76742915.0,0.0,0.0,,,144868669.0,1238639035.0,0.0,43209589.0,902000.0,18.0,14.0
IR-M-S-8868,2025,Management,2023-24,12988635.0,7066800.0,6216598.0,,,187371313.0,29354257.0,6216598.0,0.0,29840737.0,0.0,0.0
IR-M-S-8868,2025,Management,2022-23,23546790.0,1627395.0,7170974.0,,,137128230.0,395258086.0,7170974.0,1990639.0,24247750.0,1.0,1.0
IR-M-S-8868,2025,Management,2021-22,7114113.0,3162896.0,3448423.0,,,131562476.0,250858561.0,3448423.0,1349790.0,15869103.0,2.0,2.0
IR-M-S-8948,2025,Management,2023-24,32008130.0,0.0,2794997.0,,,153207164.0,399284876.0,2794997.0,636899.0,2371695.0,4.0,4.0
IR-M-S-8948,2025,Management,2022-23,29217095.0,0.0,1432243.0,,,146841946.0,308021585.0,1432243.0,127500.0,0.0,1.0,1.0
IR-M-S-8948,2025,Management,2021-22,101476738.0,0.0,15569.0,,,134738108.0,229233436.0,15569.0,0.0,0.0,0.0,0.0
IR-M-U-0102,2025,Management,2023-24,364900000.0,116406870.0,230730579.0,,,628330917.0,656044106.0,230730579.0,70924720.0,39624936.0,22.0,11.0
IR-M-U-0102,2025,Management,2022-23,278900000.0,74319479.0,191888605.0,,,624779807.0,619808016.0,191888605.0,57322500.0,9403359.0,25.0,14.0
IR-M-U-0102,2025,Management,2021-22,11845787.0,30575726.0,82165883.0,,,451804688.0,203876475.0,82165883.0,28203152.0,6554535.0,25.0,14.0
IR-M-S-8904,2025,Management,2023-24,75391445.0,987700.0,9243272.0,,,224758122.0,207725402.0,9243272.0,5799400.0,94163793.0,5.0,7.0
IR-M-S-8904,2025,Management,2022-23,22948758.0,0.0,6818525.0,,,211380699.0,163773669.0,6818525.0,3660960.0,50968600.0,3.0,3.0
IR-M-S-8904,2025,Management,2021-22,4494698.0,0.0,984378.0,,,171203752.0,119377501.0,984378.0,3000000.0,35555602.0,1.0,1.0
IR-M-S-8895,2025,Management,2023-24,23126967.0,2557394.0,8862729.0,,,180030740.0,408982522.0,8862729.0,8406300.0,69598705.0,6.0,6.0
IR-M-S-8895,2025,Management,2022-23,29008755.0,13536015.0,10519401.0,,,161564655.0,340383621.0,10519401.0,13221200.0,70090267.0,8.0,8.0
IR-M-S-8895,2025,Management,2021-22,561239575.0,4324119.0,4043823.0,,,105203489.0,476276805.0,4043823.0,12205800.0,33557651.0,7.0,7.0
IR-M-I-1044,2025,Management,2023-24,,,,,,580664784.0,118652510.0,48062777.0,7204989.0,35686162.0,3.0,11.0
IR-M-I-1044,2025,Management,2022-23,,,,,,519715168.0,116919767.0,47569461.0,12273473.0,43329947.0,4.0,5.0
IR-M-I-1044,2025,Management,2021-22,,,,,,454638670.0,78332267.0,19460104.0,7047040.0,43956659.0,2.0,3.0
IR-M-S-8942,2025,Management,2023-24,38455848.0,8126295.0,7107464.0,,,352190730.0,467730458.0,7107464.0,8870000.0,4464687.0,19.0,10.0
IR-M-S-8942,2025,Management,2022-23,29440191.0,2700956.0,5690750.0,,,326145868.0,455563570.0,5690750.0,220000.0,4575000.0,11.0,8.0
IR-M-S-8942,2025,Management,2021-22,55887260.0,726797.0,390136.0,,,273893107.0,345698239.0,390136.0,4690678.0,1953000.0,10.0,8.0
IR-M-U-0560,2025,Management,2023-24,16026422.0,24529238.0,3290118.0,,,118059787.0,57839912.0,3290118.0,33797500.0,293434.0,7.0,5.0
IR-M-U-0560,2025,Management,2022-23,14241010.0,2533381.0,2045396.0,,,96152347.0,39534254.0,2045396.0,4665918.0,1077307.0,5.0,3.0
IR-M-U-0560,2025,Management,2021-22,9676807.0,7093604.0,850404.0,,,87826026.0,34394565.0,850404.0,6362790.0,1772252.0,4.0,4.0
IR-M-S-8967,2025,Management,2023-24,540511897.0,11917329.0,12169732.0,,,215324063.0,402187388.0,12169732.0,47638190.0,4517800.0,8.0,8.0
IR-M-S-8967,2025,Management,2022-23,12510211.0,12627791.0,15304173.0,,,186295940.0,317167448.0,15304173.0,34157480.0,866838.0,8.0,4.0
IR-M-S-8967,2025,Management,2021-22,8829962.0,6742784.0,2145107.0,,,170766190.0,266444018.0,2145107.0,24298500.0,1030000.0,7.0,4.0
IR-M-N-10,2025,Management,2023-24,108320564.0,0.0,13088258.0,,,305697693.0,130070641.0,13088258.0,8189250.0,15181827.0,4.0,4.0
IR-M-N-10,2025,Management,2022-23,108500300.0,0.0,5930451.0,,,244681394.0,203384700.0,5930451.0,7209015.0,4954741.0,5.0,5.0
IR-M-N-10,2025,Management,2021-22,82336386.0,0.0,3457789.0,,,219536638.0,257900408.0,3457789.0,6823334.0,35148970.0,3.0,3.0
IR-M-S-15962,2025,Management,2023-24,15945000.0,0.0,31190860.0,,,217296140.0,197979000.0,31190860.0,13385425.0,37300152.0,8.0,8.0
IR-M-S-15962,2025,Management,2022-23,93586797.0,7366624.0,4682083.0,,,180064000.0,234580000.0,4682083.0,9848706.0,20663926.0,6.0,6.0
IR-M-S-15962,2025,Management,2021-22,40160934.0,8586355.0,2396147.0,,,135353000.0,183461853.0,2396147.0,1416551.0,9078040.0,4.0,4.0
IR-M-U-0436,2025,Management,2023-24,17389394.0,10890.0,876353.0,,,98583856.0,101871484.0,876353.0,6431232.0,2125000.0,5.0,5.0
IR-M-U-0436,2025,Management,2022-23,1797435.0,1663740.0,933969.0,,,98408343.0,59996880.0,933969.0,7880000.0,4126000.0,3.0,3.0
IR-M-U-0436,2025,Management,2021-22,81498.0,0.0,840830.0,,,81815622.0,59392071.0,840830.0,5230000.0,4500250.0,1.0,1.0
IR-M-I-1075,2025,Management,2023-24,1500000.0,200000.0,500000.0,,,65200000.0,33900000.0,500000.0,18211000.0,10486000.0,19.0,10.0
IR-M-I-1075,2025,Management,2022-23,867000.0,6206000.0,1080000.0,,,68290000.0,37630000.0,1080000.0,86407000.0,4599000.0,14.0,8.0
IR-M-I-1075,2025,Management,2021-22,503000.0,5907000.0,1000000.0,,,51600000.0,35922000.0,1000000.0,47201500.0,4780800.0,10.0,16.0
IR-M-U-0108,2025,Management,2023-24,,,,,,113123930.0,46028906.0,1437897.0,3280200.0,1682739.0,3.0,3.0
IR-M-U-0108,2025,Management,2022-23,,,,,,82820349.0,24702545.0,223751.0,1716775.0,1370982.0,3.0,2.0
IR-M-U-0108,2025,Management,2021-22,,,,,,79751592.0,12421432.0,49486.0,1032137.0,0.0,2.0,1.0
IR-M-U-1007,2025,Management,2023-24,496766821.0,36982559.0,16945240.0,,,239154767.0,379210138.0,16945240.0,7519558.0,14277069.0,7.0,5.0
IR-M-U-1007,2025,Management,2022-23,475065591.0,25789369.0,13807163.0,,,183679175.0,318358508.0,13807163.0,15448996.0,35568172.0,8.0,6.0
IR-M-U-1007,2025,Management,2021-22,147159942.0,7747331.0,11923800.0,,,147951643.0,134698191.0,11923800.0,7550000.0,14206871.0,3.0,3.0
IR-M-S-394,2025,Management,2023-24,9098940.0,13473227.0,29626620.0,,,461881243.0,300860208.0,29626620.0,600000.0,1147460.0,1.0,1.0
IR-M-S-394,2025,Management,2022-23,1854329.0,5958506.0,27209573.0,,,494192297.0,402156642.0,27209573.0,0.0,3158475.0,0.0,0.0
IR-M-S-394,2025,Management,2021-22,3595217.0,5990698.0,4510467.0,,,461190134.0,372274030.0,4510467.0,0.0,401000.0,0.0,0.0
IR-M-U-1006,2025,Management,2023-24,58479937.0,23358816.0,2335802.0,,,154515369.0,241202282.0,2335802.0,10045451.0,6285200.0,26.0,5.0
IR-M-U-1006,2025,Management,2022-23,1167086596.0,10287126.0,2587575.0,,,115941848.0,152365884.0,2587575.0,8655833.0,4217424.0,20.0,5.0
IR-M-U-1006,2025,Management,2021-22,882962000.0,16220572.0,1500000.0,,,70077000.0,81325000.0,1500000.0,4200000.0,5045000.0,10.0,2.0
IR-M-U-0747,2025,Management,2023-24,69379175.0,4262360.0,12237300.0,,,194506295.0,23236979.0,12237300.0,0.0,12844000.0,0.0,0.0
IR-M-U-0747,2025,Management,2022-23,67687000.0,4158400.0,12090935.0,,,181781584.0,22651383.0,12090935.0,0.0,13788700.0,0.0,0.0
IR-M-U-0747,2025,Management,2021-22,65136728.0,2609708.0,11040740.0,,,203071320.0,161090733.0,11040740.0,0.0,25771020.0,0.0,0.0
IR-M-S-14875,2025,Management,2023-24,10400000.0,5265000.0,9719000.0,,,215306000.0,549332000.0,9719000.0,6380891.0,3124000.0,8.0,8.0
IR-M-S-14875,2025,Management,2022-23,11356000.0,4829000.0,8800000.0,,,194580000.0,492635000.0,8800000.0,960000.0,7577349.0,1.0,1.0
IR-M-S-14875,2025,Management,2021-22,6193000.0,4747000.0,2651000.0,,,178601000.0,298814260.0,2651000.0,840000.0,737474.0,1.0,1.0
IR-M-S-6,2025,Management,2023-24,,,,,,159536495.0,297594708.0,30362133.0,112759200.0,15686960.0,6.0,6.0
IR-M-S-6,2025,Management,2022-23,,,,,,117906117.0,107593246.0,1528680.0,2877900.0,2779340.0,4.0,4.0
IR-M-S-6,2025,Management,2021-22,,,,,,93349324.0,109247344.0,1042968.0,0.0,775000.0,0.0,0.0
IR-M-U-1004,2025,Management,2023-24,460354092.0,13228527.0,8966304.0,,,177271898.0,292228544.0,8966304.0,2417610.0,25252322.0,6.0,2.0
IR-M-U-1004,2025,Management,2022-23,9950210.0,8015703.0,6321942.0,,,151567499.0,178535988.0,6321942.0,4306500.0,25508229.0,5.0,2.0
IR-M-U-1004,2025,Management,2021-22,34157580.0,3358588.0,3560603.0,,,106278516.0,104124368.0,3560603.0,2463000.0,17556305.0,1.0,1.0
IR-M-U-0564,2025,Management,2023-24,,,,,,205610787.0,229729410.0,9749762.0,450000.0,15262964.0,1.0,1.0
IR-M-U-0564,2025,Management,2022-23,,,,,,159489964.0,120152883.0,2245370.0,198500.0,11831390.0,1.0,1.0
IR-M-U-0564,2025,Management,2021-22,,,,,,143167116.0,117627198.0,3557372.0,318000.0,2536478.0,2.0,2.0
IR-M-N-16,2025,Management,2023-24,,,,,,308797724.0,356594504.0,1248950.0,34946458.0,21009439.0,16.0,16.0
IR-M-N-16,2025,Management,2022-23,,,,,,290142738.0,321568577.0,1301470.0,33936430.0,14438676.0,31.0,13.0
IR-M-N-16,2025,Management,2021-22,,,,,,373726938.0,146471512.0,1394420.0,28844636.0,11150631.0,13.0,13.0
IR-M-S-8937,2025,Management,2023-24,44980031.0,16900343.0,4972075.0,,,239284139.0,503706116.0,4972075.0,1658345.0,6207588.0,3.0,3.0
IR-M-S-8937,2025,Management,2022-23,107115651.0,17096739.0,29975689.0,,,218225691.0,425993011.0,29975689.0,5457348.0,10315000.0,2.0,1.0
IR-M-S-8937,2025,Management,2021-22,568170501.0,77389112.0,5422640.0,,,163493586.0,205216305.0,5422640.0,4128059.0,3877808.0,2.0,2.0
IR-M-S-156,2025,Management,2023-24,5306271.0,5102902.0,56741966.0,,,268377509.0,407303938.0,56741966.0,14414000.0,4552868.0,8.0,8.0
IR-M-S-156,2025,Management,2022-23,12452270.0,5132256.0,52274968.0,,,213244048.0,242837395.0,52274968.0,5609042.0,5845408.0,7.0,5.0
IR-M-S-156,2025,Management,2021-22,8710302.0,5055721.0,16452503.0,,,242111973.0,242287604.0,16452503.0,5710725.0,4994445.0,4.0,4.0
IR-M-I-1064,2025,Management,2023-24,9059362.0,1611080.0,17155631.0,,,439181515.0,230271379.0,17155631.0,1700000.0,0.0,3.0,1.0
IR-M-I-1064,2025,Management,2022-23,9720915.0,3642080.0,8026449.0,,,350083029.0,388144823.0,8026449.0,450000.0,40000.0,2.0,2.0
IR-M-I-1064,2025,Management,2021-22,20940156.0,11357557.0,3903751.0,,,318336721.0,283595018.0,3903751.0,425000.0,180000.0,1.0,1.0
IR-M-S-3283,2025,Management,2023-24,183300000.0,7400000.0,24000000.0,,,163500000.0,164200000.0,24000000.0,747000.0,250000.0,2.0,2.0
IR-M-S-3283,2025,Management,2022-23,6828000.0,10597000.0,16830000.0,,,141173000.0,139020000.0,16830000.0,394000.0,483000.0,2.0,2.0
IR-M-S-3283,2025,Management,2021-22,13528700.0,4234000.0,4339000.0,,,124204000.0,109359000.0,4339000.0,0.0,0.0,0.0,0.0
IR-M-I-1408,2025,Management,2023-24,32152363.0,1061478.0,3734485.0,,,127921469.0,238015310.0,3734485.0,18555143.0,3424396.0,2.0,2.0
IR-M-I-1408,2025,Management,2022-23,7750305.0,1773176.0,4796916.0,,,124045876.0,180979693.0,4796916.0,9082421.0,1768425.0,3.0,3.0
IR-M-I-1408,2025,Management,2021-22,1973193.0,2323518.0,2067401.0,,,111768598.0,73713084.0,2067401.0,275423.0,630000.0,2.0,2.0
IR-M-S-87,2025,Management,2023-24,90579477.0,11854559.0,19077691.0,,,386976183.0,350031829.0,19077691.0,6179009.0,20269744.0,7.0,7.0
IR-M-S-87,2025,Management,2022-23,29358694.0,13235651.0,7443337.0,,,346315771.0,120625926.0,7443337.0,29983200.0,11876256.0,11.0,10.0
IR-M-S-87,2025,Management,2021-22,57154422.0,12852410.0,6663237.0,,,300838151.0,128767972.0,6663237.0,4159133.0,6609982.0,4.0,4.0
IR-M-U-0379,2025,Management,2023-24,20883079.0,6156888.0,722649.0,,,123945441.0,319342413.0,722649.0,0.0,20390894.0,0.0,0.0
IR-M-U-0379,2025,Management,2022-23,17621059.0,7741361.0,479809.0,,,135984787.0,149492623.0,479809.0,0.0,14426309.0,0.0,0.0
IR-M-U-0379,2025,Management,2021-22,5114005.0,2801781.0,231143.0,,,91054515.0,55493332.0,231143.0,0.0,19501223.0,0.0,0.0
IR-M-U-0715,2025,Management,2023-24,20704310.0,12222146.0,2659219.0,,,197816225.0,60336595.0,2659219.0,1317900.0,5962828.0,3.0,3.0
IR-M-U-0715,2025,Management,2022-23,356156023.0,4024505.0,3664556.0,,,179001787.0,46648629.0,3664556.0,469800.0,2432168.0,4.0,3.0
IR-M-U-0715,2025,Management,2021-22,11780481.0,3094351.0,54400.0,,,195563943.0,25039824.0,54400.0,0.0,6347606.0,0.0,0.0
IR-M-I-1480,2025,Management,2023-24,16993556.0,9810306.0,6540272.0,,,116578269.0,93229786.0,6540272.0,0.0,572595.0,0.0,0.0
IR-M-I-1480,2025,Management,2022-23,8650522.0,6687956.0,3906073.0,,,96649071.0,79037622.0,3906073.0,0.0,1797757.0,0.0,0.0
IR-M-I-1480,2025,Management,2021-22,6266702.0,6128918.0,3382705.0,,,93501452.0,58644767.0,3382705.0,0.0,937620.0,0.0,0.0
IR-M-U-0012,2025,Management,2023-24,,,,,,1105807834.0,489820428.0,8331153.0,5381548.0,6941103.0,7.0,3.0
IR-M-U-0012,2025,Management,2022-23,,,,,,888450225.0,445736764.0,1860077.0,7059440.0,7762420.0,3.0,3.0
IR-M-U-0012,2025,Management,2021-22,,,,,,765456620.0,262947764.0,5849287.0,3000000.0,9135503.0,5.0,5.0
IR-M-U-0205,2025,Management,2023-24,7881227.0,12153475.0,1953139.0,,,116489507.0,90107482.0,1953139.0,9228664.0,0.0,14.0,8.0
IR-M-U-0205,2025,Management,2022-23,5721985.0,24902268.0,1187395.0,,,100618290.0,55433930.0,1187395.0,4802457.0,0.0,11.0,7.0
IR-M-U-0205,2025,Management,2021-22,8128727.0,17753741.0,586598.0,,,90341660.0,52368715.0,586598.0,5248872.0,325620.0,7.0,4.0
IR-M-U-0497,2025,Management,2023-24,43652194.0,3792292.0,9343227.0,,,471319571.0,951283413.0,9343227.0,2904954.0,106221521.0,4.0,4.0
IR-M-U-0497,2025,Management,2022-23,18516710.0,567333.0,4339301.0,,,290132846.0,123611573.0,4339301.0,2412195.0,45173437.0,2.0,2.0
IR-M-U-0497,2025,Management,2021-22,4101884.0,662421.0,1125510.0,,,278233157.0,57921101.0,1125510.0,669300.0,32880718.0,2.0,2.0
IR-M-S-17295,2025,Management,2023-24,,,,,,197700819.0,96595559.0,2116900.0,568800.0,1860000.0,2.0,2.0
IR-M-S-17295,2025,Management,2022-23,,,,,,170320372.0,113568029.0,1232736.0,1633600.0,387000.0,3.0,3.0
IR-M-S-17295,2025,Management,2021-22,,,,,,124241335.0,65445346.0,11923.0,65600.0,3368098.0,1.0,1.0
IR-M-S-15911,2025,Management,2023-24,124206936.0,15118588.0,3754582.0,,,156421469.0,439831674.0,3754582.0,5902650.0,118000.0,8.0,5.0
IR-M-S-15911,2025,Management,2022-23,32390148.0,7833152.0,4085094.0,,,104981734.0,158143190.0,4085094.0,640000.0,0.0,1.0,1.0
IR-M-S-15911,2025,Management,2021-22,12451539.0,1602831.0,978832.0,,,58005801.0,131627405.0,978832.0,0.0,0.0,0.0,0.0
IR-M-U-0555,2025,Management,2023-24,7885595.0,4837684.0,0.0,,,98365280.0,137086172.0,0.0,280000.0,7410303.0,2.0,2.0
IR-M-U-0555,2025,Management,2022-23,3248763.0,3293418.0,1817308.0,,,78180926.0,298230492.0,1817308.0,0.0,4350000.0,0.0,0.0
IR-M-U-0555,2025,Management,2021-22,1500000.0,800000.0,1553000.0,,,43309200.0,194966622.0,1553000.0,0.0,0.0,0.0,0.0
IR-M-U-0146,2025,Management,2023-24,143914108.0,0.0,4632465.0,,,236980355.0,230582635.0,4632465.0,5768633.0,191211.0,3.0,2.0
IR-M-U-0146,2025,Management,2022-23,83623819.0,0.0,2402308.0,,,185786861.0,125616402.0,2402308.0,1681469.0,772620.0,1.0,1.0
IR-M-U-0146,2025,Management,2021-22,41575185.0,0.0,4301017.0,,,157778857.0,85889927.0,4301017.0,6082818.0,354597.0,5.0,4.0
IR-M-S-92,2025,Management,2023-24,,,,,,243945046.0,216847968.0,6470267.0,33416111.0,58536133.0,6.0,5.0
IR-M-S-92,2025,Management,2022-23,,,,,,243324938.0,197713390.0,20568866.0,45734221.0,56945268.0,7.0,6.0
IR-M-S-92,2025,Management,2021-22,,,,,,229037261.0,158507180.0,5061093.0,8587875.0,56858849.0,4.0,4.0
IR-M-S-331,2025,Management,2023-24,,,,,,99642132.0,216755645.0,4023774.0,6344000.0,1707400.0,5.0,5.0
IR-M-S-331,2025,Management,2022-23,,,,,,85544826.0,98268658.0,1898522.0,199000.0,2250000.0,11.0,1.0
IR-M-S-331,2025,Management,2021-22,,,,,,51409548.0,216203817.0,1711298.0,35015000.0,2330530.0,13.0,3.0
IR-M-U-0473,2025,Management,2023-24,4074186.0,636739.0,16192509.0,,,249377887.0,22741188.0,16192509.0,2400000.0,0.0,2.0,2.0
IR-M-U-0473,2025,Management,2022-23,6968.0,2305355.0,6585805.0,,,223369439.0,18192688.0,6585805.0,1789000.0,586200.0,6.0,6.0
IR-M-U-0473,2025,Management,2021-22,0.0,3111681.0,2339211.0,,,205134754.0,7626582.0,2339211.0,186000.0,701849.0,2.0,2.0
IR-M-U-0467,2025,Management,2023-24,18152802.0,2178000.0,301760.0,,,34172317.0,22526855.0,301760.0,4102320.0,0.0,1.0,1.0
IR-M-U-0467,2025,Management,2022-23,11718292.0,493000.0,0.0,,,33217324.0,19284255.0,0.0,1412906.0,600000.0,1.0,1.0
IR-M-U-0467,2025,Management,2021-22,12989605.0,1193000.0,341452.0,,,33518918.0,18548398.0,341452.0,0.0,50000.0,0.0,0.0
IR-M-U-0217,2025,Management,2023-24,27246292.0,10225790.0,27490505.0,,,488080197.0,28922131.0,27490505.0,5820900.0,4650032.0,13.0,8.0
IR-M-U-0217,2025,Management,2022-23,20556788.0,8665202.0,16582984.0,,,368884636.0,27730224.0,16582984.0,312000.0,3100743.0,3.0,2.0
IR-M-U-0217,2025,Management,2021-22,22268095.0,5867998.0,648618.0,,,296232386.0,26169344.0,648618.0,261073.0,2899806.0,1.0,1.0
IR-M-I-1066,2025,Management,2023-24,33637544.0,0.0,16437471.0,,,284614469.0,294916905.0,16437471.0,419066.0,21554441.0,2.0,2.0
IR-M-I-1066,2025,Management,2022-23,12359962.0,0.0,7081158.0,,,257971531.0,381828404.0,7081158.0,0.0,18283544.0,0.0,0.0
IR-M-I-1066,2025,Management,2021-22,34385444.0,3134810.0,7762097.0,,,203123936.0,173059216.0,7762097.0,403898.0,19172400.0,3.0,3.0
IR-M-U-0500,2025,Management,2023-24,3087500.0,750000.0,2030052.0,,,84030733.0,27386500.0,2030052.0,8400000.0,975000.0,8.0,3.0
IR-M-U-0500,2025,Management,2022-23,2045000.0,5680100.0,3756400.0,,,80953600.0,23455000.0,3756400.0,7800000.0,750000.0,14.0,2.0
IR-M-U-0500,2025,Management,2021-22,999397.0,3017800.0,1839000.0,,,74881262.0,5308200.0,1839000.0,7050000.0,750000.0,11.0,1.0
IR-M-S-354,2025,Management,2023-24,142058778.0,13604952.0,5873821.0,,,298036778.0,315286355.0,5873821.0,6408476.0,5953500.0,4.0,4.0
IR-M-S-354,2025,Management,2022-23,7373277.0,5326923.0,4141992.0,,,254343227.0,267162838.0,4141992.0,13372800.0,1055729.0,3.0,2.0
IR-M-S-354,2025,Management,2021-22,1499477.0,2142004.0,2421258.0,,,233197841.0,202494601.0,2421258.0,8750000.0,931990.0,3.0,3.0
IR-M-U-0410,2025,Management,2023-24,,,,,,24216915.0,1056328.0,758549.0,3565000.0,4714000.0,4.0,3.0
IR-M-U-0410,2025,Management,2022-23,,,,,,20824362.0,210372.0,686474.0,3945000.0,745000.0,6.0,5.0
IR-M-U-0410,2025,Management,2021-22,,,,,,20190821.0,10000.0,408076.0,1865000.0,0.0,4.0,2.0
IR-M-I-1441,2025,Management,2023-24,5494124.0,6491195.0,603051.0,,,64220212.0,17474141.0,603051.0,0.0,3050000.0,0.0,0.0
IR-M-I-1441,2025,Management,2022-23,3505196.0,2175000.0,139700.0,,,54746653.0,9974030.0,139700.0,0.0,0.0,0.0,0.0
IR-M-I-1441,2025,Management,2021-22,3087910.0,1969851.0,117830.0,,,43797322.0,7635394.0,117830.0,0.0,0.0,0.0,0.0
IR-M-S-16881,2025,Management,2023-24,85185032.0,7720803.0,16744792.0,,,188315055.0,180934171.0,16744792.0,436000.0,14697502.0,1.0,1.0
IR-M-S-16881,2025,Management,2022-23,5531087.0,6909130.0,21624873.0,,,160279690.0,152677254.0,21624873.0,0.0,1593000.0,0.0,0.0
IR-M-S-16881,2025,Management,2021-22,1793136.0,7446927.0,5077204.0,,,121730950.0,10348410.0,5077204.0,0.0,1150000.0,0.0,0.0
IR-M-S-220,2025,Management,2023-24,40452320.0,0.0,2492267.0,,,357960936.0,365158922.0,2492267.0,3414310.0,286770.0,2.0,2.0
IR-M-S-220,2025,Management,2022-23,32944517.0,0.0,702111.0,,,299833472.0,284643025.0,702111.0,1802397.0,163725.0,2.0,2.0
IR-M-S-220,2025,Management,2021-22,2183733.0,0.0,751862.0,,,264748171.0,145333942.0,751862.0,0.0,241100.0,0.0,0.0
IR-M-U-0363,2025,Management,2023-24,54862378.0,1713579.0,4241673.0,,,84649736.0,89996537.0,4241673.0,6752000.0,6550000.0,5.0,5.0
IR-M-U-0363,2025,Management,2022-23,50667294.0,1234670.0,1995842.0,,,83558876.0,88346765.0,1995842.0,5975000.0,6345000.0,5.0,5.0
IR-M-U-0363,2025,Management,2021-22,43433971.0,976123.0,1195553.0,,,81570387.0,83671410.0,1195553.0,5245000.0,5850000.0,4.0,4.0
IR-M-S-419,2025,Management,2023-24,32523000.0,5724000.0,22072000.0,,,136499000.0,157134000.0,22072000.0,2034000.0,1994000.0,2.0,2.0
IR-M-S-419,2025,Management,2022-23,11861000.0,5949000.0,11406000.0,,,113314000.0,132594000.0,11406000.0,235000.0,838000.0,2.0,2.0
IR-M-S-419,2025,Management,2021-22,1405000.0,3865000.0,3637000.0,,,104774000.0,104741000.0,3637000.0,250000.0,1313000.0,5.0,2.0
IR-M-U-0356,2025,Management,2023-24,,,,,,378850817.0,227938169.0,39039765.0,25030000.0,114092411.0,13.0,9.0
IR-M-U-0356,2025,Management,2022-23,,,,,,392541481.0,187136738.0,17790181.0,11390800.0,22064509.0,11.0,7.0
IR-M-U-0356,2025,Management,2021-22,,,,,,315168436.0,156254543.0,19759589.0,2230000.0,5180292.0,8.0,5.0
IR-M-U-0496,2025,Management,2023-24,31051776.0,25840286.0,245578.0,,,104867780.0,11166836.0,245578.0,750000.0,2000000.0,1.0,1.0
IR-M-U-0496,2025,Management,2022-23,31051776.0,25840286.0,163389.0,,,99418278.0,10966836.0,163389.0,316250.0,2000000.0,2.0,2.0
IR-M-U-0496,2025,Management,2021-22,31051776.0,25249963.0,100000.0,,,96753800.0,4559000.0,100000.0,88000.0,930000.0,1.0,1.0
IR-M-U-0020,2025,Management,2023-24,51756300.0,5129500.0,2440330.0,,,89916615.0,147184450.0,2440330.0,5082000.0,2624900.0,29.0,11.0
IR-M-U-0020,2025,Management,2022-23,35358530.0,0.0,3267888.0,,,84034465.0,125029213.0,3267888.0,4399050.0,1246000.0,31.0,10.0
IR-M-U-0020,2025,Management,2021-22,7588948.0,0.0,2762253.0,,,65425550.0,114758687.0,2762253.0,1139000.0,759322.0,6.0,5.0
IR-M-U-0213,2025,Management,2023-24,,,,,,267709820.0,78769352.0,8644413.0,3000000.0,28500000.0,3.0,3.0
IR-M-U-0213,2025,Management,2022-23,,,,,,218471097.0,75127800.0,11916100.0,2419500.0,1227769.0,3.0,3.0
IR-M-U-0213,2025,Management,2021-22,,,,,,183242500.0,100937000.0,896000.0,0.0,2000000.0,0.0,0.0
IR-M-I-1132,2025,Management,2023-24,5067284.0,6952224.0,3811040.0,,,118516434.0,92724084.0,3811040.0,0.0,0.0,0.0,0.0
IR-M-I-1132,2025,Management,2022-23,3062099.0,2987129.0,1900771.0,,,113675945.0,83686036.0,1900771.0,0.0,0.0,0.0,0.0
IR-M-I-1132,2025,Management,2021-22,1404874.0,5564521.0,1170319.0,,,110455887.0,65216078.0,1170319.0,0.0,0.0,0.0,0.0
IR-M-U-0223,2025,Management,2023-24,91134866.0,4829695.0,2649819.0,,,448278457.0,235388806.0,2649819.0,700000.0,24618840.0,1.0,1.0
IR-M-U-0223,2025,Management,2022-23,88971226.0,5465941.0,2193517.0,,,423554378.0,174903931.0,2193517.0,300000.0,11712000.0,1.0,1.0
IR-M-U-0223,2025,Management,2021-22,74867975.0,5159962.0,1892618.0,,,376759686.0,154734008.0,1892618.0,350000.0,11060000.0,1.0,1.0
IR-M-S-309,2025,Management,2023-24,27486553.0,9056778.0,28615311.0,,,88476030.0,141955688.0,28615311.0,600030.0,5216190.0,2.0,2.0
IR-M-S-309,2025,Management,2022-23,7999323.0,4742927.0,12826409.0,,,78805487.0,113449842.0,12826409.0,596490.0,953440.0,1.0,1.0
IR-M-S-309,2025,Management,2021-22,7941837.0,3715223.0,7239674.0,,,69483627.0,111025849.0,7239674.0,528640.0,0.0,1.0,1.0
IR-M-S-19472,2025,Management,2023-24,58650.0,11965460.0,4065929.0,,,431085204.0,406255550.0,4065929.0,986800.0,8773909.0,2.0,2.0
IR-M-S-19472,2025,Management,2022-23,2336073.0,5686720.0,17023409.0,,,464776446.0,342665762.0,17023409.0,4039869.0,8798419.0,4.0,4.0
IR-M-S-19472,2025,Management,2021-22,631321.0,3911951.0,743278.0,,,288701608.0,265253119.0,743278.0,384775.0,5584366.0,8.0,2.0
IR-M-U-0099,2025,Management,2023-24,8174250.0,3074500.0,1987493.0,,,68647778.0,8041350.0,1987493.0,3925000.0,1864500.0,5.0,2.0
IR-M-U-0099,2025,Management,2022-23,7497496.0,2410543.0,1684330.0,,,67575850.0,7547128.0,1684330.0,2100000.0,280000.0,4.0,3.0
IR-M-U-0099,2025,Management,2021-22,7129325.0,1523046.0,1302225.0,,,58623179.0,6923103.0,1302225.0,2184428.0,270000.0,7.0,4.0
IR-M-U-0735,2025,Management,2023-24,21412156.0,16054091.0,6575109.0,,,170986238.0,122934522.0,6575109.0,9561000.0,1673350.0,5.0,2.0
IR-M-U-0735,2025,Management,2022-23,10769008.0,8995958.0,6001889.0,,,133737028.0,96135741.0,6001889.0,6650000.0,4225000.0,5.0,3.0
IR-M-U-0735,2025,Management,2021-22,4521723.0,3896977.0,3357906.0,,,104954644.0,61147061.0,3357906.0,6750000.0,3411000.0,2.0,2.0
IR-M-U-0373,2025,Management,2023-24,19939152.0,1553189.0,1342281.0,,,109330137.0,111378225.0,1342281.0,0.0,4068552.0,0.0,0.0
IR-M-U-0373,2025,Management,2022-23,6375533.0,1081628.0,3546838.0,,,98501548.0,124884671.0,3546838.0,0.0,0.0,0.0,0.0
IR-M-U-0373,2025,Management,2021-22,17186365.0,1264733.0,5927375.0,,,66722763.0,38858994.0,5927375.0,0.0,0.0,0.0,0.0
IR-M-U-0498,2025,Management,2023-24,4708500.0,3291000.0,3425300.0,,,40152000.0,4785100.0,3425300.0,3125200.0,6791000.0,5.0,4.0
IR-M-U-0498,2025,Management,2022-23,3478285.0,2762420.0,2172830.0,,,31353883.0,3974900.0,2172830.0,2250700.0,2495100.0,5.0,3.0
IR-M-U-0498,2025,Management,2021-22,2293930.0,1538600.0,1705400.0,,,24202695.0,2663100.0,1705400.0,1350900.0,1310580.0,4.0,2.0
IR-M-C-36557,2025,Management,2023-24,,,,,,76173165.0,95639990.0,2775632.0,932000.0,259840.0,2.0,2.0
IR-M-C-36557,2025,Management,2022-23,,,,,,68493794.0,83093734.0,2160689.0,420000.0,109152.0,1.0,1.0
IR-M-C-36557,2025,Management,2021-22,,,,,,56039990.0,55126290.0,1183991.0,350000.0,407691.0,1.0,1.0
IR-M-U-0749,2025,Management,2023-24,32233333.0,0.0,2140430.0,,,25113817.0,37715844.0,2140430.0,1500000.0,1176580.0,1.0,1.0
IR-M-U-0749,2025,Management,2022-23,12724904.0,0.0,1675053.0,,,16336319.0,25597294.0,1675053.0,159500.0,1204682.0,4.0,4.0
IR-M-U-0749,2025,Management,2021-22,10390351.0,1921798.0,268060.0,,,15323781.0,26277981.0,268060.0,100000.0,550000.0,1.0,1.0
IR-M-U-0253,2025,Management,2023-24,3825042.0,285789.0,2830848.0,,,113897593.0,40429535.0,2830848.0,11259855.0,6747188.0,14.0,6.0
IR-M-U-0253,2025,Management,2022-23,7710217.0,1862749.0,2924515.0,,,111425885.0,29404879.0,2924515.0,2847431.0,2601784.0,5.0,4.0
IR-M-U-0253,2025,Management,2021-22,4054052.0,3376843.0,1908434.0,,,96370868.0,17788896.0,1908434.0,5562886.0,1398890.0,4.0,3.0
IR-M-U-0739,2025,Management,2023-24,8875571.0,2089010.0,1897581.0,,,27441860.0,19420687.0,1897581.0,34000000.0,1354000.0,12.0,6.0
IR-M-U-0739,2025,Management,2022-23,6014374.0,1845787.0,1502945.0,,,23385648.0,13632399.0,1502945.0,2378140.0,912000.0,9.0,4.0
IR-M-U-0739,2025,Management,2021-22,4905240.0,1400796.0,1036685.0,,,22890963.0,9668984.0,1036685.0,1674500.0,653600.0,3.0,2.0
IR-M-C-37013,2025,Management,2023-24,5766452.0,993755.0,1425191.0,,,49794895.0,54079263.0,1425191.0,940000.0,11940641.0,3.0,3.0
IR-M-C-37013,2025,Management,2022-23,2453072.0,680300.0,534505.0,,,43733550.0,35460189.0,534505.0,1050000.0,12348093.0,3.0,3.0
IR-M-C-37013,2025,Management,2021-22,661249.0,874822.0,5492907.0,,,41652013.0,17211039.0,5492907.0,600000.0,9584699.0,2.0,2.0
IR-M-U-0263,2025,Management,2023-24,17150547.0,16735704.0,989370.0,,,76476449.0,22343464.0,989370.0,1525000.0,1412002.0,3.0,2.0
IR-M-U-0263,2025,Management,2022-23,5325143.0,10073614.0,1025387.0,,,54425737.0,25254678.0,1025387.0,1014500.0,941322.0,4.0,2.0
IR-M-U-0263,2025,Management,2021-22,5694773.0,7424230.0,811000.0,,,52461235.0,22345322.0,811000.0,775000.0,918767.0,2.0,1.0
IR-M-S-78,2025,Management,2023-24,6416568.0,5801395.0,1518272.0,,,177432458.0,228471364.0,1518272.0,3800000.0,4295000.0,6.0,6.0
IR-M-S-78,2025,Management,2022-23,28973978.0,9482810.0,15717561.0,,,137668919.0,172585406.0,15717561.0,3700000.0,4006494.0,5.0,5.0
IR-M-S-78,2025,Management,2021-22,15627295.0,5041716.0,2765640.0,,,114643016.0,73115719.0,2765640.0,3416000.0,3602000.0,8.0,6.0
IR-M-U-0107,2025,Management,2023-24,1690586.0,1089663.0,171293.0,,,77121321.0,10254674.0,171293.0,8400000.0,3550000.0,5.0,4.0
IR-M-U-0107,2025,Management,2022-23,154106.0,1084479.0,159448.0,,,72974249.0,1410125.0,159448.0,4100000.0,1000000.0,5.0,3.0
IR-M-U-0107,2025,Management,2021-22,900940.0,542787.0,30000.0,,,63956930.0,10233460.0,30000.0,2500000.0,500000.0,5.0,3.0
IR-M-U-0439,2025,Management,2023-24,166654.0,2475231.0,375330.0,,,44121133.0,2333702.0,375330.0,0.0,80000.0,0.0,0.0
IR-M-U-0439,2025,Management,2022-23,314360.0,3073126.0,97264.0,,,40247348.0,1276290.0,97264.0,0.0,455625.0,0.0,0.0
IR-M-U-0439,2025,Management,2021-22,1897699.0,558323.0,46492.0,,,36046035.0,2413347.0,46492.0,1012500.0,0.0,1.0,1.0
IR-M-U-0147,2025,Management,2023-24,3552243.0,0.0,467225.0,,,82094347.0,26017493.0,467225.0,0.0,1315995.0,0.0,0.0
IR-M-U-0147,2025,Management,2022-23,4208100.0,25731.0,217047.0,,,75881591.0,21949710.0,217047.0,338000.0,446040.0,2.0,1.0
IR-M-U-0147,2025,Management,2021-22,1129438.0,1287287.0,290763.0,,,66457838.0,14396567.0,290763.0,300000.0,860000.0,1.0,1.0
IR-M-C-32855,2025,Management,2023-24,9387222.0,8132916.0,10260244.0,,,164182887.0,135846219.0,10260244.0,2440000.0,3566000.0,3.0,3.0
IR-M-C-32855,2025,Management,2022-23,2349903.0,7413122.0,6450765.0,,,126194809.0,79226693.0,6450765.0,2400000.0,4083000.0,4.0,4.0
IR-M-C-32855,2025,Management,2021-22,9006704.0,2340531.0,3494091.0,,,83858195.0,87352287.0,3494091.0,4091595.0,3865000.0,5.0,5.0
IR-M-S-164,2025,Management,2023-24,,,,,,85037332.0,88423680.0,3013678.0,4278076.0,22096847.0,27.0,9.0
IR-M-S-164,2025,Management,2022-23,,,,,,69151169.0,75290652.0,1101412.0,1674669.0,26569160.0,2.0,2.0
IR-M-S-164,2025,Management,2021-22,,,,,,45289620.0,28942497.0,95673.0,560683.0,3468503.0,3.0,3.0
IR-M-U-0078,2025,Management,2023-24,0.0,0.0,114171.0,,,78972923.0,145775.0,114171.0,0.0,0.0,0.0,0.0
IR-M-U-0078,2025,Management,2022-23,517013.0,0.0,0.0,,,65874464.0,100000.0,0.0,0.0,0.0,0.0,0.0
IR-M-U-0078,2025,Management,2021-22,0.0,0.0,0.0,,,70707431.0,38820.0,0.0,0.0,0.0,0.0,0.0
IR-M-U-0267,2025,Management,2023-24,10195561.0,17128032.0,19153534.0,,,135159556.0,80813823.0,19153534.0,8613765.0,17073227.0,23.0,14.0
IR-M-U-0267,2025,Management,2022-23,3925502.0,13180969.0,11127464.0,,,84660426.0,86560328.0,11127464.0,11892100.0,5377464.0,21.0,14.0
IR-M-U-0267,2025,Management,2021-22,1328077.0,3175769.0,2398638.0,,,82834836.0,89396343.0,2398638.0,7932855.0,763000.0,18.0,9.0
IR-M-I-1124,2025,Management,2023-24,4826905.0,1027576.0,2047359.0,,,149697922.0,95947523.0,2047359.0,0.0,2260307.0,0.0,0.0
IR-M-I-1124,2025,Management,2022-23,2158560.0,6115559.0,1845155.0,,,145194586.0,68573165.0,1845155.0,6797000.0,8808657.0,2.0,2.0
IR-M-I-1124,2025,Management,2021-22,48789.0,4780360.0,1929796.0,,,144218051.0,58679721.0,1929796.0,7267000.0,9005900.0,4.0,4.0
IR-M-S-14553,2025,Management,2023-24,18533566.0,0.0,39455267.0,,,132986011.0,47972731.0,39455267.0,49783076.0,16402373.0,15.0,9.0
IR-M-S-14553,2025,Management,2022-23,43501743.0,0.0,33091594.0,,,128755323.0,39439900.0,33091594.0,37047199.0,5652186.0,14.0,10.0
IR-M-S-14553,2025,Management,2021-22,45739306.0,45739306.0,23591244.0,,,95560261.0,35999868.0,23591244.0,28311232.0,5756152.0,10.0,8.0
IR-M-N-4,2025,Management,2023-24,21113831.0,23267279.0,5786518.0,,,62460856.0,65924732.0,5786518.0,0.0,255000.0,0.0,0.0
IR-M-N-4,2025,Management,2022-23,8540749.0,20053174.0,5747363.0,,,54040197.0,57975492.0,5747363.0,2960000.0,7640000.0,15.0,1.0
IR-M-N-4,2025,Management,2021-22,14574429.0,4200951.0,4481542.0,,,52716034.0,43788924.0,4481542.0,0.0,4293000.0,0.0,0.0
IR-M-U-0202,2025,Management,2023-24,,,,,,93130387.0,32340980.0,367221.0,9050000.0,2431809.0,2.0,2.0
IR-M-U-0202,2025,Management,2022-23,,,,,,77816402.0,27346410.0,455061.0,0.0,2164733.0,0.0,0.0
IR-M-U-0202,2025,Management,2021-22,,,,,,65353004.0,21358154.0,15000.0,1220000.0,0.0,2.0,2.0
IR-M-U-0395,2025,Management,2023-24,,,,,,44192518.0,8558890.0,0.0,17471760.0,0.0,3.0,3.0
IR-M-U-0395,2025,Management,2022-23,,,,,,38110899.0,6123991.0,0.0,1675000.0,100000.0,3.0,3.0
IR-M-U-0395,2025,Management,2021-22,,,,,,25415976.0,3626786.0,0.0,1864000.0,0.0,1.0,1.0
IR-M-I-1048,2025,Management,2023-24,8429855.0,9589738.0,10909407.0,,,191736360.0,146172965.0,10909407.0,0.0,1369000.0,0.0,0.0
IR-M-I-1048,2025,Management,2022-23,2166598.0,4831137.0,11183006.0,,,177433149.0,100268924.0,11183006.0,2300000.0,1935000.0,4.0,4.0
IR-M-I-1048,2025,Management,2021-22,2296933.0,3318071.0,6962621.0,,,161279935.0,96153702.0,6962621.0,2015000.0,1619000.0,4.0,3.0
IR-M-U-0524,2025,Management,2023-24,3265000.0,5556800.0,1427311.0,,,91007116.0,2100000.0,1427311.0,2235400.0,625000.0,4.0,2.0
IR-M-U-0524,2025,Management,2022-23,2892000.0,5429724.0,988790.0,,,79095255.0,1860000.0,988790.0,1975000.0,435600.0,3.0,2.0
IR-M-U-0524,2025,Management,2021-22,2500000.0,2425000.0,607600.0,,,64140850.0,1600250.0,607600.0,1845000.0,350000.0,3.0,2.0
