id,name,tlr,rpc,go,oi,perception,city,state,total,rank,year,domain,latitude,longitude
IR-O-U-0456,Indian Institute of Technology Madras,90.58,88.02,87.01,63.34,100.00,Chennai,Tamil Nadu,87.31,1
IR-O-U-0220,Indian Institute of Science,86.47,88.16,83.69,60.29,98.41,Bengaluru,Karnataka,85.00,2
IR-O-U-0306,Indian Institute of Technology Bombay,83.79,83.05,86.04,60.13,83.35,Mumbai,Maharashtra,81.62,3
IR-O-I-1074,Indian Institute of Technology Delhi,80.52,86.67,74.71,63.54,92.23,New Delhi,Delhi,80.67,4
IR-O-I-1075,Indian Institute of Technology Kanpur,86.36,72.12,82.01,60.38,72.56,Kanpur,Uttar Pradesh,77.25,5
IR-O-U-0573,Indian Institute of Technology Kharagpur,77.73,71.21,81.52,60.63,69.51,Kharagpur,West Bengal,73.99,6
IR-O-U-0560,Indian Institute of Technology Roorkee,73.06,72.05,82.90,64.95,51.24,Roorkee,Uttarakhand,71.73,7
IR-O-N-15,"All India Institute of Medical Sciences, Delhi",75.64,65.06,68.65,70.92,75.40,New Delhi,Delhi,70.57,8
IR-O-U-0109,Jawaharlal Nehru University,75.53,45.59,99.93,78.82,54.13,New Delhi,Delhi,69.62,9
IR-O-U-0500,Banaras Hindu University,76.41,51.17,95.42,65.95,47.63,Varanasi,Uttar Pradesh,68.71,10
IR-O-U-0053,Indian Institute of Technology Guwahati,68.27,67.16,82.12,62.73,43.52,Guwahati,Assam,67.67,11
IR-O-U-0013,Indian Institute of Technology Hyderabad,79.81,56.77,73.89,58.56,54.35,Hyderabad,Telangana,67.04,12
IR-O-U-0108,Jamia Millia Islamia,73.81,50.03,92.56,83.83,29.47,New Delhi,Delhi,66.99,13
IR-O-U-0234,Manipal Academy of Higher Education-Manipal,79.44,61.76,78.52,67.71,20.28,Manipal,Karnataka,66.86,14
IR-O-U-0120,University of Delhi,60.65,58.51,96.94,70.15,40.55,Delhi,Delhi,66.19,15
IR-O-U-0391,Birla Institute of Technology & Science -Pilani,72.16,63.27,77.74,61.42,27.41,Pilani,Rajasthan,65.06,16
IR-O-U-0436,Amrita Vishwa Vidyapeetham,76.85,51.06,81.91,71.42,30.67,Coimbatore,Tamil Nadu,64.97,17
IR-O-U-0575,Jadavpur University,71.61,52.19,87.82,52.34,44.10,Kolkata,West Bengal,64.34,18
IR-O-U-0496,Aligarh Muslim University,71.50,48.04,93.79,64.58,26.77,Aligarh,Uttar Pradesh,63.76,19
IR-O-U-0304,Homi Bhabha National Institute,76.94,54.16,84.47,56.40,11.67,Mumbai,Maharashtra,63.03,20
IR-O-U-0490,Vellore Institute of Technology,60.55,59.53,83.42,60.61,41.16,Vellore,Tamil Nadu,62.88,21
IR-O-U-0473,S.R.M. Institute of Science and Technology,70.31,54.56,82.47,68.94,20.28,Chennai,Tamil Nadu,62.87,22
IR-O-I-1441,Saveetha Institute of Medical and Technical Sciences,76.12,56.28,73.63,71.44,6.42,Chennai,Tamil Nadu,62.23,23
IR-O-U-0101,Indian Agricultural Research Institute,74.07,46.15,80.08,78.51,16.61,New Delhi,Delhi,61.59,24
IR-O-U-0363,Siksha `O` Anusandhan,75.45,42.48,77.23,73.03,28.87,Bhubaneswar,Odisha,61.01,25
IR-O-U-0042,University of Hyderabad,73.24,44.59,78.52,63.01,29.68,Hyderabad,Telangana,60.32,26
IR-O-U-0273,Indian Institute of Technology Indore,70.95,55.01,70.76,64.23,17.69,Indore,Madhya Pradesh,60.13,27
IR-O-U-0356,Kalinga Institute of Industrial Technology,74.01,43.99,80.53,77.74,8.46,Bhubaneswar,Odisha,60.13,27
IR-O-U-0439,Anna University,62.63,54.88,67.82,51.30,61.18,Chennai,Tamil Nadu,60.06,29
IR-O-U-0467,National Institute of Technology Tiruchirappalli,59.31,50.40,74.23,66.37,56.51,Tiruchirappalli,Tamil Nadu,60.05,30
IR-O-U-0701,Indian Institute of Technology (Banaras Hindu University) Varanasi,57.05,57.79,77.97,60.88,38.97,Varanasi,Uttar Pradesh,60.03,31
IR-O-U-0747,Chandigarh University,65.11,49.13,78.05,74.25,22.48,Mohali,Punjab,59.55,32
IR-O-U-0079,Post Graduate Institute of Medical Education and Research,73.74,54.65,55.70,68.41,26.56,Chandigarh,Chandigarh,59.15,33
IR-O-U-0357,National Institute of Technology Rourkela,64.87,53.58,76.96,60.45,15.78,Rourkela,Odisha,58.55,34
IR-O-U-0205,Indian Institute of Technology (Indian School of Mines),62.12,55.35,73.56,60.64,23.19,Dhanbad,Jharkhand,58.33,35
IR-O-U-0064,Indian Institute of Technology Patna,69.77,47.23,72.43,64.12,16.34,Patna,Bihar,57.63,36
IR-O-U-0497,Amity University,62.88,55.83,74.32,63.12,7.11,Gautam Budh Nagar,Uttar Pradesh,57.49,37
IR-O-U-0222,JSS Academy of Higher Education and Research,76.72,35.68,71.51,79.49,14.64,Mysuru,Karnataka,57.43,38
IR-O-U-0139,Indian Institute of Technology Gandhinagar,73.24,41.27,69.35,67.92,20.03,Gandhinagar,Gujarat,57.01,39
IR-O-U-0329,Symbiosis International,73.49,38.34,72.97,64.00,23.19,Pune,Maharashtra,56.86,40
IR-O-U-0006,"Andhra University, Visakhapatnam",75.27,26.41,86.60,73.86,14.07,Visakhapatnam,Andhra Pradesh,56.62,41
IR-O-U-0260,Kerala University,71.19,29.64,94.62,64.07,6.76,Thiruvananthapuram,Kerala,56.26,42
IR-O-U-0368,Jawaharlal Institute of Post Graduate Medical Education & Research,75.73,33.76,70.90,70.67,21.27,Puducherry,Pondicherry,56.23,43
IR-O-I-1480,Thapar Institute of Engineering and Technology (Deemed-to-be-university),68.42,45.12,72.16,65.69,11.36,Patiala,Punjab,56.21,44
IR-O-U-0263,National Institute of Technology Calicut,72.96,36.05,72.32,67.54,22.48,Kozhikode,Kerala,56.16,45
IR-O-U-0020,Koneru Lakshmaiah Education Foundation University (K L College of Engineering),69.03,45.33,73.12,66.74,3.89,Vaddeswaram,Andhra Pradesh,55.99,46
IR-O-U-0570,Calcutta University,64.81,37.24,88.18,51.81,24.79,Kolkata,West Bengal,55.91,47
IR-O-U-0458,Kalasalingam Academy of Research and Education,70.43,36.39,74.68,76.54,10.42,Krishnan Koil,Tamil Nadu,55.68,48
IR-O-U-0379,Lovely Professional University,58.10,49.40,69.31,69.89,23.88,Phagwara,Punjab,55.49,49
IR-O-U-0253,Cochin University of Science and Technology,72.74,39.25,75.69,58.95,7.45,Cochin,Kerala,55.38,50
IR-O-U-0476,Shanmugha Arts Science Technology & Research Academy,71.76,36.50,74.04,71.78,8.46,Thanjavur,Tamil Nadu,55.32,51
IR-O-U-0052,Gauhati University,73.43,26.49,89.46,64.21,9.78,Guwahati,Assam,55.27,52
IR-O-U-0027,Osmania University,75.88,27.86,86.93,57.17,10.10,Hyderabad,Telangana,55.24,53
IR-O-U-0237,"National Institute of Technology Karnataka, Surathkal",59.76,44.19,73.98,62.67,29.47,Surathkal,Karnataka,55.21,54
IR-O-U-0305,Indian Institute of Science Education & Research Pune,69.00,44.43,60.39,64.23,23.65,Pune,Maharashtra,54.90,55
IR-O-U-0378,Indian Institute of Technology Ropar,65.95,42.30,70.37,63.66,18.48,Rupnagar,Punjab,54.76,56
IR-O-U-0078,Panjab University,56.77,41.58,80.37,65.25,25.46,Chandigarh,Chandigarh,54.65,57
IR-O-U-0184,Indian Institute of Technology Mandi,69.11,41.59,65.15,69.00,13.78,Mandi,Himachal Pradesh,54.52,58
IR-O-U-0196,University of Kashmir,74.05,34.74,79.88,50.90,6.07,Srinagar,Jammu and Kashmir,54.31,59
IR-O-U-0236,"National Institute of Mental Health & Neuro Sciences, Bangalore",72.77,40.41,66.64,56.46,13.48,Bengaluru,Karnataka,54.28,60
IR-O-U-0448,Bharathidasan University,61.36,40.81,83.97,51.54,12.28,Tiruchirappalli,Tamil Nadu,53.82,61
IR-O-U-0098,Delhi Technological University,64.13,41.43,71.27,56.21,22.00,New Delhi,Delhi,53.74,62
IR-O-U-0025,National Institute of Technology Warangal,58.72,43.85,72.82,55.83,23.19,Warangal,Telangana,53.23,63
IR-O-U-0564,UPES,62.97,45.60,60.78,65.41,19.52,Dehradun,Uttarakhand,53.22,64
IR-O-U-0308,Institute of Chemical Technology,59.08,47.20,71.48,54.16,16.06,Mumbai,Maharashtra,53.22,64
IR-O-U-0395,Indian Institute of Technology Jodhpur,70.37,39.20,63.41,67.38,8.80,Jodhpur,Rajasthan,53.17,66
IR-O-U-0572,Indian Institute of Science Education & Research Kolkata,67.56,40.58,68.46,52.39,16.61,Mohanpur,West Bengal,53.04,67
IR-O-I-1357,University of Madras,69.12,35.08,70.84,52.79,21.76,Chennai,Tamil Nadu,52.89,68
IR-O-U-0498,Babasheb Bhimrao Ambedkar University,69.26,23.93,80.92,80.25,5.35,Lucknow,Uttar Pradesh,52.71,69
IR-O-U-0377,"Indian Institute of Science Education & Research, Mohali",62.90,34.68,72.82,71.14,17.42,Mohali,Punjab,52.68,70
IR-O-I-1110,Dr. D. Y. Patil Vidyapeeth,74.43,27.91,65.77,62.66,25.46,Pune,Maharashtra,52.67,71
IR-O-U-0555,Graphic Era University,60.52,41.01,62.97,63.43,30.47,Dehradun,Uttarakhand,52.44,72
IR-O-U-0435,Alagappa University,64.62,33.07,73.27,55.96,27.20,Karaikudi,Tamil Nadu,52.27,73
IR-O-U-0107,Jamia Hamdard,64.66,34.02,71.31,66.74,16.61,New Delhi,Delhi,52.20,74
IR-O-U-0272,Indian Institute of Science Education & Research Bhopal,68.49,33.71,70.10,67.04,6.07,Bhopal,Madhya Pradesh,51.99,75
IR-O-U-0447,Bharathiar University,57.60,40.69,76.94,52.76,17.96,Coimbatore,Tamil Nadu,51.96,76
IR-O-U-0410,Malaviya National Institute of Technology,58.82,45.57,69.93,60.75,4.99,Jaipur,Rajasthan,51.88,77
IR-O-U-0691,All India Institute of Medical Sciences Rishikesh,71.66,34.73,55.04,73.95,14.36,Rishikesh,Uttarakhand,51.77,78
IR-O-U-0262,"Mahatma Gandhi University, Kottayam",71.20,34.03,71.68,54.33,3.89,Kottayam,Kerala,51.73,79
IR-O-U-0355,Indian Institute of Technology Bhubaneswar,59.30,38.39,68.29,61.88,20.03,Bhubaneswar,Odisha,51.16,80
IR-O-U-0381,Punjab Agricultural University,72.79,37.60,60.95,50.75,6.42,Ludhiana,Punjab,51.03,81
IR-O-C-16604,Sri Sivasubramaniya Nadar College of Engineering,61.82,40.52,66.99,58.09,11.05,Kalavakkam,Tamil Nadu,51.01,82
IR-O-U-0523,King George`s Medical University,75.27,30.37,62.46,60.52,7.11,Lucknow,Uttar Pradesh,50.94,83
IR-O-U-0295,Datta Meghe Institute of Higher Education and Research,68.47,38.55,61.69,64.26,0.41,Wardha,Maharashtra,50.92,84
IR-O-U-0642,Shiv Nadar University,72.19,26.47,65.82,66.64,13.78,Gautam Buddha Nagar,Uttar Pradesh,50.80,85
IR-O-U-0334,"Visvesvaraya National Institute of Technology, Nagpur",59.65,37.73,69.12,58.36,12.59,Nagpur,Maharashtra,50.14,86
IR-O-U-0195,University of Jammu,71.09,24.66,78.84,52.57,3.52,Jammu,Jammu and Kashmir,50.11,87
IR-O-U-0485,Tamil Nadu Agricultural University,73.14,19.42,78.02,59.08,7.45,Coimbatore,Tamil Nadu,50.03,88
IR-O-U-0014,International Institute of Information Technology Hyderabad,68.83,34.96,52.52,63.68,19.00,Hyderabad,Telangana,49.91,89
IR-O-U-0446,Bharath Institute of Higher Education & Research,71.35,21.13,70.62,71.43,8.46,Chennai,Tamil Nadu,49.85,90
IR-O-U-0323,Savitribai Phule Pune University,51.46,39.42,79.40,50.16,16.61,Pune,Maharashtra,49.83,91
IR-O-U-0318,Mumbai University,64.43,19.54,88.25,58.88,10.73,Mumbai,Maharashtra,49.80,92
IR-O-U-0474,Sathyabama Institute of Science and Technology,61.34,31.31,68.96,72.96,9.13,Chennai,Tamil Nadu,49.79,93
IR-O-U-0200,Sher-e-Kashmir University of Agricultural Science and Technology of Kashmir,71.11,26.15,73.30,57.54,1.60,Srinagar,Jammu and Kashmir,49.75,94
IR-O-N-10,SVKM`s Narsee Monjee Institute of Management Studies,72.53,26.72,65.25,64.41,3.89,Mumbai,Maharashtra,49.66,95
IR-O-U-0217,Christ University,56.19,28.34,65.44,74.23,37.84,Bengaluru,Karnataka,49.65,96
IR-O-U-0055,National Institute of Technology Silchar,53.21,45.07,70.76,54.17,4.63,Silchar,Assam,49.51,97
IR-O-U-0749,Manipal University Jaipur,63.48,33.80,64.04,66.76,7.11,Jaipur,Rajasthan,49.38,98
IR-O-U-0739,Madan Mohan Malaviya University of Technology,67.91,18.82,70.37,71.73,18.48,Gorakhpur,Uttar Pradesh,49.11,99
IR-O-U-0688,All India Institute of Medical Sciences Bhubaneswar,69.14,25.45,58.25,69.89,20.28,Khordha,Odisha,49.04,100
IR-O-U-0456,Indian Institute of Technology Madras,90.58,88.02,87.01,63.34,100.00,Chennai,Tamil Nadu,87.31,1
IR-O-U-0220,Indian Institute of Science,86.47,88.16,83.69,60.29,98.41,Bengaluru,Karnataka,85.00,2
IR-O-U-0306,Indian Institute of Technology Bombay,83.79,83.05,86.04,60.13,83.35,Mumbai,Maharashtra,81.62,3
IR-O-I-1074,Indian Institute of Technology Delhi,80.52,86.67,74.71,63.54,92.23,New Delhi,Delhi,80.67,4
IR-O-I-1075,Indian Institute of Technology Kanpur,86.36,72.12,82.01,60.38,72.56,Kanpur,Uttar Pradesh,77.25,5
IR-O-U-0573,Indian Institute of Technology Kharagpur,77.73,71.21,81.52,60.63,69.51,Kharagpur,West Bengal,73.99,6
IR-O-U-0560,Indian Institute of Technology Roorkee,73.06,72.05,82.90,64.95,51.24,Roorkee,Uttarakhand,71.73,7
IR-O-N-15,"All India Institute of Medical Sciences, Delhi",75.64,65.06,68.65,70.92,75.40,New Delhi,Delhi,70.57,8
IR-O-U-0109,Jawaharlal Nehru University,75.53,45.59,99.93,78.82,54.13,New Delhi,Delhi,69.62,9
IR-O-U-0500,Banaras Hindu University,76.41,51.17,95.42,65.95,47.63,Varanasi,Uttar Pradesh,68.71,10
IR-O-U-0053,Indian Institute of Technology Guwahati,68.27,67.16,82.12,62.73,43.52,Guwahati,Assam,67.67,11
IR-O-U-0013,Indian Institute of Technology Hyderabad,79.81,56.77,73.89,58.56,54.35,Hyderabad,Telangana,67.04,12
IR-O-U-0108,Jamia Millia Islamia,73.81,50.03,92.56,83.83,29.47,New Delhi,Delhi,66.99,13
IR-O-U-0234,Manipal Academy of Higher Education-Manipal,79.44,61.76,78.52,67.71,20.28,Manipal,Karnataka,66.86,14
IR-O-U-0120,University of Delhi,60.65,58.51,96.94,70.15,40.55,Delhi,Delhi,66.19,15
IR-O-U-0391,Birla Institute of Technology & Science -Pilani,72.16,63.27,77.74,61.42,27.41,Pilani,Rajasthan,65.06,16
IR-O-U-0436,Amrita Vishwa Vidyapeetham,76.85,51.06,81.91,71.42,30.67,Coimbatore,Tamil Nadu,64.97,17
IR-O-U-0575,Jadavpur University,71.61,52.19,87.82,52.34,44.10,Kolkata,West Bengal,64.34,18
IR-O-U-0496,Aligarh Muslim University,71.50,48.04,93.79,64.58,26.77,Aligarh,Uttar Pradesh,63.76,19
IR-O-U-0304,Homi Bhabha National Institute,76.94,54.16,84.47,56.40,11.67,Mumbai,Maharashtra,63.03,20
IR-O-U-0490,Vellore Institute of Technology,60.55,59.53,83.42,60.61,41.16,Vellore,Tamil Nadu,62.88,21
IR-O-U-0473,S.R.M. Institute of Science and Technology,70.31,54.56,82.47,68.94,20.28,Chennai,Tamil Nadu,62.87,22
IR-O-I-1441,Saveetha Institute of Medical and Technical Sciences,76.12,56.28,73.63,71.44,6.42,Chennai,Tamil Nadu,62.23,23
IR-O-U-0101,Indian Agricultural Research Institute,74.07,46.15,80.08,78.51,16.61,New Delhi,Delhi,61.59,24
IR-O-U-0363,Siksha `O` Anusandhan,75.45,42.48,77.23,73.03,28.87,Bhubaneswar,Odisha,61.01,25
IR-O-U-0042,University of Hyderabad,73.24,44.59,78.52,63.01,29.68,Hyderabad,Telangana,60.32,26
IR-O-U-0273,Indian Institute of Technology Indore,70.95,55.01,70.76,64.23,17.69,Indore,Madhya Pradesh,60.13,27
IR-O-U-0356,Kalinga Institute of Industrial Technology,74.01,43.99,80.53,77.74,8.46,Bhubaneswar,Odisha,60.13,27
IR-O-U-0439,Anna University,62.63,54.88,67.82,51.30,61.18,Chennai,Tamil Nadu,60.06,29
IR-O-U-0467,National Institute of Technology Tiruchirappalli,59.31,50.40,74.23,66.37,56.51,Tiruchirappalli,Tamil Nadu,60.05,30
IR-O-U-0701,Indian Institute of Technology (Banaras Hindu University) Varanasi,57.05,57.79,77.97,60.88,38.97,Varanasi,Uttar Pradesh,60.03,31
IR-O-U-0747,Chandigarh University,65.11,49.13,78.05,74.25,22.48,Mohali,Punjab,59.55,32
IR-O-U-0079,Post Graduate Institute of Medical Education and Research,73.74,54.65,55.70,68.41,26.56,Chandigarh,Chandigarh,59.15,33
IR-O-U-0357,National Institute of Technology Rourkela,64.87,53.58,76.96,60.45,15.78,Rourkela,Odisha,58.55,34
IR-O-U-0205,Indian Institute of Technology (Indian School of Mines),62.12,55.35,73.56,60.64,23.19,Dhanbad,Jharkhand,58.33,35
IR-O-U-0064,Indian Institute of Technology Patna,69.77,47.23,72.43,64.12,16.34,Patna,Bihar,57.63,36
IR-O-U-0497,Amity University,62.88,55.83,74.32,63.12,7.11,Gautam Budh Nagar,Uttar Pradesh,57.49,37
IR-O-U-0222,JSS Academy of Higher Education and Research,76.72,35.68,71.51,79.49,14.64,Mysuru,Karnataka,57.43,38
IR-O-U-0139,Indian Institute of Technology Gandhinagar,73.24,41.27,69.35,67.92,20.03,Gandhinagar,Gujarat,57.01,39
IR-O-U-0329,Symbiosis International,73.49,38.34,72.97,64.00,23.19,Pune,Maharashtra,56.86,40
IR-O-U-0006,"Andhra University, Visakhapatnam",75.27,26.41,86.60,73.86,14.07,Visakhapatnam,Andhra Pradesh,56.62,41
IR-O-U-0260,Kerala University,71.19,29.64,94.62,64.07,6.76,Thiruvananthapuram,Kerala,56.26,42
IR-O-U-0368,Jawaharlal Institute of Post Graduate Medical Education & Research,75.73,33.76,70.90,70.67,21.27,Puducherry,Pondicherry,56.23,43
IR-O-I-1480,Thapar Institute of Engineering and Technology (Deemed-to-be-university),68.42,45.12,72.16,65.69,11.36,Patiala,Punjab,56.21,44
IR-O-U-0263,National Institute of Technology Calicut,72.96,36.05,72.32,67.54,22.48,Kozhikode,Kerala,56.16,45
IR-O-U-0020,Koneru Lakshmaiah Education Foundation University (K L College of Engineering),69.03,45.33,73.12,66.74,3.89,Vaddeswaram,Andhra Pradesh,55.99,46
IR-O-U-0570,Calcutta University,64.81,37.24,88.18,51.81,24.79,Kolkata,West Bengal,55.91,47
IR-O-U-0458,Kalasalingam Academy of Research and Education,70.43,36.39,74.68,76.54,10.42,Krishnan Koil,Tamil Nadu,55.68,48
IR-O-U-0379,Lovely Professional University,58.10,49.40,69.31,69.89,23.88,Phagwara,Punjab,55.49,49
IR-O-U-0253,Cochin University of Science and Technology,72.74,39.25,75.69,58.95,7.45,Cochin,Kerala,55.38,50
IR-O-U-0476,Shanmugha Arts Science Technology & Research Academy,71.76,36.50,74.04,71.78,8.46,Thanjavur,Tamil Nadu,55.32,51
IR-O-U-0052,Gauhati University,73.43,26.49,89.46,64.21,9.78,Guwahati,Assam,55.27,52
IR-O-U-0027,Osmania University,75.88,27.86,86.93,57.17,10.10,Hyderabad,Telangana,55.24,53
IR-O-U-0237,"National Institute of Technology Karnataka, Surathkal",59.76,44.19,73.98,62.67,29.47,Surathkal,Karnataka,55.21,54
IR-O-U-0305,Indian Institute of Science Education & Research Pune,69.00,44.43,60.39,64.23,23.65,Pune,Maharashtra,54.90,55
IR-O-U-0378,Indian Institute of Technology Ropar,65.95,42.30,70.37,63.66,18.48,Rupnagar,Punjab,54.76,56
IR-O-U-0078,Panjab University,56.77,41.58,80.37,65.25,25.46,Chandigarh,Chandigarh,54.65,57
IR-O-U-0184,Indian Institute of Technology Mandi,69.11,41.59,65.15,69.00,13.78,Mandi,Himachal Pradesh,54.52,58
IR-O-U-0196,University of Kashmir,74.05,34.74,79.88,50.90,6.07,Srinagar,Jammu and Kashmir,54.31,59
IR-O-U-0236,"National Institute of Mental Health & Neuro Sciences, Bangalore",72.77,40.41,66.64,56.46,13.48,Bengaluru,Karnataka,54.28,60
IR-O-U-0448,Bharathidasan University,61.36,40.81,83.97,51.54,12.28,Tiruchirappalli,Tamil Nadu,53.82,61
IR-O-U-0098,Delhi Technological University,64.13,41.43,71.27,56.21,22.00,New Delhi,Delhi,53.74,62
IR-O-U-0025,National Institute of Technology Warangal,58.72,43.85,72.82,55.83,23.19,Warangal,Telangana,53.23,63
IR-O-U-0564,UPES,62.97,45.60,60.78,65.41,19.52,Dehradun,Uttarakhand,53.22,64
IR-O-U-0308,Institute of Chemical Technology,59.08,47.20,71.48,54.16,16.06,Mumbai,Maharashtra,53.22,64
IR-O-U-0395,Indian Institute of Technology Jodhpur,70.37,39.20,63.41,67.38,8.80,Jodhpur,Rajasthan,53.17,66
IR-O-U-0572,Indian Institute of Science Education & Research Kolkata,67.56,40.58,68.46,52.39,16.61,Mohanpur,West Bengal,53.04,67
IR-O-I-1357,University of Madras,69.12,35.08,70.84,52.79,21.76,Chennai,Tamil Nadu,52.89,68
IR-O-U-0498,Babasheb Bhimrao Ambedkar University,69.26,23.93,80.92,80.25,5.35,Lucknow,Uttar Pradesh,52.71,69
IR-O-U-0377,"Indian Institute of Science Education & Research, Mohali",62.90,34.68,72.82,71.14,17.42,Mohali,Punjab,52.68,70
IR-O-I-1110,Dr. D. Y. Patil Vidyapeeth,74.43,27.91,65.77,62.66,25.46,Pune,Maharashtra,52.67,71
IR-O-U-0555,Graphic Era University,60.52,41.01,62.97,63.43,30.47,Dehradun,Uttarakhand,52.44,72
IR-O-U-0435,Alagappa University,64.62,33.07,73.27,55.96,27.20,Karaikudi,Tamil Nadu,52.27,73
IR-O-U-0107,Jamia Hamdard,64.66,34.02,71.31,66.74,16.61,New Delhi,Delhi,52.20,74
IR-O-U-0272,Indian Institute of Science Education & Research Bhopal,68.49,33.71,70.10,67.04,6.07,Bhopal,Madhya Pradesh,51.99,75
IR-O-U-0447,Bharathiar University,57.60,40.69,76.94,52.76,17.96,Coimbatore,Tamil Nadu,51.96,76
IR-O-U-0410,Malaviya National Institute of Technology,58.82,45.57,69.93,60.75,4.99,Jaipur,Rajasthan,51.88,77
IR-O-U-0691,All India Institute of Medical Sciences Rishikesh,71.66,34.73,55.04,73.95,14.36,Rishikesh,Uttarakhand,51.77,78
IR-O-U-0262,"Mahatma Gandhi University, Kottayam",71.20,34.03,71.68,54.33,3.89,Kottayam,Kerala,51.73,79
IR-O-U-0355,Indian Institute of Technology Bhubaneswar,59.30,38.39,68.29,61.88,20.03,Bhubaneswar,Odisha,51.16,80
IR-O-U-0381,Punjab Agricultural University,72.79,37.60,60.95,50.75,6.42,Ludhiana,Punjab,51.03,81
IR-O-C-16604,Sri Sivasubramaniya Nadar College of Engineering,61.82,40.52,66.99,58.09,11.05,Kalavakkam,Tamil Nadu,51.01,82
IR-O-U-0523,King George`s Medical University,75.27,30.37,62.46,60.52,7.11,Lucknow,Uttar Pradesh,50.94,83
IR-O-U-0295,Datta Meghe Institute of Higher Education and Research,68.47,38.55,61.69,64.26,0.41,Wardha,Maharashtra,50.92,84
IR-O-U-0642,Shiv Nadar University,72.19,26.47,65.82,66.64,13.78,Gautam Buddha Nagar,Uttar Pradesh,50.80,85
IR-O-U-0334,"Visvesvaraya National Institute of Technology, Nagpur",59.65,37.73,69.12,58.36,12.59,Nagpur,Maharashtra,50.14,86
IR-O-U-0195,University of Jammu,71.09,24.66,78.84,52.57,3.52,Jammu,Jammu and Kashmir,50.11,87
IR-O-U-0485,Tamil Nadu Agricultural University,73.14,19.42,78.02,59.08,7.45,Coimbatore,Tamil Nadu,50.03,88
IR-O-U-0014,International Institute of Information Technology Hyderabad,68.83,34.96,52.52,63.68,19.00,Hyderabad,Telangana,49.91,89
IR-O-U-0446,Bharath Institute of Higher Education & Research,71.35,21.13,70.62,71.43,8.46,Chennai,Tamil Nadu,49.85,90
IR-O-U-0323,Savitribai Phule Pune University,51.46,39.42,79.40,50.16,16.61,Pune,Maharashtra,49.83,91
IR-O-U-0318,Mumbai University,64.43,19.54,88.25,58.88,10.73,Mumbai,Maharashtra,49.80,92
IR-O-U-0474,Sathyabama Institute of Science and Technology,61.34,31.31,68.96,72.96,9.13,Chennai,Tamil Nadu,49.79,93
IR-O-U-0200,Sher-e-Kashmir University of Agricultural Science and Technology of Kashmir,71.11,26.15,73.30,57.54,1.60,Srinagar,Jammu and Kashmir,49.75,94
IR-O-N-10,SVKM`s Narsee Monjee Institute of Management Studies,72.53,26.72,65.25,64.41,3.89,Mumbai,Maharashtra,49.66,95
IR-O-U-0217,Christ University,56.19,28.34,65.44,74.23,37.84,Bengaluru,Karnataka,49.65,96
IR-O-U-0055,National Institute of Technology Silchar,53.21,45.07,70.76,54.17,4.63,Silchar,Assam,49.51,97
IR-O-U-0749,Manipal University Jaipur,63.48,33.80,64.04,66.76,7.11,Jaipur,Rajasthan,49.38,98
IR-O-U-0739,Madan Mohan Malaviya University of Technology,67.91,18.82,70.37,71.73,18.48,Gorakhpur,Uttar Pradesh,49.11,99
IR-O-U-0688,All India Institute of Medical Sciences Bhubaneswar,69.14,25.45,58.25,69.89,20.28,Khordha,Odisha,49.04,100
IR-O-U-0456,Indian Institute of Technology Madras,90.58,88.02,87.01,63.34,100.00,Chennai,Tamil Nadu,87.31,1
IR-O-U-0220,Indian Institute of Science,86.47,88.16,83.69,60.29,98.41,Bengaluru,Karnataka,85.00,2
IR-O-U-0306,Indian Institute of Technology Bombay,83.79,83.05,86.04,60.13,83.35,Mumbai,Maharashtra,81.62,3
IR-O-I-1074,Indian Institute of Technology Delhi,80.52,86.67,74.71,63.54,92.23,New Delhi,Delhi,80.67,4
IR-O-I-1075,Indian Institute of Technology Kanpur,86.36,72.12,82.01,60.38,72.56,Kanpur,Uttar Pradesh,77.25,5
IR-O-U-0573,Indian Institute of Technology Kharagpur,77.73,71.21,81.52,60.63,69.51,Kharagpur,West Bengal,73.99,6
IR-O-U-0560,Indian Institute of Technology Roorkee,73.06,72.05,82.90,64.95,51.24,Roorkee,Uttarakhand,71.73,7
IR-O-N-15,"All India Institute of Medical Sciences, Delhi",75.64,65.06,68.65,70.92,75.40,New Delhi,Delhi,70.57,8
IR-O-U-0109,Jawaharlal Nehru University,75.53,45.59,99.93,78.82,54.13,New Delhi,Delhi,69.62,9
IR-O-U-0500,Banaras Hindu University,76.41,51.17,95.42,65.95,47.63,Varanasi,Uttar Pradesh,68.71,10
IR-O-U-0053,Indian Institute of Technology Guwahati,68.27,67.16,82.12,62.73,43.52,Guwahati,Assam,67.67,11
IR-O-U-0013,Indian Institute of Technology Hyderabad,79.81,56.77,73.89,58.56,54.35,Hyderabad,Telangana,67.04,12
IR-O-U-0108,Jamia Millia Islamia,73.81,50.03,92.56,83.83,29.47,New Delhi,Delhi,66.99,13
IR-O-U-0234,Manipal Academy of Higher Education-Manipal,79.44,61.76,78.52,67.71,20.28,Manipal,Karnataka,66.86,14
IR-O-U-0120,University of Delhi,60.65,58.51,96.94,70.15,40.55,Delhi,Delhi,66.19,15
IR-O-U-0391,Birla Institute of Technology & Science -Pilani,72.16,63.27,77.74,61.42,27.41,Pilani,Rajasthan,65.06,16
IR-O-U-0436,Amrita Vishwa Vidyapeetham,76.85,51.06,81.91,71.42,30.67,Coimbatore,Tamil Nadu,64.97,17
IR-O-U-0575,Jadavpur University,71.61,52.19,87.82,52.34,44.10,Kolkata,West Bengal,64.34,18
IR-O-U-0496,Aligarh Muslim University,71.50,48.04,93.79,64.58,26.77,Aligarh,Uttar Pradesh,63.76,19
IR-O-U-0304,Homi Bhabha National Institute,76.94,54.16,84.47,56.40,11.67,Mumbai,Maharashtra,63.03,20
IR-O-U-0490,Vellore Institute of Technology,60.55,59.53,83.42,60.61,41.16,Vellore,Tamil Nadu,62.88,21
IR-O-U-0473,S.R.M. Institute of Science and Technology,70.31,54.56,82.47,68.94,20.28,Chennai,Tamil Nadu,62.87,22
IR-O-I-1441,Saveetha Institute of Medical and Technical Sciences,76.12,56.28,73.63,71.44,6.42,Chennai,Tamil Nadu,62.23,23
IR-O-U-0101,Indian Agricultural Research Institute,74.07,46.15,80.08,78.51,16.61,New Delhi,Delhi,61.59,24
IR-O-U-0363,Siksha `O` Anusandhan,75.45,42.48,77.23,73.03,28.87,Bhubaneswar,Odisha,61.01,25
IR-O-U-0042,University of Hyderabad,73.24,44.59,78.52,63.01,29.68,Hyderabad,Telangana,60.32,26
IR-O-U-0273,Indian Institute of Technology Indore,70.95,55.01,70.76,64.23,17.69,Indore,Madhya Pradesh,60.13,27
IR-O-U-0356,Kalinga Institute of Industrial Technology,74.01,43.99,80.53,77.74,8.46,Bhubaneswar,Odisha,60.13,27
IR-O-U-0439,Anna University,62.63,54.88,67.82,51.30,61.18,Chennai,Tamil Nadu,60.06,29
IR-O-U-0467,National Institute of Technology Tiruchirappalli,59.31,50.40,74.23,66.37,56.51,Tiruchirappalli,Tamil Nadu,60.05,30
IR-O-U-0701,Indian Institute of Technology (Banaras Hindu University) Varanasi,57.05,57.79,77.97,60.88,38.97,Varanasi,Uttar Pradesh,60.03,31
IR-O-U-0747,Chandigarh University,65.11,49.13,78.05,74.25,22.48,Mohali,Punjab,59.55,32
IR-O-U-0079,Post Graduate Institute of Medical Education and Research,73.74,54.65,55.70,68.41,26.56,Chandigarh,Chandigarh,59.15,33
IR-O-U-0357,National Institute of Technology Rourkela,64.87,53.58,76.96,60.45,15.78,Rourkela,Odisha,58.55,34
IR-O-U-0205,Indian Institute of Technology (Indian School of Mines),62.12,55.35,73.56,60.64,23.19,Dhanbad,Jharkhand,58.33,35
IR-O-U-0064,Indian Institute of Technology Patna,69.77,47.23,72.43,64.12,16.34,Patna,Bihar,57.63,36
IR-O-U-0497,Amity University,62.88,55.83,74.32,63.12,7.11,Gautam Budh Nagar,Uttar Pradesh,57.49,37
IR-O-U-0222,JSS Academy of Higher Education and Research,76.72,35.68,71.51,79.49,14.64,Mysuru,Karnataka,57.43,38
IR-O-U-0139,Indian Institute of Technology Gandhinagar,73.24,41.27,69.35,67.92,20.03,Gandhinagar,Gujarat,57.01,39
IR-O-U-0329,Symbiosis International,73.49,38.34,72.97,64.00,23.19,Pune,Maharashtra,56.86,40
IR-O-U-0006,"Andhra University, Visakhapatnam",75.27,26.41,86.60,73.86,14.07,Visakhapatnam,Andhra Pradesh,56.62,41
IR-O-U-0260,Kerala University,71.19,29.64,94.62,64.07,6.76,Thiruvananthapuram,Kerala,56.26,42
IR-O-U-0368,Jawaharlal Institute of Post Graduate Medical Education & Research,75.73,33.76,70.90,70.67,21.27,Puducherry,Pondicherry,56.23,43
IR-O-I-1480,Thapar Institute of Engineering and Technology (Deemed-to-be-university),68.42,45.12,72.16,65.69,11.36,Patiala,Punjab,56.21,44
IR-O-U-0263,National Institute of Technology Calicut,72.96,36.05,72.32,67.54,22.48,Kozhikode,Kerala,56.16,45
IR-O-U-0020,Koneru Lakshmaiah Education Foundation University (K L College of Engineering),69.03,45.33,73.12,66.74,3.89,Vaddeswaram,Andhra Pradesh,55.99,46
IR-O-U-0570,Calcutta University,64.81,37.24,88.18,51.81,24.79,Kolkata,West Bengal,55.91,47
IR-O-U-0458,Kalasalingam Academy of Research and Education,70.43,36.39,74.68,76.54,10.42,Krishnan Koil,Tamil Nadu,55.68,48
IR-O-U-0379,Lovely Professional University,58.10,49.40,69.31,69.89,23.88,Phagwara,Punjab,55.49,49
IR-O-U-0253,Cochin University of Science and Technology,72.74,39.25,75.69,58.95,7.45,Cochin,Kerala,55.38,50
IR-O-U-0476,Shanmugha Arts Science Technology & Research Academy,71.76,36.50,74.04,71.78,8.46,Thanjavur,Tamil Nadu,55.32,51
IR-O-U-0052,Gauhati University,73.43,26.49,89.46,64.21,9.78,Guwahati,Assam,55.27,52
IR-O-U-0027,Osmania University,75.88,27.86,86.93,57.17,10.10,Hyderabad,Telangana,55.24,53
IR-O-U-0237,"National Institute of Technology Karnataka, Surathkal",59.76,44.19,73.98,62.67,29.47,Surathkal,Karnataka,55.21,54
IR-O-U-0305,Indian Institute of Science Education & Research Pune,69.00,44.43,60.39,64.23,23.65,Pune,Maharashtra,54.90,55
IR-O-U-0378,Indian Institute of Technology Ropar,65.95,42.30,70.37,63.66,18.48,Rupnagar,Punjab,54.76,56
IR-O-U-0078,Panjab University,56.77,41.58,80.37,65.25,25.46,Chandigarh,Chandigarh,54.65,57
IR-O-U-0184,Indian Institute of Technology Mandi,69.11,41.59,65.15,69.00,13.78,Mandi,Himachal Pradesh,54.52,58
IR-O-U-0196,University of Kashmir,74.05,34.74,79.88,50.90,6.07,Srinagar,Jammu and Kashmir,54.31,59
IR-O-U-0236,"National Institute of Mental Health & Neuro Sciences, Bangalore",72.77,40.41,66.64,56.46,13.48,Bengaluru,Karnataka,54.28,60
IR-O-U-0448,Bharathidasan University,61.36,40.81,83.97,51.54,12.28,Tiruchirappalli,Tamil Nadu,53.82,61
IR-O-U-0098,Delhi Technological University,64.13,41.43,71.27,56.21,22.00,New Delhi,Delhi,53.74,62
IR-O-U-0025,National Institute of Technology Warangal,58.72,43.85,72.82,55.83,23.19,Warangal,Telangana,53.23,63
IR-O-U-0564,UPES,62.97,45.60,60.78,65.41,19.52,Dehradun,Uttarakhand,53.22,64
IR-O-U-0308,Institute of Chemical Technology,59.08,47.20,71.48,54.16,16.06,Mumbai,Maharashtra,53.22,64
IR-O-U-0395,Indian Institute of Technology Jodhpur,70.37,39.20,63.41,67.38,8.80,Jodhpur,Rajasthan,53.17,66
IR-O-U-0572,Indian Institute of Science Education & Research Kolkata,67.56,40.58,68.46,52.39,16.61,Mohanpur,West Bengal,53.04,67
IR-O-I-1357,University of Madras,69.12,35.08,70.84,52.79,21.76,Chennai,Tamil Nadu,52.89,68
IR-O-U-0498,Babasheb Bhimrao Ambedkar University,69.26,23.93,80.92,80.25,5.35,Lucknow,Uttar Pradesh,52.71,69
IR-O-U-0377,"Indian Institute of Science Education & Research, Mohali",62.90,34.68,72.82,71.14,17.42,Mohali,Punjab,52.68,70
IR-O-I-1110,Dr. D. Y. Patil Vidyapeeth,74.43,27.91,65.77,62.66,25.46,Pune,Maharashtra,52.67,71
IR-O-U-0555,Graphic Era University,60.52,41.01,62.97,63.43,30.47,Dehradun,Uttarakhand,52.44,72
IR-O-U-0435,Alagappa University,64.62,33.07,73.27,55.96,27.20,Karaikudi,Tamil Nadu,52.27,73
IR-O-U-0107,Jamia Hamdard,64.66,34.02,71.31,66.74,16.61,New Delhi,Delhi,52.20,74
IR-O-U-0272,Indian Institute of Science Education & Research Bhopal,68.49,33.71,70.10,67.04,6.07,Bhopal,Madhya Pradesh,51.99,75
IR-O-U-0447,Bharathiar University,57.60,40.69,76.94,52.76,17.96,Coimbatore,Tamil Nadu,51.96,76
IR-O-U-0410,Malaviya National Institute of Technology,58.82,45.57,69.93,60.75,4.99,Jaipur,Rajasthan,51.88,77
IR-O-U-0691,All India Institute of Medical Sciences Rishikesh,71.66,34.73,55.04,73.95,14.36,Rishikesh,Uttarakhand,51.77,78
IR-O-U-0262,"Mahatma Gandhi University, Kottayam",71.20,34.03,71.68,54.33,3.89,Kottayam,Kerala,51.73,79
IR-O-U-0355,Indian Institute of Technology Bhubaneswar,59.30,38.39,68.29,61.88,20.03,Bhubaneswar,Odisha,51.16,80
IR-O-U-0381,Punjab Agricultural University,72.79,37.60,60.95,50.75,6.42,Ludhiana,Punjab,51.03,81
IR-O-C-16604,Sri Sivasubramaniya Nadar College of Engineering,61.82,40.52,66.99,58.09,11.05,Kalavakkam,Tamil Nadu,51.01,82
IR-O-U-0523,King George`s Medical University,75.27,30.37,62.46,60.52,7.11,Lucknow,Uttar Pradesh,50.94,83
IR-O-U-0295,Datta Meghe Institute of Higher Education and Research,68.47,38.55,61.69,64.26,0.41,Wardha,Maharashtra,50.92,84
IR-O-U-0642,Shiv Nadar University,72.19,26.47,65.82,66.64,13.78,Gautam Buddha Nagar,Uttar Pradesh,50.80,85
IR-O-U-0334,"Visvesvaraya National Institute of Technology, Nagpur",59.65,37.73,69.12,58.36,12.59,Nagpur,Maharashtra,50.14,86
IR-O-U-0195,University of Jammu,71.09,24.66,78.84,52.57,3.52,Jammu,Jammu and Kashmir,50.11,87
IR-O-U-0485,Tamil Nadu Agricultural University,73.14,19.42,78.02,59.08,7.45,Coimbatore,Tamil Nadu,50.03,88
IR-O-U-0014,International Institute of Information Technology Hyderabad,68.83,34.96,52.52,63.68,19.00,Hyderabad,Telangana,49.91,89
IR-O-U-0446,Bharath Institute of Higher Education & Research,71.35,21.13,70.62,71.43,8.46,Chennai,Tamil Nadu,49.85,90
IR-O-U-0323,Savitribai Phule Pune University,51.46,39.42,79.40,50.16,16.61,Pune,Maharashtra,49.83,91
IR-O-U-0318,Mumbai University,64.43,19.54,88.25,58.88,10.73,Mumbai,Maharashtra,49.80,92
IR-O-U-0474,Sathyabama Institute of Science and Technology,61.34,31.31,68.96,72.96,9.13,Chennai,Tamil Nadu,49.79,93
IR-O-U-0200,Sher-e-Kashmir University of Agricultural Science and Technology of Kashmir,71.11,26.15,73.30,57.54,1.60,Srinagar,Jammu and Kashmir,49.75,94
IR-O-N-10,SVKM`s Narsee Monjee Institute of Management Studies,72.53,26.72,65.25,64.41,3.89,Mumbai,Maharashtra,49.66,95
IR-O-U-0217,Christ University,56.19,28.34,65.44,74.23,37.84,Bengaluru,Karnataka,49.65,96
IR-O-U-0055,National Institute of Technology Silchar,53.21,45.07,70.76,54.17,4.63,Silchar,Assam,49.51,97
IR-O-U-0749,Manipal University Jaipur,63.48,33.80,64.04,66.76,7.11,Jaipur,Rajasthan,49.38,98
IR-O-U-0739,Madan Mohan Malaviya University of Technology,67.91,18.82,70.37,71.73,18.48,Gorakhpur,Uttar Pradesh,49.11,99
IR-O-U-0688,All India Institute of Medical Sciences Bhubaneswar,69.14,25.45,58.25,69.89,20.28,Khordha,Odisha,49.04,100
IR-O-U-0456,Indian Institute of Technology Madras,90.58,88.02,87.01,63.34,100.00,Chennai,Tamil Nadu,87.31,1
IR-O-U-0220,Indian Institute of Science,86.47,88.16,83.69,60.29,98.41,Bengaluru,Karnataka,85.00,2
IR-O-U-0306,Indian Institute of Technology Bombay,83.79,83.05,86.04,60.13,83.35,Mumbai,Maharashtra,81.62,3
IR-O-I-1074,Indian Institute of Technology Delhi,80.52,86.67,74.71,63.54,92.23,New Delhi,Delhi,80.67,4
IR-O-I-1075,Indian Institute of Technology Kanpur,86.36,72.12,82.01,60.38,72.56,Kanpur,Uttar Pradesh,77.25,5
IR-O-U-0573,Indian Institute of Technology Kharagpur,77.73,71.21,81.52,60.63,69.51,Kharagpur,West Bengal,73.99,6
IR-O-U-0560,Indian Institute of Technology Roorkee,73.06,72.05,82.90,64.95,51.24,Roorkee,Uttarakhand,71.73,7
IR-O-N-15,"All India Institute of Medical Sciences, Delhi",75.64,65.06,68.65,70.92,75.40,New Delhi,Delhi,70.57,8
IR-O-U-0109,Jawaharlal Nehru University,75.53,45.59,99.93,78.82,54.13,New Delhi,Delhi,69.62,9
IR-O-U-0500,Banaras Hindu University,76.41,51.17,95.42,65.95,47.63,Varanasi,Uttar Pradesh,68.71,10
IR-O-U-0053,Indian Institute of Technology Guwahati,68.27,67.16,82.12,62.73,43.52,Guwahati,Assam,67.67,11
IR-O-U-0013,Indian Institute of Technology Hyderabad,79.81,56.77,73.89,58.56,54.35,Hyderabad,Telangana,67.04,12
IR-O-U-0108,Jamia Millia Islamia,73.81,50.03,92.56,83.83,29.47,New Delhi,Delhi,66.99,13
IR-O-U-0234,Manipal Academy of Higher Education-Manipal,79.44,61.76,78.52,67.71,20.28,Manipal,Karnataka,66.86,14
IR-O-U-0120,University of Delhi,60.65,58.51,96.94,70.15,40.55,Delhi,Delhi,66.19,15
IR-O-U-0391,Birla Institute of Technology & Science -Pilani,72.16,63.27,77.74,61.42,27.41,Pilani,Rajasthan,65.06,16
IR-O-U-0436,Amrita Vishwa Vidyapeetham,76.85,51.06,81.91,71.42,30.67,Coimbatore,Tamil Nadu,64.97,17
IR-O-U-0575,Jadavpur University,71.61,52.19,87.82,52.34,44.10,Kolkata,West Bengal,64.34,18
IR-O-U-0496,Aligarh Muslim University,71.50,48.04,93.79,64.58,26.77,Aligarh,Uttar Pradesh,63.76,19
IR-O-U-0304,Homi Bhabha National Institute,76.94,54.16,84.47,56.40,11.67,Mumbai,Maharashtra,63.03,20
IR-O-U-0490,Vellore Institute of Technology,60.55,59.53,83.42,60.61,41.16,Vellore,Tamil Nadu,62.88,21
IR-O-U-0473,S.R.M. Institute of Science and Technology,70.31,54.56,82.47,68.94,20.28,Chennai,Tamil Nadu,62.87,22
IR-O-I-1441,Saveetha Institute of Medical and Technical Sciences,76.12,56.28,73.63,71.44,6.42,Chennai,Tamil Nadu,62.23,23
IR-O-U-0101,Indian Agricultural Research Institute,74.07,46.15,80.08,78.51,16.61,New Delhi,Delhi,61.59,24
IR-O-U-0363,Siksha `O` Anusandhan,75.45,42.48,77.23,73.03,28.87,Bhubaneswar,Odisha,61.01,25
IR-O-U-0042,University of Hyderabad,73.24,44.59,78.52,63.01,29.68,Hyderabad,Telangana,60.32,26
IR-O-U-0273,Indian Institute of Technology Indore,70.95,55.01,70.76,64.23,17.69,Indore,Madhya Pradesh,60.13,27
IR-O-U-0356,Kalinga Institute of Industrial Technology,74.01,43.99,80.53,77.74,8.46,Bhubaneswar,Odisha,60.13,27
IR-O-U-0439,Anna University,62.63,54.88,67.82,51.30,61.18,Chennai,Tamil Nadu,60.06,29
IR-O-U-0467,National Institute of Technology Tiruchirappalli,59.31,50.40,74.23,66.37,56.51,Tiruchirappalli,Tamil Nadu,60.05,30
IR-O-U-0701,Indian Institute of Technology (Banaras Hindu University) Varanasi,57.05,57.79,77.97,60.88,38.97,Varanasi,Uttar Pradesh,60.03,31
IR-O-U-0747,Chandigarh University,65.11,49.13,78.05,74.25,22.48,Mohali,Punjab,59.55,32
IR-O-U-0079,Post Graduate Institute of Medical Education and Research,73.74,54.65,55.70,68.41,26.56,Chandigarh,Chandigarh,59.15,33
IR-O-U-0357,National Institute of Technology Rourkela,64.87,53.58,76.96,60.45,15.78,Rourkela,Odisha,58.55,34
IR-O-U-0205,Indian Institute of Technology (Indian School of Mines),62.12,55.35,73.56,60.64,23.19,Dhanbad,Jharkhand,58.33,35
IR-O-U-0064,Indian Institute of Technology Patna,69.77,47.23,72.43,64.12,16.34,Patna,Bihar,57.63,36
IR-O-U-0497,Amity University,62.88,55.83,74.32,63.12,7.11,Gautam Budh Nagar,Uttar Pradesh,57.49,37
IR-O-U-0222,JSS Academy of Higher Education and Research,76.72,35.68,71.51,79.49,14.64,Mysuru,Karnataka,57.43,38
IR-O-U-0139,Indian Institute of Technology Gandhinagar,73.24,41.27,69.35,67.92,20.03,Gandhinagar,Gujarat,57.01,39
IR-O-U-0329,Symbiosis International,73.49,38.34,72.97,64.00,23.19,Pune,Maharashtra,56.86,40
IR-O-U-0006,"Andhra University, Visakhapatnam",75.27,26.41,86.60,73.86,14.07,Visakhapatnam,Andhra Pradesh,56.62,41
IR-O-U-0260,Kerala University,71.19,29.64,94.62,64.07,6.76,Thiruvananthapuram,Kerala,56.26,42
IR-O-U-0368,Jawaharlal Institute of Post Graduate Medical Education & Research,75.73,33.76,70.90,70.67,21.27,Puducherry,Pondicherry,56.23,43
IR-O-I-1480,Thapar Institute of Engineering and Technology (Deemed-to-be-university),68.42,45.12,72.16,65.69,11.36,Patiala,Punjab,56.21,44
IR-O-U-0263,National Institute of Technology Calicut,72.96,36.05,72.32,67.54,22.48,Kozhikode,Kerala,56.16,45
IR-O-U-0020,Koneru Lakshmaiah Education Foundation University (K L College of Engineering),69.03,45.33,73.12,66.74,3.89,Vaddeswaram,Andhra Pradesh,55.99,46
IR-O-U-0570,Calcutta University,64.81,37.24,88.18,51.81,24.79,Kolkata,West Bengal,55.91,47
IR-O-U-0458,Kalasalingam Academy of Research and Education,70.43,36.39,74.68,76.54,10.42,Krishnan Koil,Tamil Nadu,55.68,48
IR-O-U-0379,Lovely Professional University,58.10,49.40,69.31,69.89,23.88,Phagwara,Punjab,55.49,49
IR-O-U-0253,Cochin University of Science and Technology,72.74,39.25,75.69,58.95,7.45,Cochin,Kerala,55.38,50
IR-O-U-0476,Shanmugha Arts Science Technology & Research Academy,71.76,36.50,74.04,71.78,8.46,Thanjavur,Tamil Nadu,55.32,51
IR-O-U-0052,Gauhati University,73.43,26.49,89.46,64.21,9.78,Guwahati,Assam,55.27,52
IR-O-U-0027,Osmania University,75.88,27.86,86.93,57.17,10.10,Hyderabad,Telangana,55.24,53
IR-O-U-0237,"National Institute of Technology Karnataka, Surathkal",59.76,44.19,73.98,62.67,29.47,Surathkal,Karnataka,55.21,54
IR-O-U-0305,Indian Institute of Science Education & Research Pune,69.00,44.43,60.39,64.23,23.65,Pune,Maharashtra,54.90,55
IR-O-U-0378,Indian Institute of Technology Ropar,65.95,42.30,70.37,63.66,18.48,Rupnagar,Punjab,54.76,56
IR-O-U-0078,Panjab University,56.77,41.58,80.37,65.25,25.46,Chandigarh,Chandigarh,54.65,57
IR-O-U-0184,Indian Institute of Technology Mandi,69.11,41.59,65.15,69.00,13.78,Mandi,Himachal Pradesh,54.52,58
IR-O-U-0196,University of Kashmir,74.05,34.74,79.88,50.90,6.07,Srinagar,Jammu and Kashmir,54.31,59
IR-O-U-0236,"National Institute of Mental Health & Neuro Sciences, Bangalore",72.77,40.41,66.64,56.46,13.48,Bengaluru,Karnataka,54.28,60
IR-O-U-0448,Bharathidasan University,61.36,40.81,83.97,51.54,12.28,Tiruchirappalli,Tamil Nadu,53.82,61
IR-O-U-0098,Delhi Technological University,64.13,41.43,71.27,56.21,22.00,New Delhi,Delhi,53.74,62
IR-O-U-0025,National Institute of Technology Warangal,58.72,43.85,72.82,55.83,23.19,Warangal,Telangana,53.23,63
IR-O-U-0564,UPES,62.97,45.60,60.78,65.41,19.52,Dehradun,Uttarakhand,53.22,64
IR-O-U-0308,Institute of Chemical Technology,59.08,47.20,71.48,54.16,16.06,Mumbai,Maharashtra,53.22,64
IR-O-U-0395,Indian Institute of Technology Jodhpur,70.37,39.20,63.41,67.38,8.80,Jodhpur,Rajasthan,53.17,66
IR-O-U-0572,Indian Institute of Science Education & Research Kolkata,67.56,40.58,68.46,52.39,16.61,Mohanpur,West Bengal,53.04,67
IR-O-I-1357,University of Madras,69.12,35.08,70.84,52.79,21.76,Chennai,Tamil Nadu,52.89,68
IR-O-U-0498,Babasheb Bhimrao Ambedkar University,69.26,23.93,80.92,80.25,5.35,Lucknow,Uttar Pradesh,52.71,69
IR-O-U-0377,"Indian Institute of Science Education & Research, Mohali",62.90,34.68,72.82,71.14,17.42,Mohali,Punjab,52.68,70
IR-O-I-1110,Dr. D. Y. Patil Vidyapeeth,74.43,27.91,65.77,62.66,25.46,Pune,Maharashtra,52.67,71
IR-O-U-0555,Graphic Era University,60.52,41.01,62.97,63.43,30.47,Dehradun,Uttarakhand,52.44,72
IR-O-U-0435,Alagappa University,64.62,33.07,73.27,55.96,27.20,Karaikudi,Tamil Nadu,52.27,73
IR-O-U-0107,Jamia Hamdard,64.66,34.02,71.31,66.74,16.61,New Delhi,Delhi,52.20,74
IR-O-U-0272,Indian Institute of Science Education & Research Bhopal,68.49,33.71,70.10,67.04,6.07,Bhopal,Madhya Pradesh,51.99,75
IR-O-U-0447,Bharathiar University,57.60,40.69,76.94,52.76,17.96,Coimbatore,Tamil Nadu,51.96,76
IR-O-U-0410,Malaviya National Institute of Technology,58.82,45.57,69.93,60.75,4.99,Jaipur,Rajasthan,51.88,77
IR-O-U-0691,All India Institute of Medical Sciences Rishikesh,71.66,34.73,55.04,73.95,14.36,Rishikesh,Uttarakhand,51.77,78
IR-O-U-0262,"Mahatma Gandhi University, Kottayam",71.20,34.03,71.68,54.33,3.89,Kottayam,Kerala,51.73,79
IR-O-U-0355,Indian Institute of Technology Bhubaneswar,59.30,38.39,68.29,61.88,20.03,Bhubaneswar,Odisha,51.16,80
IR-O-U-0381,Punjab Agricultural University,72.79,37.60,60.95,50.75,6.42,Ludhiana,Punjab,51.03,81
IR-O-C-16604,Sri Sivasubramaniya Nadar College of Engineering,61.82,40.52,66.99,58.09,11.05,Kalavakkam,Tamil Nadu,51.01,82
IR-O-U-0523,King George`s Medical University,75.27,30.37,62.46,60.52,7.11,Lucknow,Uttar Pradesh,50.94,83
IR-O-U-0295,Datta Meghe Institute of Higher Education and Research,68.47,38.55,61.69,64.26,0.41,Wardha,Maharashtra,50.92,84
IR-O-U-0642,Shiv Nadar University,72.19,26.47,65.82,66.64,13.78,Gautam Buddha Nagar,Uttar Pradesh,50.80,85
IR-O-U-0334,"Visvesvaraya National Institute of Technology, Nagpur",59.65,37.73,69.12,58.36,12.59,Nagpur,Maharashtra,50.14,86
IR-O-U-0195,University of Jammu,71.09,24.66,78.84,52.57,3.52,Jammu,Jammu and Kashmir,50.11,87
IR-O-U-0485,Tamil Nadu Agricultural University,73.14,19.42,78.02,59.08,7.45,Coimbatore,Tamil Nadu,50.03,88
IR-O-U-0014,International Institute of Information Technology Hyderabad,68.83,34.96,52.52,63.68,19.00,Hyderabad,Telangana,49.91,89
IR-O-U-0446,Bharath Institute of Higher Education & Research,71.35,21.13,70.62,71.43,8.46,Chennai,Tamil Nadu,49.85,90
IR-O-U-0323,Savitribai Phule Pune University,51.46,39.42,79.40,50.16,16.61,Pune,Maharashtra,49.83,91
IR-O-U-0318,Mumbai University,64.43,19.54,88.25,58.88,10.73,Mumbai,Maharashtra,49.80,92
IR-O-U-0474,Sathyabama Institute of Science and Technology,61.34,31.31,68.96,72.96,9.13,Chennai,Tamil Nadu,49.79,93
IR-O-U-0200,Sher-e-Kashmir University of Agricultural Science and Technology of Kashmir,71.11,26.15,73.30,57.54,1.60,Srinagar,Jammu and Kashmir,49.75,94
IR-O-N-10,SVKM`s Narsee Monjee Institute of Management Studies,72.53,26.72,65.25,64.41,3.89,Mumbai,Maharashtra,49.66,95
IR-O-U-0217,Christ University,56.19,28.34,65.44,74.23,37.84,Bengaluru,Karnataka,49.65,96
IR-O-U-0055,National Institute of Technology Silchar,53.21,45.07,70.76,54.17,4.63,Silchar,Assam,49.51,97
IR-O-U-0749,Manipal University Jaipur,63.48,33.80,64.04,66.76,7.11,Jaipur,Rajasthan,49.38,98
IR-O-U-0739,Madan Mohan Malaviya University of Technology,67.91,18.82,70.37,71.73,18.48,Gorakhpur,Uttar Pradesh,49.11,99
IR-O-U-0688,All India Institute of Medical Sciences Bhubaneswar,69.14,25.45,58.25,69.89,20.28,Khordha,Odisha,49.04,100
IR-R-U-0220,Indian Institute of Science,98.88,80.54,75.81,60.29,100.00,Bengaluru,Karnataka,85.01,1
IR-R-U-0456,Indian Institute of Technology Madras,93.25,79.97,78.60,63.34,89.73,Chennai,Tamil Nadu,82.99,2
IR-R-I-1074,Indian Institute of Technology Delhi,86.18,84.12,76.23,63.54,77.23,New Delhi,Delhi,80.42,3
IR-R-U-0306,Indian Institute of Technology Bombay,83.35,77.40,82.44,60.13,70.80,Mumbai,Maharashtra,77.80,4
IR-R-U-0573,Indian Institute of Technology Kharagpur,71.84,73.35,79.49,60.63,60.94,Kharagpur,West Bengal,71.61,5
IR-R-I-1075,Indian Institute of Technology Kanpur,74.40,64.83,79.85,60.38,60.16,Kanpur,Uttar Pradesh,69.80,6
IR-R-U-0304,Homi Bhabha National Institute,86.54,70.54,69.61,56.40,27.14,Mumbai,Maharashtra,69.39,7
IR-R-U-0560,Indian Institute of Technology Roorkee,73.21,67.51,71.71,64.95,42.25,Roorkee,Uttarakhand,67.27,8
IR-R-U-0713,Academy of Scientific and Innovative Research,77.17,75.75,77.53,48.86,8.73,Ghaziabad,Uttar Pradesh,67.15,9
IR-R-U-0053,Indian Institute of Technology Guwahati,71.16,64.19,66.70,62.73,39.63,Guwahati,Assam,64.18,10
IR-R-N-15,"All India Institute of Medical Sciences, Delhi",76.26,61.00,39.86,70.92,73.70,New Delhi,Delhi,63.61,11
IR-R-U-0120,University of Delhi,61.84,56.93,85.95,70.15,28.23,Delhi,Delhi,62.65,12
IR-R-I-1441,Saveetha Institute of Medical and Technical Sciences,55.05,76.06,68.54,71.44,7.74,Chennai,Tamil Nadu,60.96,13
IR-R-U-0490,Vellore Institute of Technology,50.52,71.19,73.48,60.61,31.21,Vellore,Tamil Nadu,60.39,14
IR-R-U-0013,Indian Institute of Technology Hyderabad,67.70,51.01,68.25,58.56,50.34,Hyderabad,Telangana,60.15,15
IR-R-U-0500,Banaras Hindu University,54.12,49.73,84.29,65.95,36.59,Varanasi,Uttar Pradesh,58.28,16
IR-R-U-0330,Tata Institute of Fundamental Research,66.52,51.10,59.00,67.77,41.02,Mumbai,Maharashtra,57.96,17
IR-R-U-0391,Birla Institute of Technology & Science -Pilani,56.18,56.64,72.68,61.42,21.92,Pilani,Rajasthan,56.71,18
IR-R-U-0234,Manipal Academy of Higher Education-Manipal,56.38,57.95,68.76,67.71,15.95,Manipal,Karnataka,56.41,19
IR-R-U-0108,Jamia Millia Islamia,55.57,43.47,78.35,83.83,23.68,New Delhi,Delhi,56.13,20
IR-R-U-0109,Jawaharlal Nehru University,51.62,38.08,88.31,78.82,36.08,New Delhi,Delhi,56.06,21
IR-R-U-0701,Indian Institute of Technology (Banaras Hindu University) Varanasi,57.73,56.02,61.49,60.88,32.90,Varanasi,Uttar Pradesh,55.81,22
IR-R-U-0575,Jadavpur University,53.72,45.61,84.67,52.34,35.70,Kolkata,West Bengal,55.53,23
IR-R-U-0273,Indian Institute of Technology Indore,65.70,49.88,61.24,64.23,21.74,Indore,Madhya Pradesh,55.52,24
IR-R-U-0473,S.R.M. Institute of Science and Technology,43.74,63.95,72.39,68.94,17.37,Chennai,Tamil Nadu,55.41,25
IR-R-U-0439,Anna University,50.18,54.74,62.44,51.30,60.02,Chennai,Tamil Nadu,55.09,26
IR-R-U-0205,Indian Institute of Technology (Indian School of Mines),58.91,50.51,63.25,60.64,27.46,Dhanbad,Jharkhand,54.28,27
IR-R-U-0496,Aligarh Muslim University,49.77,45.90,81.44,64.58,26.18,Aligarh,Uttar Pradesh,54.07,28
IR-R-U-0101,Indian Agricultural Research Institute,57.34,37.36,68.29,79.71,29.45,New Delhi,Delhi,52.98,29
IR-R-U-0357,National Institute of Technology Rourkela,57.92,47.52,67.92,60.45,14.26,Rourkela,Odisha,52.69,30
IR-R-U-0436,Amrita Vishwa Vidyapeetham,49.25,40.47,72.07,71.42,40.10,Coimbatore,Tamil Nadu,52.48,31
IR-R-U-0042,University of Hyderabad,54.28,41.08,73.27,63.01,19.33,Hyderabad,Telangana,51.48,32
IR-R-U-0467,National Institute of Technology Tiruchirappalli,52.31,41.72,59.15,66.37,47.23,Tiruchirappalli,Tamil Nadu,51.40,33
IR-R-U-0747,Chandigarh University,39.90,52.72,68.17,74.25,16.36,Mohali,Punjab,50.47,34
IR-R-U-0305,Indian Institute of Science Education & Research Pune,58.05,41.23,53.23,64.23,35.05,Pune,Maharashtra,50.35,35
IR-R-U-0139,Indian Institute of Technology Gandhinagar,59.92,34.20,59.56,67.92,26.66,Gandhinagar,Gujarat,49.61,36
IR-R-U-0078,Panjab University,42.81,45.45,71.64,65.25,21.38,Chandigarh,Chandigarh,49.47,37
IR-R-U-0497,Amity University,46.81,51.47,65.02,63.12,4.59,Gautam Budh Nagar,Uttar Pradesh,49.25,38
IR-R-U-0064,Indian Institute of Technology Patna,58.32,37.16,59.74,64.12,17.37,Patna,Bihar,48.75,39
IR-R-U-0379,Lovely Professional University,38.44,56.68,57.83,69.89,16.15,Phagwara,Punjab,48.72,40
IR-R-U-0308,Institute of Chemical Technology,54.63,42.77,55.44,54.16,21.92,Mumbai,Maharashtra,47.92,41
IR-R-I-1480,Thapar Institute of Engineering and Technology (Deemed-to-be-university),45.91,44.01,65.52,65.69,9.46,Patiala,Punjab,47.59,42
IR-R-U-0356,Kalinga Institute of Industrial Technology,38.17,39.16,74.30,77.74,8.98,Bhubaneswar,Odisha,46.73,43
IR-R-U-0224,Jawaharlal Nehru Centre for Advanced Scientific Research,62.99,34.38,45.45,58.35,24.19,Bengaluru,Karnataka,46.57,44
IR-R-U-0564,UPES,42.66,52.61,49.26,65.41,14.90,Dehradun,Uttarakhand,46.46,45
IR-R-U-0572,Indian Institute of Science Education & Research Kolkata,54.68,34.58,57.95,52.39,28.08,Mohanpur,West Bengal,46.42,46
IR-R-U-0378,Indian Institute of Technology Ropar,56.09,33.86,54.22,63.66,17.97,Rupnagar,Punjab,46.00,47
IR-R-U-0570,Calcutta University,41.87,30.98,78.73,51.81,30.48,Kolkata,West Bengal,45.83,48
IR-R-U-0363,Siksha `O` Anusandhan,39.33,34.19,68.73,73.03,20.08,Bhubaneswar,Odisha,45.12,49
IR-R-U-0410,Malaviya National Institute of Technology,53.21,36.95,56.45,60.75,6.19,Jaipur,Rajasthan,45.02,50
IR-E-U-0456,Indian Institute of Technology Madras,95.70,90.74,82.29,63.25,100.00,Chennai,Tamil Nadu,88.72,1
IR-E-I-1074,Indian Institute of Technology Delhi,85.89,93.47,81.67,62.01,93.97,New Delhi,Delhi,85.74,2
IR-E-U-0306,Indian Institute of Technology Bombay,87.97,84.81,87.06,59.13,85.04,Mumbai,Maharashtra,83.65,3
IR-E-I-1075,Indian Institute of Technology Kanpur,91.77,76.34,88.08,59.18,78.49,Kanpur,Uttar Pradesh,81.82,4
IR-E-U-0573,Indian Institute of Technology Kharagpur,85.26,77.56,79.82,64.24,74.57,Kharagpur,West Bengal,78.69,5
IR-E-U-0560,Indian Institute of Technology Roorkee,76.06,76.57,85.82,63.92,60.98,Roorkee,Uttarakhand,75.44,6
IR-E-U-0013,Indian Institute of Technology Hyderabad,88.02,61.39,79.20,54.39,61.98,Hyderabad,Telangana,72.31,7
IR-E-U-0053,Indian Institute of Technology Guwahati,73.60,72.89,84.68,61.40,52.06,Guwahati,Assam,72.24,8
IR-E-U-0467,National Institute of Technology Tiruchirappalli,73.26,57.64,78.69,64.76,66.54,Tiruchirappalli,Tamil Nadu,68.14,9
IR-E-U-0701,Indian Institute of Technology (Banaras Hindu University) Varanasi,66.39,61.68,86.03,60.51,55.64,Varanasi,Uttar Pradesh,67.24,10
IR-E-U-0391,Birla Institute of Technology & Science -Pilani,82.07,56.41,81.04,60.41,32.29,Pilani,Rajasthan,67.02,11
IR-E-U-0273,Indian Institute of Technology Indore,81.25,59.55,76.52,63.77,27.15,Indore,Madhya Pradesh,66.65,12
IR-E-U-0357,National Institute of Technology Rourkela,83.55,59.25,76.89,61.74,22.37,Rourkela,Odisha,66.62,13
IR-E-U-0473,S.R.M. Institute of Science and Technology,78.69,68.93,65.43,67.09,17.45,Chennai,Tamil Nadu,65.83,14
IR-E-U-0205,Indian Institute of Technology (Indian School of Mines),72.84,62.49,77.02,61.36,32.29,Dhanbad,Jharkhand,65.37,15
IR-E-U-0490,Vellore Institute of Technology,66.77,67.60,72.22,61.01,43.97,Vellore,Tamil Nadu,65.25,16
IR-E-U-0237,"National Institute of Technology Karnataka, Surathkal",75.38,51.80,78.11,62.49,45.70,Surathkal,Karnataka,64.59,17
IR-E-U-0575,Jadavpur University,79.56,59.41,71.46,48.60,37.00,Kolkata,West Bengal,64.54,18
IR-E-U-0064,Indian Institute of Technology Patna,79.24,55.04,78.40,63.95,21.73,Patna,Bihar,64.52,19
IR-E-U-0439,Anna University,69.43,62.80,63.28,51.12,60.73,Chennai,Tamil Nadu,63.51,20
IR-E-U-0263,National Institute of Technology Calicut,83.65,40.00,79.12,66.66,34.71,Kozhikode,Kerala,63.05,21
IR-E-U-0363,Siksha `O` Anusandhan,85.34,43.83,70.48,73.26,24.03,Bhubaneswar,Odisha,62.58,22
IR-E-U-0436,Amrita Vishwa Vidyapeetham,80.74,51.78,67.71,64.19,27.53,Coimbatore,Tamil Nadu,62.46,23
IR-E-U-0108,Jamia Millia Islamia,67.50,59.18,78.28,67.19,20.43,New Delhi,Delhi,62.42,24
IR-E-U-0139,Indian Institute of Technology Gandhinagar,85.82,41.07,74.62,63.82,29.36,Gandhinagar,Gujarat,62.31,25
IR-E-U-0184,Indian Institute of Technology Mandi,81.90,42.61,78.29,68.77,21.95,Mandi,Himachal Pradesh,62.08,26
IR-E-U-0395,Indian Institute of Technology Jodhpur,86.92,44.03,70.43,66.41,12.93,Jodhpur,Rajasthan,61.31,27
IR-E-U-0025,National Institute of Technology Warangal,74.94,49.23,73.64,57.32,33.44,Warangal,Telangana,61.05,28
IR-E-I-1480,Thapar Institute of Engineering and Technology (Deemed-to-be-university),75.12,50.86,73.27,65.68,19.53,Patiala,Punjab,60.97,29
IR-E-U-0098,Delhi Technological University,73.01,46.71,79.17,54.82,36.25,New Delhi,Delhi,60.85,30
IR-E-U-0747,Chandigarh University,73.26,57.93,59.17,74.33,18.39,Mohali,Punjab,60.46,31
IR-E-U-0378,Indian Institute of Technology Ropar,72.46,47.74,75.18,60.41,25.23,Rupnagar,Punjab,59.66,32
IR-E-U-0458,Kalasalingam Academy of Research and Education,78.03,42.46,72.16,77.18,7.27,Krishnan Koil,Tamil Nadu,59.03,33
IR-E-U-0496,Aligarh Muslim University,76.86,55.65,64.17,41.19,23.00,Aligarh,Uttar Pradesh,59.01,34
IR-E-U-0020,Koneru Lakshmaiah Education Foundation University (K L College of Engineering),77.55,48.67,69.94,66.84,4.12,Vaddeswaram,Andhra Pradesh,58.95,35
IR-E-U-0356,Kalinga Institute of Industrial Technology,78.64,47.76,60.32,77.29,10.76,Bhubaneswar,Odisha,58.79,36
IR-E-U-0497,Amity University,66.68,65.39,62.04,59.02,6.04,Gautam Budh Nagar,Uttar Pradesh,58.53,37
IR-E-U-0014,International Institute of Information Technology Hyderabad,75.84,43.22,70.72,63.32,22.58,Hyderabad,Telangana,58.45,38
IR-E-U-0355,Indian Institute of Technology Bhubaneswar,74.57,39.14,75.07,62.69,28.27,Bhubaneswar,Odisha,58.22,39
IR-E-U-0476,Shanmugha Arts Science Technology & Research Academy,80.47,35.94,73.70,72.80,10.76,Thanjavur,Tamil Nadu,58.02,40
IR-E-U-0308,Institute of Chemical Technology,76.35,50.35,64.94,53.35,16.24,Mumbai,Maharashtra,57.96,41
IR-E-U-0410,Malaviya National Institute of Technology,69.29,51.84,70.23,60.14,10.48,Jaipur,Rajasthan,57.45,42
IR-E-U-0564,UPES,71.34,55.50,54.26,62.65,18.16,Dehradun,Uttarakhand,56.99,43
IR-E-U-0334,"Visvesvaraya National Institute of Technology, Nagpur",71.55,44.33,71.94,56.04,18.16,Nagpur,Maharashtra,56.58,44
IR-E-I-1441,Saveetha Institute of Medical and Technical Sciences,75.77,61.58,40.58,71.22,1.07,Chennai,Tamil Nadu,56.55,45
IR-E-U-0329,Symbiosis International,69.68,51.85,65.38,54.68,12.13,Pune,Maharashtra,56.22,46
IR-E-C-16604,Sri Sivasubramaniya Nadar College of Engineering,71.29,43.96,70.01,57.78,17.21,Kalavakkam,Tamil Nadu,56.08,47
IR-E-U-0379,Lovely Professional University,63.04,52.88,62.53,66.88,20.21,Phagwara,Punjab,55.99,48
IR-E-U-0577,National Institute of Technology Durgapur,71.25,38.14,77.92,58.39,16.97,Durgapur,West Bengal,55.94,49
IR-E-U-0055,National Institute of Technology Silchar,66.60,51.48,70.15,54.71,9.92,Silchar,Assam,55.91,50
IR-E-U-0202,Birla Institute of Technology,76.22,40.21,66.03,52.07,19.31,Ranchi,Jharkhand,55.28,51
IR-E-U-0555,Graphic Era University,68.63,55.33,47.50,58.38,27.34,Dehradun,Uttarakhand,55.26,52
IR-E-U-0072,National Institute of Technology Patna,58.95,51.69,73.81,53.01,6.35,Patna,Bihar,53.89,53
IR-E-U-0584,"Indian Institute of Engineering Science and Technology, Shibpur",66.32,37.75,70.93,52.44,29.71,Howrah,West Bengal,53.63,54
IR-E-U-0374,"Dr. B R Ambedkar National Institute of Technology, Jalandhar",71.26,40.49,61.88,62.76,11.86,Jalandhar,Punjab,53.38,55
IR-E-U-0906,Indian Institute of Technology Jammu,80.73,31.90,60.05,57.78,15.00,Jammu,Jammu and Kashmir,53.08,56
IR-E-U-0844,"Indian Institute of Technology, Tirupati",81.96,22.84,66.17,54.00,26.59,Tirupati,Andhra Pradesh,52.73,57
IR-E-U-0749,Manipal University Jaipur,71.67,40.11,58.63,69.16,5.09,Jaipur,Rajasthan,52.69,58
IR-E-C-7252,Manipal Institute of Technology,68.27,41.71,60.77,58.59,15.50,Manipal,Karnataka,52.55,59
IR-E-U-0739,Madan Mohan Malaviya University of Technology,76.52,24.75,68.59,71.41,12.13,Gorakhpur,Uttar Pradesh,52.45,60
IR-E-U-0255,Indian Institute of Space Science and Technology,75.88,25.19,66.94,60.04,27.34,Thiruvananthapuram,Kerala,52.44,61
IR-E-U-0530,Motilal Nehru National Institute of Technology,63.15,37.51,74.36,55.38,15.50,Prayagraj,Uttar Pradesh,52.15,62
IR-E-U-0105,Indraprastha Institute of Information Technology,66.46,30.17,73.74,52.74,23.21,New Delhi,Delhi,51.33,63
IR-E-U-0878,Indian Institute of Technology Palakkad,74.28,26.02,62.17,65.91,20.87,Palakkad,Kerala,51.20,64
IR-E-U-0622,National Institute of Technology Delhi,62.76,29.35,71.26,69.51,19.53,Delhi,Delhi,50.79,65
IR-E-U-0149,Sardar Vallabhbhai National Institute of Technology,62.42,42.99,62.65,54.21,11.86,SURAT,Gujarat,50.77,66
IR-E-U-0474,Sathyabama Institute of Science and Technology,70.44,36.38,51.69,71.85,10.76,Chennai,Tamil Nadu,50.64,67
IR-E-C-37013,PSG College of Technology,70.17,26.31,60.36,47.52,48.83,Coimbatore,Tamil Nadu,50.64,67
IR-E-U-0221,International Institute of Information Technology Bangalore,68.33,24.19,71.27,59.94,24.63,Bengaluru,Karnataka,50.46,69
IR-E-C-6379,Netaji Subhas University of Technology (NSUT),68.09,27.14,73.77,51.97,19.08,Delhi,Delhi,50.43,70
IR-E-U-0389,Banasthali Vidyapith,70.41,24.74,71.47,71.39,4.12,Banasthali,Rajasthan,50.38,71
IR-E-U-0946,Indian Institute of Technology Bhilai,76.99,24.97,65.13,59.02,8.47,Durg,Chhattisgarh,50.37,72
IR-E-U-0197,National Institute of Technology Srinagar,62.39,35.08,69.97,64.33,5.73,Srinagar,Jammu and Kashmir,50.23,73
IR-E-U-0042,University of Hyderabad,66.49,50.21,43.44,48.99,7.57,Hyderabad,Telangana,49.36,74
IR-E-C-1331,M. S. Ramaiah Institute of Technology,70.38,28.02,62.77,56.51,15.50,Bengaluru,Karnataka,49.26,75
IR-E-U-0217,Christ University,65.63,47.28,34.52,63.03,19.53,Bengaluru,Karnataka,49.03,76
IR-E-U-0899,Indian Institute of Technology Dharwad,74.99,17.71,63.79,57.85,22.58,Dharwad,Karnataka,48.61,77
IR-E-U-0535,Rajiv Gandhi Institute of Petroleum Technology,77.78,20.12,67.42,55.98,0.72,Amethi,Uttar Pradesh,48.52,78
IR-E-U-0384,Sant Longowal Institute of Engineering & Technology,78.11,26.83,51.16,66.44,0.72,Longowal,Punjab,48.42,79
IR-E-U-0043,"Vignan's Foundation for Science, Technology and Research",71.70,21.52,58.20,69.39,17.21,Guntur,Andhra Pradesh,48.27,80
IR-E-U-0284,Maulana Azad National Institute of Technology,54.74,36.36,73.26,52.93,9.92,Bhopal,Madhya Pradesh,48.26,81
IR-E-U-0207,"National Institute of Technology, Jamshedpur",59.72,28.90,75.79,58.58,6.35,Jamshedpur,Jharkhand,48.25,82
IR-E-U-0619,National Institute of Technology Meghalaya,66.48,30.77,62.31,58.46,7.27,Shillong,Meghalaya,48.21,83
IR-E-U-0223,"Jain university,Bangalore",68.49,40.87,42.99,62.18,3.79,Bengaluru,Karnataka,48.01,84
IR-E-U-0172,National Institute of Technology Kurukshetra,53.75,37.48,66.64,55.43,17.45,Kurukshetra,Haryana,47.98,85
IR-E-U-0092,"National Institute of Technology, Raipur",54.86,39.87,66.26,54.45,4.77,Raipur,Chhattisgarh,47.59,86
IR-E-U-0489,Vel Tech Rangarajan Dr. Sagunthala R & D Institute of Science and Technology,66.71,35.76,46.01,67.33,7.57,Chennai,Tamil Nadu,47.43,87
IR-E-C-24004,AU College of Engineering (A),76.16,13.15,61.81,78.27,3.79,Visakhapatnam,Andhra Pradesh,47.37,88
IR-E-U-0373,Chitkara University,50.97,49.46,51.93,62.79,5.41,Rajpura,Punjab,47.34,89
IR-E-U-1257,COEP Technological University,61.16,24.82,67.69,50.90,28.82,Pune,Maharashtra,47.31,90
IR-E-C-19754,SR University,73.64,21.78,55.79,64.97,8.76,Warangal,Telangana,47.16,91
IR-E-U-0297,Defence Institute of Advanced Technology,68.70,36.01,52.12,47.02,4.45,Pune,Maharashtra,46.98,92
IR-E-U-0078,Panjab University,47.57,44.46,56.80,63.47,15.75,Chandigarh,Chandigarh,46.90,93
IR-E-U-0017,Jawaharlal Nehru Technological University,75.17,22.40,49.61,67.59,7.87,Hyderabad,Telangana,46.74,94
IR-E-C-30045,"C.V. Raman Global University, Odisha",77.56,10.31,59.54,71.59,11.86,Bhubaneswar,Odisha,46.62,95
IR-E-U-0267,Atal Bihari Vajpayee Indian Institute of Information Technology and Management,60.53,19.76,77.19,58.72,8.47,Gwalior,Madhya Pradesh,46.25,96
IR-E-U-0189,National Institute of Technology Hamirpur,55.31,32.51,65.33,57.57,9.34,Hamirpur,Himachal Pradesh,46.10,97
IR-E-U-0147,Pandit Deendayal Energy University,61.15,38.82,58.40,38.87,4.12,Gandhinagar,Gujarat,45.97,98
IR-E-U-0621,National Institute of Technology Puducherry,60.59,25.67,61.86,63.73,12.13,Karaikal,Pondicherry,45.83,99
IR-E-C-36995,Sri Krishna College of Engineering and Technology,68.47,22.35,63.40,49.25,6.97,Coimbatore,Tamil Nadu,45.55,100
IR-M-S-8890,Indian Institute of Management Ahmedabad,91.84,64.92,98.72,72.01,93.26,Ahmedabad,Gujarat,83.29,1
IR-M-S-8903,Indian Institute of Management Bangalore,89.16,59.04,98.86,73.27,100.00,Bengaluru,Karnataka,81.56,2
IR-M-S-8909,Indian Institute of Management Kozhikode,87.75,64.14,95.35,77.80,74.26,Kozhikode,Kerala,79.85,3
IR-M-I-1074,Indian Institute of Technology Delhi,74.02,87.50,83.30,75.59,62.59,New Delhi,Delhi,78.94,4
IR-M-S-8959,Indian Institute of Management Lucknow,86.37,59.80,96.96,71.82,75.51,Lucknow,Uttar Pradesh,77.97,5
IR-M-S-8931,"Indian Institute of Management, Mumbai",85.20,60.18,99.84,78.00,62.03,Mumbai,Maharashtra,77.58,6
IR-M-S-8972,Indian Institute of Management Calcutta,85.28,54.52,98.87,71.15,85.23,Kolkata,West Bengal,77.34,7
IR-M-S-8918,Indian Institute of Management Indore,86.11,59.69,94.28,76.25,54.50,Indore,Madhya Pradesh,75.68,8
IR-M-I-1170,Management Development Institute,78.96,66.07,94.96,70.58,24.01,Gurugram,Haryana,71.96,9
IR-M-S-132,XLRI - Xavier School of Management,84.92,50.83,94.94,62.63,46.48,Jamshedpur,Jharkhand,70.63,10
IR-M-C-19343,Symbiosis Institute of Business Management,78.53,51.67,94.56,61.93,37.36,Pune,Maharashtra,67.90,11
IR-M-U-0573,Indian Institute of Technology Kharagpur,57.87,78.53,83.82,59.40,33.51,Kharagpur,West Bengal,66.97,12
IR-M-U-0456,Indian Institute of Technology Madras,78.97,52.50,76.52,65.48,52.14,Chennai,Tamil Nadu,66.50,13
IR-M-U-0306,Indian Institute of Technology Bombay,74.05,64.99,77.01,52.36,34.62,Mumbai,Maharashtra,65.82,14
IR-M-S-8868,Indian Institute of Management Raipur,79.81,44.83,89.50,80.73,16.66,Raipur,Chhattisgarh,65.03,15
IR-M-S-8948,Indian Institute of Management Tiruchirappalli,78.93,35.02,87.90,75.08,56.74,Tiruchirappalli,Tamil Nadu,64.95,16
IR-M-U-0102,Indian Institute of Foreign Trade,82.24,32.57,87.51,67.20,42.71,New Delhi,Delhi,62.93,17
IR-M-S-8904,Indian Institute of Management Ranchi,70.63,45.06,89.86,71.61,29.28,Ranchi,Jharkhand,62.77,18
IR-M-S-8895,Indian Institute of Management Rohtak,71.95,42.51,88.06,75.75,30.74,Rohtak,Haryana,62.60,19
IR-M-I-1044,S. P. Jain Institute of Management and Research,79.62,32.08,98.83,67.61,20.19,Mumbai,Maharashtra,62.06,20
IR-M-S-8942,Indian Institute of Management Udaipur,81.09,34.13,88.51,73.18,22.00,Udaipur,Rajasthan,61.79,21
IR-M-U-0560,Indian Institute of Technology Roorkee,68.65,54.58,81.04,62.99,22.87,Roorkee,Uttarakhand,61.77,22
IR-M-S-8967,Indian Institute of Management Kashipur,72.62,40.68,87.55,75.86,26.46,Kashipur,Uttarakhand,61.74,23
IR-M-N-10,SVKM`s Narsee Monjee Institute of Management Studies,78.15,30.84,93.03,77.20,19.57,Mumbai,Maharashtra,60.99,24
IR-M-S-15962,Indian Institute of Management,73.59,34.91,87.03,74.65,34.62,Nagpur,Maharashtra,60.88,25
IR-M-U-0436,Amrita Vishwa Vidyapeetham,69.60,47.42,76.14,72.36,26.73,Coimbatore,Tamil Nadu,60.25,26
IR-M-I-1075,Indian Institute of Technology Kanpur,68.99,53.84,71.66,60.72,29.03,Kanpur,Uttar Pradesh,60.15,27
IR-M-U-0108,Jamia Millia Islamia,64.78,46.32,83.84,86.07,13.53,New Delhi,Delhi,60.06,28
IR-M-U-1007,Indian Institute of Management Visakhapatnam,80.56,24.46,85.37,74.48,39.15,Visakhapatnam,Andhra Pradesh,59.95,29
IR-M-S-394,Institute of Management Technology,76.75,39.52,85.31,67.30,11.69,Ghaziabad,Uttar Pradesh,59.85,30
IR-M-U-1006,Indian Institute of Management Bodh Gaya,81.53,28.45,86.09,72.36,22.00,Gaya,Bihar,59.65,31
IR-M-U-0747,Chandigarh University,73.83,44.02,74.27,78.10,13.89,Mohali,Punjab,59.40,32
IR-M-S-14875,MICA,73.21,43.32,84.20,70.37,3.82,Ahmedabad,Gujarat,59.22,33
IR-M-S-6,Indian Institute of Management Sambalpur,80.96,20.77,84.61,80.34,31.21,Sambalpur,Odisha,58.59,34
IR-M-U-1004,Indian Institute of Management Jammu (IIMJ),76.92,22.51,87.67,78.29,33.06,Jammu,Jammu and Kashmir,58.50,35
IR-M-U-0564,UPES,77.65,40.28,70.56,65.89,22.58,Dehradun,Uttarakhand,58.33,36
IR-M-N-16,Great Lakes Institute of Management,80.97,32.86,73.90,70.72,20.50,Chennai,Tamil Nadu,58.05,37
IR-M-S-8937,Indian Institute of Management Shillong,69.08,28.99,95.96,61.49,29.28,Shillong,Meghalaya,57.70,38
IR-M-S-156,T. A. Pai Management Institute Manipal,74.18,33.40,81.68,72.43,12.80,Manipal,Karnataka,57.13,39
IR-M-I-1064,IMI Delhi,74.20,28.58,87.24,74.58,8.55,New Delhi,Delhi,56.59,40
IR-M-S-3283,Jaipuria Institute of Management,72.11,37.27,76.71,69.63,13.53,Noida,Uttar Pradesh,56.46,41
IR-M-I-1408,IMI Kolkata,71.46,32.92,81.76,72.31,5.16,Kolkata,West Bengal,55.42,42
IR-M-S-87,Goa Institute of Management,76.24,24.67,83.63,68.80,13.89,Sanquelim,Goa,55.27,43
IR-M-U-0379,Lovely Professional University,74.77,41.41,53.33,73.42,21.40,Phagwara,Punjab,55.00,44
IR-M-U-0715,XIM University,73.42,23.33,91.18,60.69,13.89,Bhubaneswar,Odisha,54.73,45
IR-M-I-1480,Thapar Institute of Engineering and Technology (Deemed-to-be-university),67.95,40.64,69.78,70.62,8.14,Patiala,Punjab,54.40,46
IR-M-U-0012,"ICFAI Foundation for Higher Education, Hyderabad",76.97,27.70,70.65,76.61,12.06,Hyderabad,Telangana,54.40,46
IR-M-U-0205,Indian Institute of Technology (Indian School of Mines),68.75,41.49,66.07,63.18,17.32,Dhanbad,Jharkhand,54.34,48
IR-M-U-0497,Amity University,65.29,56.80,52.14,60.40,10.54,Gautam Budh Nagar,Uttar Pradesh,54.15,49
IR-M-S-17295,Great Lakes Institute of Management,75.96,26.23,75.29,79.77,3.82,Gurgaon,Haryana,54.08,50
IR-M-S-15911,Indian Institute of Management Sirmaur,74.08,20.25,83.86,73.72,15.98,Sirmaur,Himachal Pradesh,54.03,51
IR-M-U-0555,Graphic Era University,71.79,39.38,54.69,68.35,28.53,Dehradun,Uttarakhand,53.98,52
IR-M-U-0146,Nirma University,74.34,25.86,79.76,65.71,8.95,Ahmedabad,Gujarat,53.48,53
IR-M-S-92,Institute of Rural Management Anand,67.82,23.80,88.49,69.83,11.69,Anand,Gujarat,53.34,54
IR-M-S-331,Loyola Institute of Business Administration,74.53,19.26,77.18,72.00,23.45,Chennai,Tamil Nadu,53.12,55
IR-M-U-0473,S.R.M. Institute of Science and Technology,72.25,33.01,74.93,53.29,8.55,Chennai,Tamil Nadu,52.74,56
IR-M-U-0467,National Institute of Technology Tiruchirappalli,54.36,45.99,71.61,60.50,19.88,Tiruchirappalli,Tamil Nadu,52.47,57
IR-M-U-0217,Christ University,65.03,31.63,64.73,71.71,33.51,Bengaluru,Karnataka,52.47,57
IR-M-I-1066,Fore School of Management,69.46,25.90,82.22,62.38,9.36,New Delhi,Delhi,52.23,59
IR-M-U-0500,Banaras Hindu University,61.26,29.94,84.26,54.15,25.12,Varanasi,Uttar Pradesh,52.14,60
IR-M-S-354,Birla Institute of Management Technology,70.85,24.23,79.83,68.21,7.73,Greater Noida,Uttar Pradesh,52.09,61
IR-M-U-0410,Malaviya National Institute of Technology,48.71,60.97,60.08,68.10,3.36,Jaipur,Rajasthan,52.07,62
IR-M-I-1441,Saveetha Institute of Medical and Technical Sciences,68.15,47.17,46.92,79.81,0.50,Chennai,Tamil Nadu,52.01,63
IR-M-S-16881,"Indian Institute of Management, Amritsar",63.89,18.35,87.93,70.30,24.01,Amritsar,Punjab,51.70,64
IR-M-S-220,K.J.Somaiya Institute of Management,70.66,20.15,82.92,66.85,7.73,Mumbai,Maharashtra,51.28,65
IR-M-U-0363,Siksha `O` Anusandhan,74.52,17.19,72.08,75.50,13.89,Bhubaneswar,Odisha,50.88,66
IR-M-S-419,"Jaipuria Institute of Management, Lucknow",74.08,20.81,73.04,63.96,13.89,Lucknow,Uttar Pradesh,50.86,67
IR-M-U-0356,Kalinga Institute of Industrial Technology,75.29,25.85,59.51,77.76,6.47,Bhubaneswar,Odisha,50.68,68
IR-M-U-0496,Aligarh Muslim University,58.17,40.27,67.40,56.98,12.43,Aligarh,Uttar Pradesh,49.95,69
IR-M-U-0020,Koneru Lakshmaiah Education Foundation University (K L College of Engineering),72.12,27.64,62.71,71.37,2.90,Vaddeswaram,Andhra Pradesh,49.89,70
IR-M-U-0213,Alliance University,76.74,15.57,68.95,77.22,6.47,Bengaluru,Karnataka,49.85,71
IR-M-I-1132,Institute of Management Technology,68.84,18.57,75.47,72.99,7.73,Hyderabad,Telangana,49.38,72
IR-M-U-0223,"Jain university,Bangalore",73.04,19.48,70.83,68.90,4.72,Bengaluru,Karnataka,49.28,73
IR-M-S-309,Jaipuria Institute of Management,72.26,18.34,75.37,59.61,10.54,Jaipur,Rajasthan,49.26,74
IR-M-S-19472,Prin. L.N. Welingkar Institute of Management Development and Research (PGDM),69.26,13.79,81.75,62.06,15.98,Mumbai,Maharashtra,49.08,75
IR-M-U-0099,Guru Gobind Singh Indraprastha University,55.13,34.57,75.85,53.78,14.25,New Delhi,Delhi,48.88,76
IR-M-U-0735,BML Munjal University,73.28,14.66,71.60,75.60,1.47,Gurgaon,Haryana,48.41,77
IR-M-U-0373,Chitkara University,51.90,42.15,61.98,72.50,4.27,Rajpura,Punjab,48.30,78
IR-M-U-0498,Babasheb Bhimrao Ambedkar University,63.20,12.20,83.62,84.47,3.36,Lucknow,Uttar Pradesh,48.13,79
IR-M-C-36557,Thiagarajar School of Management,68.05,23.73,69.55,48.69,17.32,Madurai,Tamil Nadu,48.05,80
IR-M-U-0749,Manipal University Jaipur,67.29,26.92,57.59,72.99,4.72,Jaipur,Rajasthan,47.56,81
IR-M-U-0253,Cochin University of Science and Technology,72.07,18.16,66.95,60.29,9.75,Cochin,Kerala,47.47,82
IR-M-U-0739,Madan Mohan Malaviya University of Technology,65.11,11.01,84.72,72.17,4.72,Gorakhpur,Uttar Pradesh,47.46,83
IR-M-C-37013,PSG College of Technology,63.44,9.11,77.61,58.35,42.71,Coimbatore,Tamil Nadu,47.38,84
IR-M-U-0263,National Institute of Technology Calicut,70.21,19.56,67.37,54.44,14.60,Kozhikode,Kerala,47.30,85
IR-M-S-78,New Delhi Institute of Management,70.68,3.12,79.83,75.23,16.32,New Delhi,Delhi,47.25,86
IR-M-U-0107,Jamia Hamdard,65.14,17.72,71.82,73.62,5.16,New Delhi,Delhi,47.10,87
IR-M-U-0439,Anna University,56.88,30.57,59.66,47.88,39.73,Chennai,Tamil Nadu,46.92,88
IR-M-U-0147,Pandit Deendayal Energy University,63.29,29.39,70.00,46.19,3.82,Gandhinagar,Gujarat,46.81,89
IR-M-C-32855,Jagan Institute of Management Studies,67.78,8.79,77.03,74.81,7.73,Delhi,Delhi,46.63,90
IR-M-S-164,Rajagiri Business School,70.58,19.26,65.52,56.22,9.36,Cochin,Kerala,46.62,91
IR-M-U-0078,Panjab University,53.20,28.24,69.57,64.82,14.95,Chandigarh,Chandigarh,46.31,92
IR-M-U-0267,Atal Bihari Vajpayee Indian Institute of Information Technology and Management,65.61,21.71,66.89,55.61,11.69,Gwalior,Madhya Pradesh,46.30,93
IR-M-I-1124,IMI Bhubaneswar,61.41,16.14,81.22,64.49,2.90,Bhubaneswar,Odisha,46.24,94
IR-M-S-14553,National Institute of Agricultural Extension Management,72.82,7.23,67.62,76.59,2.90,Hyderabad,Telangana,45.48,95
IR-M-N-4,Bharathidasan Institute of Management,68.04,1.06,81.45,49.94,33.51,Tiruchirappalli,Tamil Nadu,45.36,96
IR-M-U-0202,Birla Institute of Technology,62.24,22.00,64.81,57.78,12.43,Ranchi,Jharkhand,45.25,97
IR-M-U-0395,Indian Institute of Technology Jodhpur,54.97,17.44,79.18,70.75,3.82,Jodhpur,Rajasthan,45.02,98
IR-M-I-1048,"Institute of Management Technology, Nagpur",70.93,10.27,65.37,73.99,0.99,Nagpur,Maharashtra,44.93,99
IR-M-U-0524,University of Lucknow,65.07,6.34,77.93,72.30,2.90,Lucknow,Uttar Pradesh,44.53,100
IR-O-U-0456,Indian Institute of Technology Madras,88.37,87.30,85.76,65.68,100.00,Chennai,Tamil Nadu,86.42,1
IR-O-U-0220,"Indian Institute of Science, Bengaluru",83.60,86.50,82.17,58.46,99.70,Bengaluru,Karnataka,83.28,2
IR-O-U-0306,Indian Institute of Technology Bombay,83.85,82.35,83.36,59.05,89.32,Mumbai,Maharashtra,81.37,3
IR-O-I-1074,Indian Institute of Technology Delhi,76.57,86.23,77.48,66.23,93.48,New Delhi,Delhi,80.31,4
IR-O-I-1075,Indian Institute of Technology Kanpur,89.84,69.09,81.96,60.83,74.12,Kanpur,Uttar Pradesh,77.56,5
IR-O-U-0573,Indian Institute of Technology Kharagpur,76.65,74.94,80.18,57.29,75.24,Kharagpur,West Bengal,74.77,6
IR-O-N-15,All India Institute of Medical Sciences Delhi,79.09,71.26,68.66,71.29,82.97,New Delhi,Delhi,74.27,7
IR-O-U-0560,Indian Institute of Technology Roorkee,76.55,70.48,79.14,62.91,52.89,Roorkee,Uttarakhand,71.52,8
IR-O-U-0053,Indian Institute of Technology Guwahati,76.33,64.43,81.35,61.96,43.43,Guwahati,Assam,69.04,9
IR-O-U-0109,Jawaharlal Nehru University,74.93,45.27,97.34,72.28,57.71,New Delhi,Delhi,68.53,10
IR-O-U-0500,Banaras Hindu University,73.59,51.01,94.94,61.57,50.25,Varanasi,Uttar Pradesh,67.56,11
IR-O-U-0013,Indian Institute of Technology Hyderabad,78.96,56.59,73.33,59.21,54.34,Hyderabad,Telangana,66.69,12
IR-O-U-0108,Jamia Millia Islamia,71.29,49.28,92.72,83.10,29.78,New Delhi,Delhi,66.00,13
IR-O-U-0234,"Manipal Academy of Higher Education, Manipal",78.11,55.94,77.34,67.33,25.34,Manipal,Karnataka,64.94,14
IR-O-U-0120,University of Delhi,56.75,56.42,98.54,67.57,43.93,Delhi,Delhi,64.81,15
IR-O-U-0496,Aligarh Muslim University,74.02,45.91,93.81,61.15,33.15,Aligarh,Uttar Pradesh,64.17,16
IR-O-U-0575,Jadavpur University,68.83,51.35,89.92,49.94,48.20,Kolkata,West Bengal,63.84,17
IR-O-U-0436,Amrita Vishwa Vidyapeetham,76.51,47.82,77.63,73.83,36.07,Coimbatore,Tamil Nadu,63.81,18
IR-O-U-0490,Vellore Institute of Technology,61.51,61.95,79.42,61.11,39.35,Vellore,Tamil Nadu,62.97,19
IR-O-U-0439,Anna University,60.32,63.51,71.58,48.93,64.13,Chennai,Tamil Nadu,62.77,20
IR-O-U-0473,S.R.M. Institute of Science and Technology,71.69,55.43,76.92,68.55,17.02,Chennai,Tamil Nadu,62.07,21
IR-O-I-1441,Saveetha Institute of Medical and Technical Sciences,72.59,60.87,72.82,66.07,5.79,Chennai,Tamil Nadu,61.79,22
IR-O-U-0391,"Birla Institute of Technology and Science, Pilani",66.06,57.83,75.19,58.49,28.11,Pilani,Rajasthan,60.87,23
IR-O-U-0363,Siksha `O` Anusandhan,74.09,42.19,74.06,72.74,37.65,Bhubaneswar,Odisha,60.73,24
IR-O-U-0042,University of Hyderabad,72.69,45.58,81.39,62.26,25.60,Hyderabad,Telangana,60.55,25
IR-O-U-0570,Calcutta University,70.01,42.11,92.19,50.17,31.61,Kolkata,West Bengal,60.25,26
IR-O-U-0304,Homi Bhabha National Institute,76.29,52.45,76.95,53.84,7.42,Mumbai,Maharashtra,60.13,27
IR-O-U-0356,Kalinga Institute of Industrial Technology,74.74,42.01,79.53,76.35,13.72,Bhubaneswar,Odisha,59.94,28
IR-O-U-0139,Indian Institute of Technology Gandhinagar,76.40,41.53,69.97,69.21,24.82,Gandhinagar,Gujarat,58.77,29
IR-O-U-0701,Indian Institute of Technology (Banaras Hindu University) Varanasi,57.16,54.95,76.25,57.97,40.09,Varanasi,Uttar Pradesh,58.69,30
IR-O-U-0467,National Institute of Technology Tiruchirappalli,57.74,48.14,74.21,64.62,55.37,Tiruchirappalli,Tamil Nadu,58.60,31
IR-O-U-0747,Chandigarh University,68.50,39.66,78.18,77.52,24.56,Mohali,Punjab,58.30,32
IR-O-U-0273,Indian Institute of Technology Indore,65.54,50.91,71.78,60.73,19.49,Indore,Madhya Pradesh,57.31,33
IR-O-U-0357,National Institute of Technology Rourkela,63.94,50.54,75.22,59.60,17.02,Rourkela,Odisha,57.04,34
IR-O-U-0205,Indian Institute of Technology (Indian School of Mines) Dhanbad,59.69,55.05,71.72,59.20,22.93,Dhanbad,Jharkhand,56.97,35
IR-O-U-0222,JSS Academy of Higher Education and Research,76.68,32.12,69.66,76.95,15.07,Mysuru,Karnataka,55.79,36
IR-O-U-0323,Savitribai Phule Pune University,61.07,39.17,89.65,52.59,24.29,Pune,Maharashtra,55.69,37
IR-O-U-0260,Kerala University,74.52,26.72,94.82,58.19,4.52,Thiruvananthapuram,Kerala,55.61,38
IR-O-U-0368,Jawaharlal Institute of Post Graduate Medical Education and Research,72.86,33.47,71.01,70.11,24.02,Puducherry,Pondicherry,55.51,39
IR-O-U-0020,Koneru Lakshmaiah Education Foundation University (K L College of Engineering),67.87,41.54,71.78,66.48,16.38,Vaddeswaram,Andhra Pradesh,55.47,40
IR-O-U-0006,Andhra University,75.44,26.05,85.19,64.68,10.13,Visakhapatnam,Andhra Pradesh,54.97,41
IR-O-U-0305,Indian Institute of Science Education and Research Pune,72.80,41.09,61.53,62.28,21.53,Pune,Maharashtra,54.86,42
IR-O-I-1480,Thapar Institute of Engineering and Technology (Deemed-to-be-university),65.00,43.36,71.19,63.83,17.02,Patiala,Punjab,54.83,43
IR-O-U-0447,Bharathiar University,64.04,42.45,78.16,54.05,18.27,Coimbatore,Tamil Nadu,54.81,44
IR-O-U-0379,Lovely Professional University,57.10,49.75,66.63,69.81,22.10,Phagwara,Punjab,54.58,45
IR-O-U-0237,"National Institute of Technology Karnataka, Surathkal",55.75,43.41,74.39,62.79,35.25,Surathkal,Karnataka,54.44,46
IR-O-U-0476,Shanmugha Arts Science Technology and Research Academy,69.41,37.64,71.47,66.23,11.24,Thanjavur,Tamil Nadu,54.14,47
IR-O-U-0378,Indian Institute of Technology Ropar,68.81,39.95,67.50,65.22,14.74,Rupnagar,Punjab,54.12,48
IR-O-U-0497,Amity University,56.77,50.31,71.92,65.59,9.75,Gautam Budh Nagar,Uttar Pradesh,54.04,49
IR-O-U-0458,Kalasalingam Academy of Research and Education,69.75,32.36,74.56,74.30,10.50,Srivilliputhur,Tamil Nadu,54.02,50
IR-O-U-0253,Cochin University of Science and Technology,71.68,35.53,73.76,56.10,14.74,Cochin,Kerala,53.99,51
IR-O-U-0329,Symbiosis International,72.53,27.49,78.53,64.79,17.34,Pune,Maharashtra,53.93,52
IR-O-U-0025,National Institute of Technology Warangal,61.76,42.22,72.75,57.84,22.10,Warangal,Telangana,53.74,53
IR-O-U-0263,National Institute of Technology Calicut,66.21,32.44,72.82,68.16,26.88,Kozhikode,Kerala,53.66,54
IR-O-U-0448,Bharathidasan University,65.13,39.14,79.78,53.33,8.99,Tiruchirappalli,Tamil Nadu,53.47,55
IR-O-U-0308,Institute of Chemical Technology,55.91,45.68,75.08,55.39,23.48,Mumbai,Maharashtra,53.38,56
IR-O-U-0052,Gauhati University,71.82,24.11,88.28,60.98,7.42,Guwahati,Assam,53.28,57
IR-O-U-0498,Babasaheb Bhimrao Ambedkar University,69.31,25.46,80.94,78.63,7.82,Lucknow,Uttar Pradesh,53.26,58
IR-O-U-0564,UPES,64.11,41.19,60.62,65.76,27.62,Dehradun,Uttarakhand,53.05,59
IR-O-U-0078,Panjab University,54.31,42.01,74.07,63.38,29.55,Chandigarh,Chandigarh,52.99,60
IR-O-U-0572,Indian Institute of Science Education and Research Kolkata,68.89,39.53,66.79,54.52,15.73,Mohanpur,West Bengal,52.91,61
IR-O-U-0107,Jamia Hamdard,68.66,34.45,70.20,66.17,12.32,New Delhi,Delhi,52.83,62
IR-O-I-1110,Dr. D. Y. Patil Vidyapeeth,74.46,26.12,63.10,61.74,37.45,Pune,Maharashtra,52.72,63
IR-O-U-0377,Indian Institute of Science Education and Research Mohali,67.38,32.89,70.81,66.14,17.34,Mohali,Punjab,52.58,64
IR-O-I-1357,University of Madras,69.31,38.50,65.47,53.22,18.27,Chennai,Tamil Nadu,52.58,64
IR-O-U-0098,Delhi Technological University,63.18,37.87,67.50,56.65,29.07,New Delhi,Delhi,52.38,66
IR-O-U-0262,Mahatma Gandhi University,71.36,37.27,70.97,51.09,4.09,Kottayam,Kerala,52.30,67
IR-O-U-0395,Indian Institute of Technology Jodhpur,71.50,34.91,63.56,67.12,8.99,Jodhpur,Rajasthan,52.24,68
IR-O-U-0196,University of Kashmir,71.14,31.25,79.72,51.14,3.66,Srinagar,Jammu and Kashmir,52.14,69
IR-O-U-0027,Osmania University,64.75,28.77,85.33,58.05,10.87,Hyderabad,Telangana,52.02,70
IR-O-U-0295,Datta Meghe Institute of Higher Education and Research,71.49,38.33,61.26,64.14,1.41,Wardha,Maharashtra,51.75,71
IR-O-U-0184,Indian Institute of Technology Mandi,65.48,38.39,61.96,70.37,10.87,Mandi,Himachal Pradesh,51.68,72
IR-O-U-0064,Indian Institute of Technology Patna,60.25,42.04,70.12,54.10,11.24,Patna,Bihar,51.24,73
IR-O-U-0691,All India Institute of Medical Sciences Rishikesh,74.07,35.35,50.68,69.13,13.37,Rishikesh,Uttarakhand,51.22,74
IR-O-U-0574,"Indian Statistical Institute, Kolkata",68.05,32.99,67.59,45.27,27.37,Kolkata,West Bengal,51.10,75
IR-O-U-0435,Alagappa University,65.88,35.30,73.76,51.91,7.82,Karaikudi,Tamil Nadu,51.07,76
IR-O-U-0334,Visvesvaraya National Institute of Technology Nagpur,62.96,37.25,68.60,55.82,16.70,Nagpur,Maharashtra,51.03,77
IR-O-U-0272,Indian Institute of Science Education and Research Bhopal,69.14,31.99,65.96,67.87,6.20,Bhopal,Madhya Pradesh,50.94,78
IR-O-U-0555,Graphic Era University,59.90,33.86,62.93,66.08,32.50,Dehradun,Uttarakhand,50.58,79
IR-O-U-0381,Punjab Agricultural University,74.19,32.43,64.12,49.58,7.82,Ludhiana,Punjab,50.55,80
IR-O-C-16604,Sri Sivasubramaniya Nadar College of Engineering,61.30,39.40,67.32,57.14,10.50,Kalavakkam,Tamil Nadu,50.43,81
IR-O-U-0410,Malaviya National Institute of Technology,58.02,42.66,69.70,52.47,10.13,Jaipur,Rajasthan,50.41,82
IR-O-U-0689,All India Institute of Medical Sciences Jodhpur,72.70,33.93,56.36,60.62,6.20,Jodhpur,Rajasthan,49.94,83
IR-O-N-10,SVKM`s Narsee Monjee Institute of Management Studies,74.00,24.83,64.38,65.17,5.37,Mumbai,Maharashtra,49.59,84
IR-O-U-0474,Sathyabama Institute of Science and Technology,59.05,36.30,63.32,70.64,11.96,Chennai,Tamil Nadu,49.52,85
IR-O-U-0235,Mysore University,70.80,19.35,79.51,57.96,7.02,Mysuru,Karnataka,49.45,86
IR-O-U-0195,University of Jammu,72.95,23.43,74.91,52.72,2.32,Jammu,Jammu and Kashmir,49.40,87
IR-O-U-0523,King George`s Medical University,72.12,27.45,62.81,56.24,9.37,Lucknow,Uttar Pradesh,48.98,88
IR-O-U-0190,Shoolini University of Biotechnology and Management Sciences,54.64,39.24,68.70,65.98,4.52,Solan,Himachal Pradesh,48.95,89
IR-O-U-0217,Christ University,58.34,22.05,66.49,72.84,39.72,Bengaluru,Karnataka,48.66,90
IR-O-U-0446,Bharath Institute of Higher Education and Research,67.46,22.62,67.73,71.19,9.37,Chennai,Tamil Nadu,48.64,91
IR-O-U-0055,National Institute of Technology Silchar,50.88,43.70,69.93,56.42,5.37,Silchar,Assam,48.55,92
IR-O-U-0577,National Institute of Technology Durgapur,57.81,32.74,71.05,57.97,11.24,Durgapur,West Bengal,48.29,93
IR-O-U-0136,Gujarat University,67.97,17.53,81.99,57.00,4.09,Ahmedabad,Gujarat,48.16,94
IR-O-U-0642,Shiv Nadar University,71.43,25.51,59.74,66.79,4.09,Gautam Buddha Nagar,Uttar Pradesh,48.12,95
IR-O-I-1486,Sri Ramachandra Institute of Higher Education and Research,72.73,22.22,62.46,62.99,8.21,Chennai,Tamil Nadu,48.10,96
IR-O-U-0003,Acharya Nagarjuna University,64.38,17.00,82.97,65.00,2.32,Guntur,Andhra Pradesh,47.73,97
IR-O-U-0331,Tata Institute of Social Sciences,66.96,15.83,71.49,72.19,11.96,Mumbai,Maharashtra,47.56,98
IR-O-U-0686,All India Institute of Medical Sciences Patna,69.57,20.49,60.00,66.08,19.19,Patna,Bihar,47.55,99
IR-O-U-0470,Periyar University,61.51,29.46,69.58,59.86,2.32,Salem,Tamil Nadu,47.43,100
IR-R-U-0220,"Indian Institute of Science, Bengaluru",98.56,82.86,73.53,58.36,100.00,Bengaluru,Karnataka,84.98,1
IR-R-U-0456,Indian Institute of Technology Madras,91.96,82.57,77.27,65.56,89.22,Chennai,Tamil Nadu,83.29,2
IR-R-I-1074,Indian Institute of Technology Delhi,85.25,84.78,75.98,66.11,82.56,New Delhi,Delhi,81.08,3
IR-R-U-0306,Indian Institute of Technology Bombay,83.75,78.59,80.10,59.00,71.28,Mumbai,Maharashtra,77.75,4
IR-R-U-0573,Indian Institute of Technology Kharagpur,71.77,78.69,77.43,57.12,63.05,Kharagpur,West Bengal,72.65,5
IR-R-U-0304,Homi Bhabha National Institute,85.81,75.60,68.75,53.67,25.75,Mumbai,Maharashtra,70.11,6
IR-R-I-1075,Indian Institute of Technology Kanpur,76.21,62.81,80.16,60.64,62.54,Kanpur,Uttar Pradesh,70.04,7
IR-R-N-15,All India Institute of Medical Sciences Delhi,81.63,67.68,39.27,71.48,76.43,New Delhi,Delhi,67.43,8
IR-R-U-0560,Indian Institute of Technology Roorkee,72.76,67.91,69.00,62.94,44.85,Roorkee,Uttarakhand,66.78,9
IR-R-U-0053,Indian Institute of Technology Guwahati,74.67,61.56,68.52,61.75,42.03,Guwahati,Assam,64.94,10
IR-R-U-0713,Academy of Scientific and Innovative Research,75.64,69.51,76.78,46.77,6.18,Ghaziabad,Uttar Pradesh,64.20,11
IR-R-U-0330,Tata Institute of Fundamental Research,72.00,56.50,56.29,58.44,48.85,Mumbai,Maharashtra,60.54,12
IR-R-U-0490,Vellore Institute of Technology,54.28,67.42,71.26,61.35,33.87,Vellore,Tamil Nadu,60.28,13
IR-R-U-0120,University of Delhi,57.35,56.25,80.31,67.53,31.75,Delhi,Delhi,60.07,14
IR-R-U-0013,Indian Institute of Technology Hyderabad,67.00,51.39,65.67,59.11,53.99,Hyderabad,Telangana,59.96,15
IR-R-U-0500,Banaras Hindu University,52.58,51.51,85.10,61.67,41.05,Varanasi,Uttar Pradesh,58.52,16
IR-R-U-0439,Anna University,60.10,57.47,58.95,49.03,64.28,Chennai,Tamil Nadu,58.39,17
IR-R-U-0109,Jawaharlal Nehru University,51.90,39.35,88.52,72.12,41.42,New Delhi,Delhi,56.43,18
IR-R-U-0108,Jamia Millia Islamia,55.09,45.13,77.22,83.72,22.38,New Delhi,Delhi,56.12,19
IR-R-I-1441,Saveetha Institute of Medical and Technical Sciences,62.08,57.03,64.04,66.05,7.03,Chennai,Tamil Nadu,55.85,20
IR-R-U-0575,Jadavpur University,55.22,44.66,80.98,49.94,36.87,Kolkata,West Bengal,54.85,21
IR-R-U-0205,Indian Institute of Technology (Indian School of Mines) Dhanbad,59.28,51.38,63.00,58.99,30.81,Dhanbad,Jharkhand,54.77,22
IR-R-U-0234,"Manipal Academy of Higher Education, Manipal",53.84,52.11,66.07,67.35,25.92,Manipal,Karnataka,54.31,23
IR-R-U-0473,S.R.M. Institute of Science and Technology,46.04,55.71,69.13,68.54,21.40,Chennai,Tamil Nadu,53.34,24
IR-R-U-0496,Aligarh Muslim University,47.76,45.36,81.94,61.23,28.35,Aligarh,Uttar Pradesh,53.29,25
IR-R-U-0391,"Birla Institute of Technology and Science, Pilani",53.49,51.63,65.90,58.73,24.65,Pilani,Rajasthan,53.06,26
IR-R-U-0273,Indian Institute of Technology Indore,63.63,46.65,58.04,60.57,19.36,Indore,Madhya Pradesh,52.70,27
IR-R-U-0042,University of Hyderabad,54.39,41.95,73.73,62.31,20.18,Hyderabad,Telangana,51.90,28
IR-R-U-0305,Indian Institute of Science Education and Research Pune,59.08,41.46,54.83,62.09,41.91,Pune,Maharashtra,51.53,29
IR-R-U-0357,National Institute of Technology Rourkela,56.31,45.33,63.27,60.01,20.18,Rourkela,Odisha,51.16,30
IR-R-U-0467,National Institute of Technology Tiruchirappalli,51.85,41.66,57.40,64.72,49.26,Tiruchirappalli,Tamil Nadu,50.94,31
IR-R-U-0139,Indian Institute of Technology Gandhinagar,60.60,36.02,61.13,69.20,26.46,Gandhinagar,Gujarat,50.78,32
IR-R-U-0436,Amrita Vishwa Vidyapeetham,49.42,33.57,68.73,73.70,43.58,Coimbatore,Tamil Nadu,50.38,33
IR-R-U-0224,Jawaharlal Nehru Centre for Advanced Scientific Research,67.83,37.27,46.23,55.91,36.87,Bengaluru,Karnataka,50.06,34
IR-R-U-0078,Panjab University,42.68,45.53,69.70,63.33,30.01,Chandigarh,Chandigarh,49.73,35
IR-R-U-0570,Calcutta University,45.65,34.36,82.15,50.17,31.13,Kolkata,West Bengal,48.57,36
IR-R-U-0101,Indian Agricultural Research Institute,52.56,33.73,63.85,73.91,25.02,New Delhi,Delhi,48.55,37
IR-R-U-0572,Indian Institute of Science Education and Research Kolkata,54.53,36.55,57.48,54.38,30.49,Mohanpur,West Bengal,47.31,38
IR-R-I-1480,Thapar Institute of Engineering and Technology (Deemed-to-be-university),45.77,45.66,60.54,63.85,13.77,Patiala,Punjab,47.30,39
IR-R-U-0308,Institute of Chemical Technology,52.96,38.29,54.33,55.34,30.49,Mumbai,Maharashtra,46.83,40
IR-R-U-0447,Bharathiar University,51.06,35.68,64.19,54.06,25.20,Coimbatore,Tamil Nadu,46.79,41
IR-R-U-0237,"National Institute of Technology Karnataka, Surathkal",49.58,31.04,57.79,62.67,34.02,Surathkal,Karnataka,45.41,42
IR-R-U-0236,"National Institute of Mental Health and Neuro Sciences, Bangalore",62.57,30.70,37.82,64.03,32.37,Bengaluru,Karnataka,45.18,43
IR-R-U-0379,Lovely Professional University,36.53,50.80,54.21,70.22,9.49,Phagwara,Punjab,45.01,44
IR-R-U-0378,Indian Institute of Technology Ropar,53.90,31.67,54.16,65.10,19.77,Rupnagar,Punjab,44.99,45
IR-R-U-0356,Kalinga Institute of Industrial Technology,34.69,35.68,73.05,76.56,12.55,Bhubaneswar,Odisha,44.64,46
IR-R-U-0497,Amity University,39.13,46.82,58.63,65.47,5.01,Gautam Budh Nagar,Uttar Pradesh,44.57,47
IR-R-U-0448,Bharathidasan University,50.14,29.01,69.61,53.32,14.24,Tiruchirappalli,Tamil Nadu,44.41,48
IR-R-U-0377,Indian Institute of Science Education and Research Mohali,47.92,28.15,57.63,65.89,31.44,Mohali,Punjab,44.09,49
IR-R-U-0363,Siksha `O` Anusandhan,38.79,34.00,62.31,72.72,22.96,Bhubaneswar,Odisha,43.87,50
IR-E-U-0456,Indian Institute of Technology Madras,95.79,93.10,81.07,65.85,100.00,Chennai,Tamil Nadu,89.46,1
IR-E-I-1074,Indian Institute of Technology Delhi,85.71,92.20,84.52,65.39,98.53,New Delhi,Delhi,86.66,2
IR-E-U-0306,Indian Institute of Technology Bombay,86.34,84.18,84.78,58.67,91.13,Mumbai,Maharashtra,83.09,3
IR-E-I-1075,Indian Institute of Technology Kanpur,94.25,74.08,89.05,60.62,84.19,Kanpur,Uttar Pradesh,82.79,4
IR-E-U-0573,Indian Institute of Technology Kharagpur,78.22,79.28,79.16,57.83,80.26,Kharagpur,West Bengal,76.88,5
IR-E-U-0560,Indian Institute of Technology Roorkee,77.72,74.70,87.35,62.20,65.79,Roorkee,Uttarakhand,76.00,6
IR-E-U-0053,Indian Institute of Technology Guwahati,76.81,68.07,84.48,59.56,55.38,Guwahati,Assam,71.86,7
IR-E-U-0013,Indian Institute of Technology Hyderabad,88.73,57.50,77.88,55.70,65.31,Hyderabad,Telangana,71.55,8
IR-E-U-0467,National Institute of Technology Tiruchirappalli,69.69,57.02,78.69,63.12,68.07,Tiruchirappalli,Tamil Nadu,66.88,9
IR-E-U-0701,Indian Institute of Technology (Banaras Hindu University) Varanasi,66.26,60.16,84.78,57.89,60.05,Varanasi,Uttar Pradesh,66.69,10
IR-E-U-0490,Vellore Institute of Technology,65.52,71.94,69.40,61.75,49.28,Vellore,Tamil Nadu,66.22,11
IR-E-U-0575,Jadavpur University,78.24,59.47,76.55,48.89,41.13,Kolkata,West Bengal,65.62,12
IR-E-U-0473,S.R.M. Institute of Science and Technology,78.11,68.70,64.60,66.85,17.57,Chennai,Tamil Nadu,65.41,13
IR-E-U-0439,Anna University,65.94,71.32,63.43,48.67,65.97,Chennai,Tamil Nadu,65.34,14
IR-E-U-0205,Indian Institute of Technology (Indian School of Mines) Dhanbad,73.39,60.91,75.94,59.84,33.72,Dhanbad,Jharkhand,64.83,15
IR-E-U-0273,Indian Institute of Technology Indore,79.79,55.21,75.82,60.67,29.90,Indore,Madhya Pradesh,64.72,16
IR-E-U-0237,"National Institute of Technology Karnataka, Surathkal",74.65,49.04,78.44,62.31,52.37,Surathkal,Karnataka,64.27,17
IR-E-U-0139,Indian Institute of Technology Gandhinagar,88.39,42.21,70.33,65.56,36.08,Gandhinagar,Gujarat,63.42,18
IR-E-U-0357,National Institute of Technology Rourkela,76.49,57.00,73.24,59.41,27.38,Rourkela,Odisha,63.38,19
IR-E-U-0391,"Birla Institute of Technology and Science, Pilani",73.19,52.49,79.47,58.14,36.28,Pilani,Rajasthan,63.04,20
IR-E-U-0025,National Institute of Technology Warangal,76.99,48.25,75.28,58.05,32.90,Warangal,Telangana,61.72,21
IR-E-U-0378,Indian Institute of Technology Ropar,77.30,46.40,73.59,65.15,32.06,Rupnagar,Punjab,61.56,22
IR-E-U-0436,Amrita Vishwa Vidyapeetham,78.05,49.58,65.28,62.49,37.03,Coimbatore,Tamil Nadu,61.29,23
IR-E-U-0108,Jamia Millia Islamia,66.48,58.75,75.46,66.84,19.33,New Delhi,Delhi,61.28,24
IR-E-U-0263,National Institute of Technology Calicut,77.36,37.59,79.48,67.93,40.10,Kozhikode,Kerala,61.19,25
IR-E-U-0363,Siksha `O` Anusandhan,82.08,42.44,66.25,73.63,30.12,Bhubaneswar,Odisha,60.97,26
IR-E-U-0098,Delhi Technological University,73.10,43.87,76.17,55.57,49.00,New Delhi,Delhi,60.78,27
IR-E-U-0395,Indian Institute of Technology Jodhpur,87.05,40.25,72.26,66.24,13.50,Jodhpur,Rajasthan,60.61,28
IR-E-I-1480,Thapar Institute of Engineering and Technology (Deemed-to-be-university),70.75,51.69,73.58,64.01,24.95,Patiala,Punjab,60.35,29
IR-E-U-0497,Amity University,75.21,59.52,61.72,63.28,8.23,Gautam Budh Nagar,Uttar Pradesh,59.91,30
IR-E-U-0184,Indian Institute of Technology Mandi,74.90,41.80,79.03,70.51,19.90,Mandi,Himachal Pradesh,59.86,31
IR-E-U-0747,Chandigarh University,76.22,45.76,66.21,75.56,24.19,Mohali,Punjab,59.82,32
IR-E-U-0496,Aligarh Muslim University,75.47,58.68,63.11,41.23,21.83,Aligarh,Uttar Pradesh,59.16,33
IR-E-U-0064,Indian Institute of Technology Patna,67.22,49.41,77.73,53.00,25.69,Patna,Bihar,58.40,34
IR-E-U-0020,Koneru Lakshmaiah Education Foundation University (K L College of Engineering),74.84,47.52,65.41,66.32,18.17,Vaddeswaram,Andhra Pradesh,58.24,35
IR-E-U-0458,Kalasalingam Academy of Research and Education,78.67,38.81,71.56,76.14,10.42,Srivilliputhur,Tamil Nadu,58.20,36
IR-E-U-0356,Kalinga Institute of Industrial Technology,78.06,42.99,62.03,76.29,16.36,Bhubaneswar,Odisha,58.00,37
IR-E-U-0476,Shanmugha Arts Science Technology and Research Academy,78.42,39.30,72.10,67.21,15.11,Thanjavur,Tamil Nadu,57.97,38
IR-E-U-0334,Visvesvaraya National Institute of Technology Nagpur,74.71,43.37,73.89,55.62,21.28,Nagpur,Maharashtra,57.89,39
IR-E-U-0055,National Institute of Technology Silchar,67.13,53.82,73.05,56.86,10.06,Silchar,Assam,57.60,40
IR-E-U-0308,Institute of Chemical Technology,71.23,49.07,66.74,54.19,20.74,Mumbai,Maharashtra,56.93,41
IR-E-U-0564,UPES,73.11,52.19,51.10,62.70,25.69,Dehradun,Uttarakhand,56.65,42
IR-E-U-0410,Malaviya National Institute of Technology,69.24,48.66,69.43,59.76,11.12,Jaipur,Rajasthan,56.35,43
IR-E-U-0577,National Institute of Technology Durgapur,70.41,38.70,78.05,58.99,20.18,Durgapur,West Bengal,56.26,44
IR-E-U-0622,National Institute of Technology Delhi,77.19,30.17,67.64,77.54,21.83,Delhi,Delhi,55.67,45
IR-E-C-16604,Sri Sivasubramaniya Nadar College of Engineering,69.93,41.32,69.34,57.10,20.46,Kalavakkam,Tamil Nadu,55.01,46
IR-E-U-0014,International Institute of Information Technology Hyderabad,65.47,40.89,66.90,63.14,26.90,Hyderabad,Telangana,54.29,47
IR-E-U-0202,Birla Institute of Technology,75.92,39.20,62.50,52.44,19.04,Ranchi,Jharkhand,54.18,48
IR-E-U-0584,"Indian Institute of Engineering Science and Technology, Shibpur",64.01,39.61,72.26,54.45,31.85,Howrah,West Bengal,54.17,49
IR-E-U-0379,Lovely Professional University,59.41,53.01,57.76,67.10,21.83,Phagwara,Punjab,54.16,50
IR-E-U-0255,Indian Institute of Space Science and Technology,77.82,23.52,66.88,61.08,32.27,Thiruvananthapuram,Kerala,53.13,51
IR-E-U-0555,Graphic Era University,66.39,43.42,51.75,65.57,30.99,Dehradun,Uttarakhand,52.96,52
IR-E-I-1441,Saveetha Institute of Medical and Technical Sciences,70.74,60.00,35.67,64.13,0.90,Chennai,Tamil Nadu,52.85,53
IR-E-U-0355,Indian Institute of Technology Bhubaneswar,58.61,35.88,74.96,58.35,33.72,Bhubaneswar,Odisha,52.54,54
IR-E-U-0072,National Institute of Technology Patna,60.91,43.86,74.16,49.80,10.42,Patna,Bihar,52.28,55
IR-E-C-7252,Manipal Institute of Technology,67.60,37.45,57.59,60.23,30.56,Manipal,Karnataka,52.12,56
IR-E-C-6379,Netaji Subhas University of Technology (NSUT),71.65,25.79,74.93,49.75,23.16,Delhi,Delhi,51.52,57
IR-E-U-0374,Dr. B R Ambedkar National Institute of Technology Jalandhar,67.16,37.36,60.13,60.22,16.97,Jalandhar,Punjab,51.11,58
IR-E-U-0149,Sardar Vallabhbhai National Institute of Technology,63.02,39.62,67.00,54.88,13.50,SURAT,Gujarat,51.04,59
IR-E-U-0530,Motilal Nehru National Institute of Technology,58.52,36.58,75.07,52.94,18.17,Prayagraj,Uttar Pradesh,50.65,60
IR-E-U-0844,Indian Institute of Technology Tirupati,79.07,20.70,64.08,53.10,25.20,YERPEDU,Andhra Pradesh,50.58,61
IR-E-U-0906,Indian Institute of Technology Jammu,79.45,27.27,60.00,52.87,12.16,Jammu,Jammu and Kashmir,50.53,62
IR-E-U-0297,Defence Institute of Advanced Technology,74.10,35.43,56.91,56.59,4.73,Pune,Maharashtra,50.37,63
IR-E-U-0878,Indian Institute of Technology Palakkad,74.88,21.37,62.91,65.44,22.36,Palakkad,Kerala,50.24,64
IR-E-U-0749,"Manipal University, Jaipur",70.54,37.46,52.43,68.77,4.73,Jaipur,Rajasthan,50.24,64
IR-E-U-0474,Sathyabama Institute of Science and Technology,66.73,38.18,51.34,70.34,12.83,Chennai,Tamil Nadu,50.05,66
IR-E-C-37013,PSG College of Technology,68.19,24.56,59.97,46.77,54.15,Coimbatore,Tamil Nadu,49.92,67
IR-E-U-0619,National Institute of Technology Meghalaya,71.91,32.09,60.88,60.89,3.49,Shillong,Meghalaya,49.82,68
IR-E-U-0249,Visvesvaraya Technological University,61.27,48.05,58.19,46.62,7.10,Belgaum,Karnataka,49.80,69
IR-E-U-0042,University of Hyderabad,65.91,50.73,44.75,46.87,6.72,Hyderabad,Telangana,49.30,70
IR-E-U-0092,National Institute of Technology Raipur,57.83,40.80,65.98,56.96,3.91,Raipur,Chhattisgarh,48.88,71
IR-E-U-0284,Maulana Azad National Institute of Technology,57.75,34.21,70.28,60.62,11.47,Bhopal,Madhya Pradesh,48.86,72
IR-E-U-0946,Indian Institute of Technology Bhilai,76.71,19.93,65.71,59.20,7.48,Raipur,Chhattisgarh,48.80,73
IR-E-U-0221,International Institute of Information Technology Bangalore,66.49,22.92,68.42,58.93,22.10,Bengaluru,Karnataka,48.61,74
IR-E-C-1331,M. S. Ramaiah Institute of Technology,67.96,25.27,62.62,56.00,22.36,Bengaluru,Karnataka,48.33,75
IR-E-U-0384,Sant Longowal Institute of Engineering and Technology,78.75,25.46,49.36,65.02,5.93,Longowal,Punjab,48.22,76
IR-E-C-41593,COEP Technological University,64.95,21.48,67.24,51.61,33.51,Pune,Maharashtra,47.89,77
IR-E-U-0389,Banasthali Vidyapith,64.78,21.00,73.66,72.16,1.78,Banasthali,Rajasthan,47.86,78
IR-E-U-0197,National Institute of Technology Srinagar,62.60,30.19,67.16,58.61,6.33,Srinagar,Jammu and Kashmir,47.76,79
IR-E-U-0535,Rajiv Gandhi Institute of Petroleum Technology,77.55,14.26,69.08,59.78,0.90,Amethi,Uttar Pradesh,47.43,80
IR-E-U-0172,National Institute of Technology Kurukshetra,49.88,37.75,65.87,52.63,20.74,Kurukshetra,Haryana,46.79,81
IR-E-U-0493,National Institute of Technology Agartala,63.57,25.62,65.58,58.84,9.34,Agratala,Tripura,46.69,82
IR-E-C-36995,Sri Krishna College of Engineering and Technology,66.04,23.50,63.87,47.69,21.28,Coimbatore,Tamil Nadu,46.53,83
IR-E-U-0739,Madan Mohan Malaviya University of Technology,73.11,21.42,53.60,69.58,3.49,Gorakhpur,Uttar Pradesh,46.39,84
IR-E-U-0105,Indraprastha Institute of Information Technology,54.30,31.67,71.72,44.34,17.57,New Delhi,Delhi,46.32,85
IR-E-U-0489,Vel Tech Rangarajan Dr. Sagunthala R & D Institute of Science and Technology,61.79,36.98,44.86,69.15,7.10,Chennai,Tamil Nadu,46.23,86
IR-E-U-0516,Indian Institute of Information Technology Allahabad,46.98,24.94,80.61,54.41,27.14,Prayagraj,Uttar Pradesh,45.84,87
IR-E-U-0017,Jawaharlal Nehru Technological University,67.36,23.69,57.00,56.49,14.15,Hyderabad,Telangana,45.78,88
IR-E-U-0099,Guru Gobind Singh Indraprastha University,57.82,30.18,62.52,52.14,15.43,New Delhi,Delhi,45.64,89
IR-E-C-24004,AU College of Engineering (A),70.81,12.34,65.90,68.52,6.33,Visakhapatnam,Andhra Pradesh,45.60,90
IR-E-U-0043,"Vignan's Foundation for Science, Technology and Research",66.88,22.57,54.55,64.37,12.49,Guntur,Andhra Pradesh,45.43,91
IR-E-U-0190,Shoolini University of Biotechnology and Management Sciences,54.72,42.53,45.81,65.88,4.73,Solan,Himachal Pradesh,45.40,92
IR-E-U-0217,Christ University,60.99,38.90,34.41,61.52,20.18,Bengaluru,Karnataka,45.02,93
IR-E-U-0373,Chitkara University,52.61,36.19,51.54,64.91,13.82,Rajpura,Punjab,44.82,94
IR-E-U-0223,"Jain University, Bangalore",65.07,32.16,44.07,61.19,5.13,Bengaluru,Karnataka,44.61,95
IR-E-C-30045,"C.V. Raman Global University, Odisha",76.20,4.85,57.48,74.22,13.17,Bhubaneswar,Odisha,44.55,96
IR-E-U-0621,National Institute of Technology Puducherry,61.77,21.98,58.16,66.58,9.70,Karaikal,Pondicherry,44.38,97
IR-E-C-19754,SR University,71.12,16.67,53.31,63.59,9.34,Warangal,Telangana,44.29,98
IR-E-C-1269,R.V. College of Engineering,67.53,16.67,58.98,52.15,19.90,Bengaluru,Karnataka,44.26,99
IR-E-C-1297,Siddaganga Institute of Technology,66.69,15.31,61.78,59.80,10.06,Tumkur,Karnataka,43.95,100
IR-M-S-8890,Indian Institute of Management Ahmedabad,91.88,63.89,98.71,71.72,96.81,Ahmedabad,Gujarat,83.32,1
IR-M-S-8903,Indian Institute of Management Bangalore,90.08,56.71,98.41,74.54,100.00,Bengaluru,Karnataka,81.16,2
IR-M-S-8909,Indian Institute of Management Kozhikode,86.99,58.96,94.37,77.10,75.30,Kozhikode,Kerala,77.90,3
IR-M-I-1074,Indian Institute of Technology Delhi,72.21,78.39,89.51,67.37,64.25,New Delhi,Delhi,76.25,4
IR-M-S-8972,Indian Institute of Management Calcutta,84.12,48.09,99.09,70.46,85.29,Kolkata,West Bengal,75.07,5
IR-M-S-8931,Indian Institute of Management Mumbai,80.81,59.14,99.41,75.86,52.82,Mumbai,Maharashtra,74.73,6
IR-M-S-8959,Indian Institute of Management Lucknow,84.25,49.09,96.59,71.17,79.81,Lucknow,Uttar Pradesh,74.43,7
IR-M-S-8918,Indian Institute of Management Indore,84.08,55.28,93.49,72.38,57.93,Indore,Madhya Pradesh,73.53,8
IR-M-S-132,XLRI - Xavier School of Management,85.49,39.79,97.92,64.57,45.02,Jamshedpur,Jharkhand,68.13,9
IR-M-U-0306,Indian Institute of Technology Bombay,78.30,61.64,79.25,58.83,34.50,Mumbai,Maharashtra,67.16,10
IR-M-I-1170,Management Development Institute,75.87,50.74,95.24,71.05,27.07,Gurugram,Haryana,66.85,11
IR-M-S-8895,Indian Institute of Management Rohtak,79.69,45.01,88.90,75.98,37.00,Rohtak,Haryana,66.49,12
IR-M-C-19343,Symbiosis Institute of Business Management,75.51,42.85,94.27,66.50,41.21,Pune,Maharashtra,65.13,13
IR-M-S-8868,Indian Institute of Management Raipur,78.31,41.28,90.68,80.55,23.25,Raipur,Chhattisgarh,64.40,14
IR-M-U-0102,Indian Institute of Foreign Trade,80.36,32.80,87.48,66.49,42.58,New Delhi,Delhi,62.36,15
IR-M-U-0456,Indian Institute of Technology Madras,70.39,47.93,75.10,60.43,51.74,Chennai,Tamil Nadu,61.73,16
IR-M-S-8904,Indian Institute of Management Ranchi,70.89,39.65,89.45,71.42,30.82,Ranchi,Jharkhand,61.27,17
IR-M-U-0560,Indian Institute of Technology Roorkee,68.08,59.00,71.09,62.16,26.50,Roorkee,Uttarakhand,61.21,18
IR-M-U-0573,Indian Institute of Technology Kharagpur,50.10,63.68,87.88,55.17,37.88,Kharagpur,West Bengal,61.03,19
IR-M-I-1044,S. P. Jain Institute of Management and Research,78.86,26.60,98.65,68.90,27.07,Mumbai,Maharashtra,60.97,20
IR-M-N-10,SVKM`s Narsee Monjee Institute of Management Studies,78.42,29.96,92.39,76.71,22.95,Mumbai,Maharashtra,60.96,21
IR-M-S-8942,Indian Institute of Management Udaipur,79.21,33.95,88.69,72.05,20.39,Udaipur,Rajasthan,60.93,22
IR-M-S-8967,Indian Institute of Management Kashipur,67.95,40.39,89.06,74.47,30.56,Kashipur,Uttarakhand,60.82,23
IR-M-S-8937,Indian Institute of Management Shillong,74.68,28.33,94.96,74.09,31.83,Shillong,Meghalaya,60.49,24
IR-M-U-0108,Jamia Millia Islamia,65.45,48.39,81.46,83.65,15.14,New Delhi,Delhi,60.32,25
IR-M-U-1007,Indian Institute of Management Visakhapatnam,80.81,22.51,86.10,70.53,39.37,Visakhapatnam,Andhra Pradesh,59.20,26
IR-M-S-8948,Indian Institute of Management Tiruchirappalli,60.97,29.09,87.47,69.74,61.89,Tiruchirappalli,Tamil Nadu,57.67,27
IR-M-U-0436,Amrita Vishwa Vidyapeetham,64.11,41.40,73.51,75.50,34.97,Coimbatore,Tamil Nadu,57.40,28
IR-M-U-0497,Amity University,70.39,54.11,58.85,67.49,13.62,Gautam Budh Nagar,Uttar Pradesh,57.23,29
IR-M-I-1075,Indian Institute of Technology Kanpur,66.90,44.97,77.90,48.81,32.08,Kanpur,Uttar Pradesh,57.23,29
IR-M-S-15962,Indian Institute of Management Nagpur,71.57,27.17,86.55,70.33,29.78,Nagpur,Maharashtra,56.94,31
IR-M-S-14875,MICA,70.52,38.08,84.36,68.13,3.60,Ahmedabad,Gujarat,56.62,32
IR-M-U-1006,Indian Institute of Management Bodh Gaya,75.08,25.80,84.73,69.59,21.05,Gaya,Bihar,56.27,33
IR-M-N-16,Great Lakes Institute of Management,78.30,22.05,81.85,73.36,23.25,Chennai,Tamil Nadu,56.15,34
IR-M-S-394,Institute of Management Technology,76.46,32.51,80.64,63.76,8.25,Ghaziabad,Uttar Pradesh,56.03,35
IR-M-U-0747,Chandigarh University,75.30,30.03,70.22,80.58,20.06,Mohali,Punjab,55.71,36
IR-M-S-87,Goa Institute of Management,75.11,25.94,84.41,71.65,13.23,Sanquelim,Goa,55.67,37
IR-M-U-0379,Lovely Professional University,73.49,38.97,62.87,75.19,16.61,Phagwara,Punjab,55.49,38
IR-M-U-0012,"ICFAI Foundation for Higher Education, Hyderabad",75.59,26.77,75.96,76.06,18.02,Hyderabad,Telangana,55.31,39
IR-M-I-1064,International Management Institute,72.25,26.29,87.23,69.58,9.12,New Delhi,Delhi,54.89,40
IR-M-U-0564,UPES,73.29,32.94,67.39,65.68,28.99,Dehradun,Uttarakhand,54.82,41
IR-M-U-1004,Indian Institute of Management Jammu (IIMJ),73.73,16.68,86.87,73.31,28.18,Jammu,Jammu and Kashmir,54.64,42
IR-M-U-0715,XIM University,73.86,21.36,91.24,55.04,21.69,Bhubaneswar,Odisha,54.49,43
IR-M-I-1480,Thapar Institute of Engineering and Technology (Deemed-to-be-university),66.13,42.28,63.22,72.33,8.69,Patiala,Punjab,53.26,44
IR-M-S-3283,Jaipuria Institute of Management,67.35,28.22,76.47,67.15,25.35,Noida,Uttar Pradesh,53.23,45
IR-M-U-0205,Indian Institute of Technology (Indian School of Mines) Dhanbad,70.67,41.31,55.53,63.79,16.96,Dhanbad,Jharkhand,52.78,46
IR-M-S-16881,Indian Institute of Management Amritsar,67.83,18.63,87.86,67.99,22.63,Amritsar,Punjab,52.57,47
IR-M-U-0500,Banaras Hindu University,62.18,29.50,81.82,56.41,27.63,Varanasi,Uttar Pradesh,52.26,48
IR-M-S-92,Institute of Rural Management Anand (IRMA),65.29,22.36,87.73,64.13,12.84,Anand,Gujarat,51.54,49
IR-M-S-6,Indian Institute of Management Sambalpur,64.06,18.02,81.32,75.56,30.31,Sambalpur,Odisha,51.47,50
IR-M-U-0467,National Institute of Technology Tiruchirappalli,54.19,39.84,71.84,61.66,26.50,Tiruchirappalli,Tamil Nadu,51.40,51
IR-M-S-17295,Great Lakes Institute of Management,76.53,18.83,72.51,79.25,3.10,Gurgaon,Haryana,51.35,52
IR-M-I-1066,Fore School of Management,70.42,17.93,85.12,62.40,13.23,New Delhi,Delhi,51.08,53
IR-M-U-0373,Chitkara University,71.22,33.81,57.30,75.06,5.52,Rajpura,Punjab,51.02,54
IR-M-U-0146,Nirma University,64.09,27.69,80.98,63.98,8.69,Ahmedabad,Gujarat,51.01,55
IR-M-I-1408,"International Management Institute, Kolkata",63.64,30.94,79.30,66.28,1.06,Kolkata,West Bengal,50.97,56
IR-M-S-15911,Indian Institute of Management Sirmaur,66.29,18.15,83.61,72.67,15.88,Sirmaur,Himachal Pradesh,50.92,57
IR-M-S-156,"T. A. Pai Management Institute, Manipal",60.10,25.90,81.91,70.48,15.51,Manipal,Karnataka,50.78,58
IR-M-U-0555,Graphic Era University,69.16,27.41,59.00,71.68,26.50,Dehradun,Uttarakhand,50.59,59
IR-M-U-0217,Christ University,61.48,22.09,69.90,72.45,42.58,Bengaluru,Karnataka,50.56,60
IR-M-I-1124,"International Management Institute, Bhubaneswar",72.06,16.72,78.94,76.91,2.60,Bhubaneswar,Odisha,50.38,61
IR-M-U-0363,Siksha `O` Anusandhan,70.66,19.77,69.03,75.46,12.04,Bhubaneswar,Odisha,49.69,62
IR-M-C-56616,K J Somaiya Institute of Management Studies and Research,68.84,23.02,72.59,66.72,9.12,Mumbai,Maharashtra,49.66,63
IR-M-S-354,Birla Institute of Management Technology,67.23,18.69,80.54,65.89,9.55,Greater Noida,Uttar Pradesh,49.44,64
IR-M-U-0099,Guru Gobind Singh Indraprastha University,60.92,32.16,73.02,54.04,14.76,New Delhi,Delhi,49.40,65
IR-M-S-331,Loyola Institute of Business Administration,69.63,15.81,72.60,61.76,29.25,Chennai,Tamil Nadu,49.26,66
IR-M-U-0356,Kalinga Institute of Industrial Technology,79.12,22.29,51.75,77.22,7.36,Bhubaneswar,Odisha,49.24,67
IR-M-U-0410,Malaviya National Institute of Technology,48.90,57.63,55.61,57.51,3.10,Jaipur,Rajasthan,49.14,68
IR-M-U-0439,Anna University,53.37,39.59,63.23,45.31,38.52,Chennai,Tamil Nadu,48.92,69
IR-M-U-0496,Aligarh Muslim University,54.24,40.29,68.52,53.44,12.84,Aligarh,Uttar Pradesh,48.68,70
IR-M-U-0213,Alliance University,78.59,9.03,67.19,74.92,11.64,Bengaluru,Karnataka,48.38,71
IR-M-S-419,"Jaipuria Institute of Management, Lucknow",71.51,12.81,72.36,60.82,24.76,Lucknow,Uttar Pradesh,48.32,72
IR-M-U-0749,"Manipal University, Jaipur",66.15,24.92,68.06,69.07,2.60,Jaipur,Rajasthan,48.10,73
IR-M-I-1441,Saveetha Institute of Medical and Technical Sciences,67.57,30.84,51.62,77.73,3.10,Chennai,Tamil Nadu,47.92,74
IR-M-S-309,Jaipuria Institute of Management,71.33,13.88,74.40,56.82,14.38,Jaipur,Rajasthan,47.56,75
IR-M-U-0263,National Institute of Technology Calicut,67.49,24.68,66.03,54.08,12.84,Kozhikode,Kerala,47.55,76
IR-M-U-0223,"Jain University, Bangalore",72.00,11.96,70.81,68.40,12.84,Bengaluru,Karnataka,47.47,77
IR-M-U-0107,Jamia Hamdard,67.80,17.57,70.05,74.13,3.60,New Delhi,Delhi,47.39,78
IR-M-U-0020,Koneru Lakshmaiah Education Foundation University (K L College of Engineering),70.68,26.18,54.41,70.35,3.10,Vaddeswaram,Andhra Pradesh,47.27,79
IR-M-C-37013,PSG College of Technology,60.45,11.27,76.60,57.88,45.02,Coimbatore,Tamil Nadu,47.13,80
IR-M-U-0253,Cochin University of Science and Technology,70.94,19.37,66.27,58.71,8.69,Cochin,Kerala,47.08,81
IR-M-C-36557,Thiagarajar School of Management,66.90,24.31,64.38,47.67,20.06,Madurai,Tamil Nadu,47.02,82
IR-M-U-0735,BML Munjal University,70.47,14.53,66.98,74.64,3.10,Gurgaon,Haryana,46.67,83
IR-M-S-19472,Prin. L.N. Welingkar Institute of Management Development and Research (PGDM),67.48,10.70,81.80,60.71,6.45,Mumbai,Maharashtra,46.53,84
IR-M-U-0267,Atal Bihari Vajpayee Indian Institute of Information Technology and Management,62.24,23.46,71.80,52.78,11.23,Gwalior,Madhya Pradesh,46.47,85
IR-M-U-0498,Babasaheb Bhimrao Ambedkar University,62.44,11.05,78.23,82.67,4.57,Lucknow,Uttar Pradesh,46.42,86
IR-M-S-782,Jagan Institute of Management Studies Technical Campus,66.04,8.36,78.75,70.66,12.44,Delhi,Delhi,46.38,87
IR-M-C-32887,New Delhi Institute of Management,70.21,3.47,79.10,72.49,11.23,Delhi,Delhi,46.29,88
IR-M-U-0147,Pandit Deendayal Energy University,60.14,26.68,75.31,40.80,2.09,Gandhinagar,Gujarat,45.39,89
IR-M-U-0202,Birla Institute of Technology,61.75,23.08,64.18,54.84,12.44,Ranchi,Jharkhand,45.00,90
IR-M-S-14565,National Institute of Bank Management,64.45,8.17,85.01,58.50,2.09,Pune,Maharashtra,44.85,91
IR-M-U-0078,Panjab University,48.21,29.80,69.61,55.78,18.02,Chandigarh,Chandigarh,44.70,92
IR-M-S-164,Rajagiri Business School,65.55,20.92,59.14,56.91,8.69,Cochin,Kerala,44.33,93
IR-M-N-4,Bharathidasan Institute of Management,63.85,0.69,82.36,48.63,34.73,Tiruchirappalli,Tamil Nadu,44.17,94
IR-M-U-0056,Tezpur University,63.73,16.91,68.04,53.22,3.60,Tezpur,Assam,43.48,95
IR-M-S-14553,National Institute of Agricultural Extension Management,69.30,7.76,67.84,60.66,4.09,Hyderabad,Telangana,43.17,96
IR-M-I-1132,Institute of Management Technology,55.45,13.61,75.76,61.83,9.55,Hyderabad,Telangana,43.01,97
IR-M-U-0643,Galgotias University,62.42,14.99,64.51,65.12,2.60,Gautam Budh Nagar,Uttar Pradesh,42.90,98
IR-M-I-1238,Krea University,69.73,2.22,64.61,73.15,9.98,Sri City,Andhra Pradesh,42.82,99
IR-M-U-0025,National Institute of Technology Warangal,63.70,28.57,46.53,46.36,9.98,Warangal,Telangana,42.63,100
IR-O-U-0456,Indian Institute of Technology Madras,86.45,89.88,87.22,63.59,100.00,Chennai,Tamil Nadu,86.69,1
IR-O-U-0220,Indian Institute of Science,82.43,88.45,80.57,59.23,97.94,Bengaluru,Karnataka,83.09,2
IR-O-I-1074,Indian Institute of Technology Delhi,82.06,85.23,79.21,70.32,90.98,New Delhi,Delhi,82.16,3
IR-O-U-0306,Indian Institute of Technology Bombay,80.71,86.14,84.26,58.76,84.98,Mumbai,Maharashtra,81.28,4
IR-O-I-1075,Indian Institute of Technology Kanpur,85.45,72.94,83.62,60.24,69.84,Kanpur,Uttar Pradesh,77.23,5
IR-O-N-15,"All India Institute of Medical Sciences, Delhi",76.47,67.75,70.46,72.72,75.23,New Delhi,Delhi,72.14,6
IR-O-U-0573,Indian Institute of Technology Kharagpur,73.29,72.25,76.75,57.44,70.68,Kharagpur,West Bengal,71.82,7
IR-O-U-0560,Indian Institute of Technology Roorkee,77.69,68.00,83.15,62.80,50.36,Roorkee,Uttarakhand,71.66,8
IR-O-U-0053,Indian Institute of Technology Guwahati,73.43,66.98,82.95,58.30,42.44,Guwahati,Assam,68.78,9
IR-O-U-0109,Jawaharlal Nehru University,73.55,46.56,94.89,73.64,50.73,New Delhi,Delhi,67.44,10
IR-O-U-0500,Banaras Hindu University,72.77,49.18,99.64,61.50,45.43,Varanasi,Uttar Pradesh,67.21,11
IR-O-U-0108,"Jamia Millia Islamia,New Delhi",69.38,49.83,93.85,83.41,26.40,New Delhi,Delhi,65.52,12
IR-O-U-0575,Jadavpur University,67.63,53.66,90.61,56.79,41.08,Kolkata,West Bengal,64.30,13
IR-O-U-0013,Indian Institute of Technology Hyderabad,74.38,55.13,73.26,59.03,48.36,Hyderabad,Telangana,64.24,14
IR-O-U-0436,Amrita Vishwa Vidyapeetham,73.39,50.35,73.93,72.47,35.71,Coimbatore,Tamil Nadu,62.74,15
IR-O-U-0234,Manipal Academy of Higher Education-Manipal,72.87,54.02,77.97,66.10,24.39,Manipal,Karnataka,62.71,16
IR-O-U-0490,Vellore Institute of Technology,55.66,63.59,80.43,62.55,45.71,Vellore,Tamil Nadu,62.70,17
IR-O-U-0439,Anna University,56.24,64.24,74.58,50.29,62.67,Chennai,Tamil Nadu,62.36,18
IR-O-U-0496,Aligarh Muslim University,68.87,46.88,94.55,60.04,26.40,Aligarh,Uttar Pradesh,62.27,19
IR-O-U-0042,University of Hyderabad,70.46,44.54,83.27,66.58,26.83,Hyderabad,Telangana,60.49,20
IR-O-U-0467,National Institute of Technology Tiruchirappalli,59.68,48.55,76.18,68.33,58.95,Tiruchirappalli,Tamil Nadu,60.43,21
IR-O-U-0120,University of Delhi,46.65,54.30,97.84,63.98,39.84,Delhi,Delhi,60.24,22
IR-O-U-0570,Calcutta University,66.11,42.30,97.37,53.01,29.33,Kolkata,West Bengal,60.22,23
IR-O-U-0139,Indian Institute of Technology Gandhinagar,74.59,43.13,69.53,69.14,27.47,Gandhinagar,Gujarat,58.89,24
IR-O-U-0391,Birla Institute of Technology & Science -Pilani,61.65,56.26,74.65,59.16,25.30,Pilani,Rajasthan,58.76,25
IR-O-U-0363,Siksha `O` Anusandhan,69.78,40.10,73.26,73.35,34.11,Bhubaneswar,Odisha,58.35,26
IR-O-I-1441,Saveetha Institute of Medical and Technical Sciences,69.83,52.18,71.30,67.38,5.37,Chennai,Tamil Nadu,58.14,27
IR-O-U-0273,Indian Institute of Technology Indore,66.36,52.71,72.96,60.81,16.10,Indore,Madhya Pradesh,58.00,28
IR-O-U-0356,Kalinga Institute of Industrial Technology,69.63,38.02,78.87,80.13,14.39,Bhubaneswar,Odisha,57.52,29
IR-O-U-0304,Homi Bhabha National Institute,73.14,49.45,71.36,54.35,6.08,Mumbai,Maharashtra,57.09,30
IR-O-U-0701,Indian Institute of Technology (Banaras Hindu University) Varanasi,54.83,53.20,75.62,57.38,38.07,Varanasi,Uttar Pradesh,57.08,31
IR-O-U-0473,S.R.M. Institute of Science and Technology,61.62,47.02,74.95,64.61,23.94,Chennai,Tamil Nadu,56.44,32
IR-O-U-0378,Indian Institute of Technology Ropar,73.68,38.46,66.67,66.44,25.52,Rupnagar,Punjab,56.16,33
IR-O-U-0305,Indian Institute of Science Education & Research Pune,72.45,43.72,63.27,63.57,21.81,Pune,Maharashtra,56.05,34
IR-O-U-0323,Savitribai Phule Pune University,60.99,39.30,94.63,51.78,15.82,Pune,Maharashtra,55.78,35
IR-O-U-0447,Bharathiar University,63.10,43.77,78.87,51.98,25.52,Coimbatore,Tamil Nadu,55.58,36
IR-O-U-0357,National Institute of Technology Rourkela,59.99,51.67,72.69,60.11,14.68,Rourkela,Odisha,55.52,37
IR-O-U-0237,"National Institute of Technology Karnataka, Surathkal",58.46,45.25,75.59,59.23,33.20,Surathkal,Karnataka,55.47,38
IR-O-U-0368,Jawaharlal Institute of Post Graduate Medical Education & Research,73.60,32.12,72.32,71.51,20.83,Puducherry,Pondicherry,55.41,39
IR-O-I-1480,Thapar Institute of Engineering and Technology (Deemed-to-be-university),62.01,49.73,72.17,64.05,8.15,Patiala,Punjab,55.17,40
IR-O-U-0308,Institute of Chemical Technology,56.32,49.60,77.89,55.88,15.82,Mumbai,Maharashtra,54.53,41
IR-O-U-0205,Indian Institute of Technology (Indian School of Mines),52.50,54.93,69.00,58.02,20.33,Dhanbad,Jharkhand,53.86,42
IR-O-U-0572,Indian Institute of Science Education & Research Kolkata,68.17,41.00,70.16,55.58,13.81,Mohanpur,West Bengal,53.72,43
IR-O-U-0078,Panjab University,51.09,46.65,75.77,59.92,28.52,Chandigarh,Chandigarh,53.31,44
IR-O-U-0747,Chandigarh University,63.55,25.22,75.62,80.27,35.18,Mohali,Punjab,53.29,45
IR-O-U-0379,Lovely Professional University,55.92,44.38,66.06,68.34,30.92,Phagwara,Punjab,53.22,46
IR-O-U-0260,Kerala University,66.66,22.80,96.02,58.87,8.15,Thiruvananthapuram,Kerala,52.75,47
IR-O-U-0458,Kalasalingam Academy of Research and Education,62.66,30.87,74.68,76.42,18.79,Srivilliputtur,Tamil Nadu,52.52,48
IR-O-U-0476,Shanmugha Arts Science Technology & Research Academy,63.88,40.86,68.45,59.40,9.48,Thanjavur,Tamil Nadu,52.00,49
IR-O-U-0020,Koneru Lakshmaiah Education Foundation University (K L College of Engineering),62.02,40.74,69.49,57.63,14.68,Vaddeswaram,Andhra Pradesh,51.96,50
IR-O-U-0377,"Indian Institute of Science Education & Research, Mohali",63.52,33.60,68.58,72.34,17.73,Mohali,Punjab,51.86,51
IR-O-U-0262,"Mahatma Gandhi University, Kottayam",65.63,38.86,73.44,51.23,6.78,Kottayam,Kerala,51.84,52
IR-O-U-0025,National Institute of Technology Warangal,57.69,39.42,73.79,58.99,20.33,Warangal,Telangana,51.83,53
IR-O-U-0263,National Institute of Technology Calicut,61.05,33.04,73.62,69.11,17.73,Kozhikode,Kerala,51.62,54
IR-O-U-0222,JSS Academy of Higher Education and Research,68.52,23.47,69.35,74.68,22.05,Mysuru,Karnataka,51.15,55
IR-O-U-0435,Alagappa University,61.51,36.63,73.97,52.13,15.54,Karaikudi,Tamil Nadu,50.99,56
IR-O-U-0497,Amity University,47.80,47.16,71.25,64.65,16.65,Gautam Budh Nagar,Uttar Pradesh,50.88,57
IR-O-U-0196,University of Kashmir,70.64,26.93,79.58,53.05,2.77,Srinagar,Jammu and Kashmir,50.77,58
IR-O-U-0329,Symbiosis International,67.62,22.91,77.78,63.18,15.54,Pune,Maharashtra,50.59,59
IR-O-U-0272,Indian Institute of Science Education & Research Bhopal,69.05,31.54,63.80,68.33,8.15,Bhopal,Madhya Pradesh,50.58,60
IR-O-U-0098,Delhi Technological University,59.19,35.77,66.39,59.17,28.52,New Delhi,Delhi,50.54,61
IR-O-U-0410,Malaviya National Institute of Technology,54.44,42.78,70.67,60.93,9.80,Jaipur,Rajasthan,50.36,62
IR-O-U-0253,Cochin University of Science and Technology,62.40,34.36,73.79,51.74,13.81,Cochin,Kerala,50.34,63
IR-O-U-0027,Osmania University,58.74,31.24,81.26,57.91,9.15,Hyderabad,Telangana,49.94,64
IR-O-I-1357,University of Madras,64.74,32.90,69.40,53.23,14.39,Chennai,Tamil Nadu,49.93,65
IR-O-U-0584,"Indian Institute of Engineering Science and Technology, Shibpur",53.57,38.83,70.43,58.70,21.07,Howrah,West Bengal,49.79,66
IR-O-U-0395,Indian Institute of Technology Jodhpur,66.08,31.56,64.60,66.66,9.15,Jodhpur,Rajasthan,49.79,66
IR-O-U-0064,Indian Institute of Technology Patna,52.66,42.86,70.65,57.06,12.92,Patna,Bihar,49.79,66
IR-O-U-0498,Babasheb Bhimrao Ambedkar University,59.83,24.29,82.07,76.83,2.00,Lucknow,Uttar Pradesh,49.53,69
IR-O-U-0448,Bharathidasan University,57.54,36.39,74.18,52.05,12.31,Tiruchirappalli,Tamil Nadu,49.45,70
IR-O-U-0235,Mysore University,67.43,18.61,87.02,54.62,5.01,Mysuru,Karnataka,49.17,71
IR-O-U-0374,"Dr. B R Ambedkar National Institute of Technology, Jalandhar",57.76,30.74,67.91,66.08,23.00,Jalandhar,Punjab,49.04,72
IR-O-U-0184,Indian Institute of Technology Mandi,56.69,37.36,63.04,67.59,14.39,Mandi,Himachal Pradesh,49.03,73
IR-O-U-0381,"Punjab Agricultural University, Ludhiana",70.53,28.29,67.48,50.37,7.82,Ludhiana,Punjab,48.97,74
IR-O-U-0295,Datta Meghe Institute of Higher Education and Research,67.16,32.85,62.14,64.76,0.00,Wardha,Maharashtra,48.92,75
IR-O-U-0006,"Andhra University, Visakhapatnam",54.39,25.74,84.77,58.63,16.92,Visakhapatnam,Andhra Pradesh,48.54,76
IR-O-U-0523,King George`s Medical University,70.83,26.63,63.34,56.64,9.48,Lucknow,Uttar Pradesh,48.52,77
IR-O-U-0107,Jamia Hamdard,56.02,32.49,70.37,66.02,11.70,New Delhi,Delhi,48.40,78
IR-O-U-0564,UPES,58.19,28.69,60.55,67.05,34.47,Dehradun,Uttarakhand,48.34,79
IR-O-C-16604,Sri Sivasubramaniya Nadar College of Engineering,57.79,37.02,67.61,53.63,8.49,Kalavakkam,Tamil Nadu,48.18,80
IR-O-I-1110,Dr. D. Y. Patil Vidyapeeth,70.64,20.55,63.60,62.36,18.53,Pune,Maharashtra,48.17,81
IR-O-U-0334,"Visvesvaraya National Institute of Technology, Nagpur",53.93,39.03,68.88,55.67,9.15,Nagpur,Maharashtra,48.15,82
IR-O-U-0055,National Institute of Technology Silchar,51.36,42.81,68.84,54.16,6.78,Silchar,Assam,48.12,83
IR-O-U-0474,Sathyabama Institute of Science and Technology,53.39,35.72,64.67,66.38,16.38,Chennai,Tamil Nadu,47.95,84
IR-O-U-0136,Gujarat University,64.84,18.62,83.31,59.33,2.77,Ahmedabad,Gujarat,47.91,85
IR-O-U-0691,"All India Institute of Medical Sciences, Rishikesh",70.55,29.68,49.57,69.59,9.48,Rishikesh,Uttarakhand,47.89,86
IR-O-U-0376,Guru Nanak Dev University,54.75,27.23,77.53,62.47,12.01,Amritsar,Punjab,47.55,87
IR-O-N-10,SVKM`s Narsee Monjee Institute of Management Studies,70.37,21.34,64.97,64.61,5.01,Mumbai,Maharashtra,47.46,88
IR-O-U-0555,Graphic Era University,57.45,22.95,64.11,69.99,33.38,Dehradun,Uttarakhand,47.29,89
IR-O-U-0577,National Institute of Technology Durgapur,51.12,34.57,72.25,56.11,10.45,Durgapur,West Bengal,46.81,90
IR-O-U-0355,Indian Institute of Technology Bhubaneswar,47.35,37.34,67.86,58.25,19.31,Bhubaneswar,Odisha,46.73,91
IR-O-U-0249,Visvesvaraya Technological University,58.85,34.69,61.46,57.77,3.53,Belgaum,Karnataka,46.48,92
IR-O-U-0485,Tamil Nadu Agricultural University,71.27,14.78,69.80,55.16,10.45,Coimbatore,Tamil Nadu,46.33,93
IR-O-U-0463,Madurai Kamaraj University,63.47,24.45,68.37,51.80,10.45,Madurai,Tamil Nadu,46.26,94
IR-O-U-0642,Shiv Nadar University,65.26,24.23,59.23,65.34,9.48,Gautam Buddha Nagar,Uttar Pradesh,46.18,95
IR-O-U-0318,Mumbai University,56.15,17.82,86.24,56.27,7.82,Mumbai,Maharashtra,45.86,96
IR-O-U-0389,Banasthali Vidyapith,50.45,17.72,84.22,77.31,8.15,Banasthali,Rajasthan,45.85,97
IR-O-I-1486,Sri Ramachandra Institute of Higher Education and Research,68.85,18.53,62.74,62.90,7.82,Chennai,Tamil Nadu,45.84,98
IR-O-S-8972,Indian Institute of Management Calcutta,60.63,14.58,63.60,66.22,38.40,Kolkata,West Bengal,45.74,99
IR-O-U-0217,Christ University,52.14,18.96,67.20,69.84,39.05,Bengaluru,Karnataka,45.65,100
IR-R-U-0220,Indian Institute of Science,93.55,90.68,75.19,59.23,100.00,Bengaluru,Karnataka,86.22,1
IR-R-U-0456,Indian Institute of Technology Madras,85.57,90.38,78.65,63.59,91.39,Chennai,Tamil Nadu,84.01,2
IR-R-I-1074,Indian Institute of Technology Delhi,79.08,91.08,78.93,70.32,82.14,New Delhi,Delhi,82.07,3
IR-R-U-0306,Indian Institute of Technology Bombay,78.85,87.71,79.24,58.76,74.85,Mumbai,Maharashtra,79.19,4
IR-R-U-0573,Indian Institute of Technology Kharagpur,70.18,76.88,77.51,57.44,62.74,Kharagpur,West Bengal,71.63,5
IR-R-I-1075,Indian Institute of Technology Kanpur,72.13,72.37,77.82,60.24,64.04,Kanpur,Uttar Pradesh,71.33,6
IR-R-U-0560,Indian Institute of Technology Roorkee,69.29,67.75,72.49,62.80,46.32,Roorkee,Uttarakhand,66.52,7
IR-R-N-15,"All India Institute of Medical Sciences, Delhi",75.37,67.66,41.99,72.72,75.52,New Delhi,Delhi,66.13,8
IR-R-U-0053,Indian Institute of Technology Guwahati,68.94,68.24,68.07,58.30,40.92,Guwahati,Assam,64.68,9
IR-R-U-0330,Tata Institute of Fundamental Research,70.64,60.42,58.36,66.40,50.34,Mumbai,Maharashtra,62.66,10
IR-R-U-0490,Vellore Institute of Technology,53.25,72.11,70.10,62.55,45.27,Vellore,Tamil Nadu,62.41,11
IR-R-U-0713,Academy of Scientific & Innovative Research,62.96,67.39,77.67,48.06,3.89,Ghaziabad,Uttar Pradesh,59.85,12
IR-R-U-0439,Anna University,57.03,61.63,59.96,50.29,70.35,Chennai,Tamil Nadu,59.65,13
IR-R-U-0013,Indian Institute of Technology Hyderabad,63.70,55.47,62.07,59.03,53.50,Hyderabad,Telangana,59.41,14
IR-R-U-0304,Homi Bhabha National Institute,55.15,66.77,70.16,54.35,28.42,Mumbai,Maharashtra,58.88,15
IR-R-U-0500,Banaras Hindu University,48.06,51.96,87.96,61.50,43.87,Varanasi,Uttar Pradesh,58.14,16
IR-R-U-0120,University of Delhi,51.99,56.45,75.32,63.98,34.60,Delhi,Delhi,57.45,17
IR-R-U-0109,Jawaharlal Nehru University,50.06,42.56,88.71,73.64,44.41,New Delhi,Delhi,57.33,18
IR-R-U-0575,Jadavpur University,54.38,48.55,84.23,56.79,32.78,Kolkata,West Bengal,56.69,19
IR-R-U-0108,"Jamia Millia Islamia,New Delhi",50.71,47.26,80.06,83.41,21.17,New Delhi,Delhi,55.86,20
IR-R-U-0273,Indian Institute of Technology Indore,62.80,49.02,58.65,60.81,23.55,Indore,Madhya Pradesh,53.71,21
IR-R-U-0467,National Institute of Technology Tiruchirappalli,51.84,42.78,64.00,68.33,56.19,Tiruchirappalli,Tamil Nadu,53.63,22
IR-R-U-0496,Aligarh Muslim University,44.59,50.00,82.35,60.04,27.29,Aligarh,Uttar Pradesh,53.58,23
IR-R-U-0205,Indian Institute of Technology (Indian School of Mines),57.91,49.20,58.88,58.02,30.88,Dhanbad,Jharkhand,52.80,24
IR-R-U-0234,Manipal Academy of Higher Education-Manipal,50.59,51.36,63.94,66.10,24.95,Manipal,Karnataka,52.48,25
IR-R-U-0391,Birla Institute of Technology & Science -Pilani,49.98,49.98,65.83,59.16,32.49,Pilani,Rajasthan,52.32,26
IR-R-U-0305,Indian Institute of Science Education & Research Pune,56.83,44.52,56.23,63.57,41.97,Pune,Maharashtra,52.22,27
IR-R-U-0042,University of Hyderabad,49.18,42.00,76.03,66.58,26.30,Hyderabad,Telangana,51.85,28
IR-R-U-0357,National Institute of Technology Rourkela,54.39,46.73,64.75,60.11,20.21,Rourkela,Odisha,51.32,29
IR-R-U-0224,Jawaharlal Nehru Centre for Advanced Scientific Research,64.07,41.86,48.97,59.31,35.81,Bengaluru,Karnataka,51.08,30
IR-R-U-0139,Indian Institute of Technology Gandhinagar,56.39,39.20,60.14,69.14,32.20,Gandhinagar,Gujarat,50.84,31
IR-R-U-0436,Amrita Vishwa Vidyapeetham,47.80,37.16,64.98,72.47,50.90,Coimbatore,Tamil Nadu,50.83,32
IR-R-U-0078,Panjab University,41.05,52.17,68.18,59.92,30.58,Chandigarh,Chandigarh,50.65,33
IR-R-I-1480,Thapar Institute of Engineering and Technology (Deemed-to-be-university),46.34,54.55,62.24,64.05,9.49,Patiala,Punjab,50.06,34
IR-R-U-0570,Calcutta University,43.92,35.69,87.06,53.01,31.62,Kolkata,West Bengal,49.76,35
IR-R-I-1441,Saveetha Institute of Medical and Technical Sciences,53.48,44.28,62.79,67.38,9.24,Chennai,Tamil Nadu,49.54,36
IR-R-U-0308,Institute of Chemical Technology,49.08,46.92,58.67,55.88,27.13,Mumbai,Maharashtra,48.82,37
IR-R-U-0447,Bharathiar University,51.63,36.50,67.57,51.98,35.67,Coimbatore,Tamil Nadu,48.72,38
IR-R-U-0473,S.R.M. Institute of Science and Technology,41.45,50.10,61.96,64.61,22.65,Chennai,Tamil Nadu,48.58,39
IR-R-U-0572,Indian Institute of Science Education & Research Kolkata,51.69,38.85,56.40,55.58,29.51,Mohanpur,West Bengal,46.95,40
IR-R-U-0237,"National Institute of Technology Karnataka, Surathkal",50.66,33.36,60.93,59.23,35.67,Surathkal,Karnataka,46.89,41
IR-R-U-0379,Lovely Professional University,32.67,52.03,54.75,68.34,16.80,Phagwara,Punjab,44.87,42
IR-R-U-0435,Alagappa University,40.34,35.46,64.08,52.13,32.92,Karaikudi,Tamil Nadu,44.06,43
IR-R-U-0356,Kalinga Institute of Industrial Technology,29.94,37.90,72.39,80.13,11.44,Bhubaneswar,Odisha,43.98,44
IR-R-U-0497,Amity University,36.15,49.08,54.44,64.65,9.74,Gautam Budh Nagar,Uttar Pradesh,43.89,45
IR-R-U-0378,Indian Institute of Technology Ropar,47.07,30.46,54.78,66.44,27.94,Rupnagar,Punjab,43.65,46
IR-R-U-0410,Malaviya National Institute of Technology,46.89,36.28,57.81,60.93,7.70,Jaipur,Rajasthan,43.37,47
IR-R-U-0236,"National Institute of Mental Health & Neuro Sciences, Bangalore",52.20,34.08,35.91,66.64,36.33,Bangalore,Karnataka,43.35,48
IR-R-U-0363,Siksha `O` Anusandhan,38.19,36.12,60.44,73.35,14.86,Bhubaneswar,Odisha,43.21,49
IR-R-U-0377,"Indian Institute of Science Education & Research, Mohali",43.60,27.59,55.16,72.34,35.27,Mohali,Punjab,43.15,50
IR-E-U-0456,Indian Institute of Technology Madras,95.19,96.41,79.89,63.26,100.00,Chennai,Tamil Nadu,89.79,1
IR-E-I-1074,Indian Institute of Technology Delhi,84.89,94.74,85.00,67.92,94.07,New Delhi,Delhi,87.09,2
IR-E-U-0306,Indian Institute of Technology Bombay,79.12,87.94,81.93,56.89,85.36,Mumbai,Maharashtra,80.74,3
IR-E-I-1075,Indian Institute of Technology Kanpur,84.35,80.16,88.99,58.82,76.15,Kanpur,Uttar Pradesh,80.65,4
IR-E-U-0560,Indian Institute of Technology Roorkee,74.55,78.36,88.91,60.42,59.37,Roorkee,Uttarakhand,75.64,5
IR-E-U-0573,Indian Institute of Technology Kharagpur,67.27,78.30,84.68,56.04,75.51,Kharagpur,West Bengal,73.76,6
IR-E-U-0053,Indian Institute of Technology Guwahati,67.70,74.99,85.01,54.95,50.09,Guwahati,Assam,70.32,7
IR-E-U-0013,Indian Institute of Technology Hyderabad,83.86,61.12,75.92,55.95,60.04,Hyderabad,Telangana,70.28,8
IR-E-U-0467,National Institute of Technology Tiruchirappalli,73.73,61.45,78.82,65.86,67.98,Tiruchirappalli,Tamil Nadu,69.71,9
IR-E-U-0575,Jadavpur University,76.89,65.90,76.68,52.81,35.84,Kolkata,West Bengal,67.04,10
IR-E-U-0490,Vellore Institute of Technology,62.35,75.41,70.39,61.63,50.21,Vellore,Tamil Nadu,66.59,11
IR-E-U-0237,"National Institute of Technology Karnataka, Surathkal",72.80,56.09,77.23,62.95,48.38,Surathkal,Karnataka,65.26,12
IR-E-U-0439,Anna University,63.92,74.48,59.95,50.02,65.50,Chennai,Tamil Nadu,65.06,13
IR-E-U-0273,Indian Institute of Technology Indore,75.90,60.88,72.39,59.53,24.73,Indore,Madhya Pradesh,63.93,14
IR-E-U-0701,Indian Institute of Technology (Banaras Hindu University) Varanasi,61.12,60.02,82.22,56.16,53.31,Varanasi,Uttar Pradesh,63.74,15
IR-E-U-0357,National Institute of Technology Rourkela,73.96,61.71,71.54,59.05,18.85,Rourkela,Odisha,62.79,16
IR-E-U-0205,Indian Institute of Technology (Indian School of Mines),66.37,63.59,72.92,57.25,30.85,Dhanbad,Jharkhand,62.37,17
IR-E-U-0139,Indian Institute of Technology Gandhinagar,82.80,42.85,68.86,66.14,35.84,Gandhinagar,Gujarat,61.66,18
IR-E-U-0436,Amrita Vishwa Vidyapeetham,76.43,54.55,61.85,65.05,33.77,Coimbatore,Tamil Nadu,61.54,19
IR-E-I-1480,Thapar Institute of Engineering and Technology (Deemed-to-be-university),70.96,61.47,70.60,63.07,10.79,Patiala,Punjab,61.24,20
IR-E-U-0025,National Institute of Technology Warangal,72.58,50.86,74.41,57.19,34.99,Warangal,Telangana,61.13,21
IR-E-U-0378,Indian Institute of Technology Ropar,77.27,44.53,71.06,64.93,32.70,Rupnagar,Punjab,60.51,22
IR-E-U-0263,National Institute of Technology Calicut,74.03,40.82,78.62,67.96,33.06,Kozhikode,Kerala,60.28,23
IR-E-U-0308,Institute of Chemical Technology,72.94,56.31,69.00,53.66,17.57,Mumbai,Maharashtra,59.70,24
IR-E-U-0391,Birla Institute of Technology & Science -Pilani,64.17,52.87,78.39,54.37,32.88,Pilani,Rajasthan,59.52,25
IR-E-U-0108,"Jamia Millia Islamia,New Delhi",61.90,59.59,73.20,63.85,18.34,New Delhi,Delhi,59.30,26
IR-E-U-0363,Siksha `O` Anusandhan,76.52,44.14,65.46,72.19,24.07,Bhubaneswar,Odisha,58.92,27
IR-E-U-0473,S.R.M. Institute of Science and Technology,63.79,60.19,64.99,61.60,22.01,Chennai,Tamil Nadu,58.56,28
IR-E-U-0098,Delhi Technological University,70.44,41.13,74.27,57.03,43.22,New Delhi,Delhi,58.34,29
IR-E-U-0395,Indian Institute of Technology Jodhpur,80.97,38.23,73.08,64.85,11.70,Jodhpur,Rajasthan,58.03,30
IR-E-U-0497,Amity University,66.29,61.47,58.28,59.42,13.75,Gautam Budh Nagar,Uttar Pradesh,57.30,31
IR-E-U-0496,Aligarh Muslim University,70.07,59.84,59.12,40.20,24.51,Aligarh,Uttar Pradesh,57.26,32
IR-E-U-0184,Indian Institute of Technology Mandi,62.63,42.48,79.30,66.35,24.73,Mandi,Himachal Pradesh,56.49,33
IR-E-U-0476,Shanmugha Arts Science Technology & Research Academy,74.05,44.14,69.08,57.96,11.40,Thanjavur,Tamil Nadu,56.21,34
IR-E-U-0584,"Indian Institute of Engineering Science and Technology, Shibpur",63.46,45.68,71.47,58.91,31.97,Howrah,West Bengal,56.12,35
IR-E-U-0458,Kalasalingam Academy of Research and Education,74.13,36.24,68.50,75.33,13.46,Srivilliputtur,Tamil Nadu,55.69,36
IR-E-U-0410,Malaviya National Institute of Technology,65.70,51.26,66.89,59.56,11.70,Jaipur,Rajasthan,55.60,37
IR-E-U-0747,Chandigarh University,75.70,31.04,59.19,79.56,33.77,Mohali,Punjab,55.20,38
IR-E-U-0356,Kalinga Institute of Industrial Technology,72.60,42.33,57.28,77.38,14.59,Bhubaneswar,Odisha,55.14,39
IR-E-U-0055,National Institute of Technology Silchar,60.85,54.59,69.77,53.35,11.40,Silchar,Assam,55.07,40
IR-E-U-0064,Indian Institute of Technology Patna,56.93,51.40,72.25,56.15,24.73,Patna,Bihar,55.03,41
IR-E-U-0334,"Visvesvaraya National Institute of Technology, Nagpur",65.12,47.03,72.77,53.40,14.88,Nagpur,Maharashtra,55.03,41
IR-E-U-0577,National Institute of Technology Durgapur,63.94,41.32,74.22,55.80,19.10,Durgapur,West Bengal,53.91,43
IR-E-U-0020,Koneru Lakshmaiah Education Foundation University (K L College of Engineering),70.94,46.14,57.91,56.43,13.46,Vaddeswaram,Andhra Pradesh,53.69,44
IR-E-C-16604,Sri Sivasubramaniya Nadar College of Engineering,67.69,41.08,66.94,53.21,15.43,Kalavakkam,Tamil Nadu,52.88,45
IR-E-U-0374,"Dr. B R Ambedkar National Institute of Technology, Jalandhar",67.98,36.76,60.85,67.76,24.73,Jalandhar,Punjab,52.85,46
IR-E-U-0355,Indian Institute of Technology Bhubaneswar,60.35,37.35,74.14,57.68,24.95,Bhubaneswar,Odisha,52.42,47
IR-E-U-0255,Indian Institute of Space Science and Technology,73.07,24.43,63.41,61.72,39.39,Thiruvananthapuram,Kerala,52.04,48
IR-E-U-0530,Motilal Nehru National Institute of Technology,57.14,40.37,77.57,54.78,16.51,Prayagraj,Uttar Pradesh,51.89,49
IR-E-U-0379,Lovely Professional University,59.64,49.52,49.19,63.51,25.39,Phagwara,Punjab,51.47,50
IR-E-U-0622,National Institute of Technology Delhi,68.47,29.84,63.59,72.41,19.60,Delhi,Delhi,51.41,51
IR-E-U-0249,Visvesvaraya Technological University,65.94,49.97,52.64,51.94,8.91,Belgaum,Karnataka,51.38,52
IR-E-U-0202,Birla Institute of Technology,67.76,37.01,59.56,51.40,22.01,Ranchi,Jharkhand,50.68,53
IR-E-U-0564,UPES,67.45,39.45,46.08,62.74,30.66,Dehradun,Uttarakhand,50.63,54
IR-E-U-0014,International Institute of Information Technology Hyderabad,56.57,40.60,65.00,58.36,23.40,Hyderabad,Telangana,50.33,55
IR-E-U-0072,National Institute of Technology Patna,61.49,39.77,70.28,52.28,4.87,Patna,Bihar,50.16,56
IR-E-U-0297,Defence Institute of Advanced Technology,69.03,41.76,54.06,58.16,2.69,Pune,Maharashtra,50.14,57
IR-E-U-0172,National Institute of Technology Kurukshetra,54.95,41.20,60.55,54.13,35.17,Kurukshetra,Haryana,49.89,58
IR-E-U-0844,"Indian Institute of Technology, Tirupati",75.50,18.49,62.71,58.15,32.52,Yerpedu,Andhra Pradesh,49.80,59
IR-E-C-6379,Netaji Subhas University of Technology (NSUT),68.96,23.44,75.55,46.27,22.25,South West,Delhi,49.68,60
IR-E-C-7252,Manipal Institute of Technology,65.74,35.65,54.01,62.25,21.78,Manipal,Karnataka,49.62,61
IR-E-U-0555,Graphic Era University,64.10,32.12,53.76,68.53,31.23,Dehradun,Uttarakhand,49.59,62
IR-E-C-37013,PSG College of Technology,64.51,29.98,54.90,47.21,53.86,Coimbatore,Tamil Nadu,49.43,63
IR-E-I-1441,Saveetha Institute of Medical and Technical Sciences,71.38,46.01,34.86,69.33,1.94,Chennai,Tamil Nadu,49.30,64
IR-E-U-0149,Sardar Vallabhbhai National Institute of Technology,57.79,40.93,66.01,51.56,10.17,Surat,Gujarat,49.00,65
IR-E-U-0474,Sathyabama Institute of Science and Technology,61.03,44.04,47.51,66.76,11.70,Chennai,Tamil Nadu,48.87,66
IR-E-U-0906,Indian Institute of Technology Jammu,74.62,21.51,57.32,56.55,22.01,Jammu,Jammu and Kashmir,48.15,67
IR-E-U-0389,Banasthali Vidyapith,64.41,21.26,72.53,73.04,4.16,Banasthali,Rajasthan,47.93,68
IR-E-U-0878,Indian Institute of Technology Palakkad,71.97,17.51,61.18,65.98,21.78,Palakkad,Kerala,47.86,69
IR-E-U-0092,"National Institute of Technology, Raipur",55.59,40.36,64.35,55.81,4.51,Raipur,Chhattisgarh,47.69,70
IR-E-U-0042,University of Hyderabad,59.36,45.92,54.33,43.21,7.27,Hyderabad,Telangana,47.51,71
IR-E-U-0619,National Institute of Technology Meghalaya,67.55,31.37,57.65,55.41,5.22,Shillong,Meghalaya,47.27,72
IR-E-C-41593,"College of Engineering, Pune",65.50,22.62,66.89,51.62,19.10,Pune,Maharashtra,46.89,73
IR-E-U-0221,International Institute of Information Technology Bangalore,67.24,20.86,63.07,58.61,16.78,Bengaluru,Karnataka,46.58,74
IR-E-U-0105,Indraprastha Institute of Information Technology Delhi,51.99,36.68,69.89,47.33,12.59,New Delhi,Delhi,46.57,75
IR-E-U-0749,Manipal University Jaipur,58.57,33.30,61.23,63.50,2.32,Jaipur,Rajasthan,46.39,76
IR-E-C-36995,Sri Krishna College of Engineering and Technology,63.67,24.55,64.10,49.95,17.57,Coimbatore,Tamil Nadu,46.03,77
IR-E-C-1331,M. S. Ramaiah Institute of Technology,65.79,22.31,61.93,55.66,15.97,Bengaluru,Karnataka,45.99,78
IR-E-U-0535,Rajiv Gandhi Institute of Petroleum Technology,76.68,12.55,68.50,54.57,0.40,Amethi,Uttar Pradesh,45.97,79
IR-E-U-0284,Maulana Azad National Institute of Technology,54.03,32.76,65.79,60.68,6.26,Bhopal,Madhya Pradesh,45.90,80
IR-E-U-0946,Indian Institute of Technology Bhilai,73.09,13.54,65.54,59.29,8.26,Raipur,Chhattisgarh,45.86,81
IR-E-U-0197,National Institute of Technology Srinagar,58.44,26.62,64.89,59.67,12.30,Srinagar,Jammu and Kashmir,45.70,82
IR-E-U-0017,Jawaharlal Nehru Technological University,65.91,27.62,49.71,55.17,12.30,Hyderabad,Telangana,44.75,83
IR-E-U-0099,Guru Gobind Singh Indraprastha University,55.33,33.69,56.26,46.54,17.04,New Delhi,Delhi,44.31,84
IR-E-U-0043,"Vignan's Foundation for Science, Technology and Research",63.21,27.18,48.67,61.13,7.93,Guntur,Andhra Pradesh,43.74,85
IR-E-C-16626,Rajalakshmi Engineering College,65.55,14.62,62.30,63.29,6.26,Chennai,Tamil Nadu,43.46,86
IR-E-U-0489,Vel Tech Rangarajan Dr. Sagunthala R & D Institute of Science and Technology,59.49,34.78,38.33,65.91,8.91,Chennai,Tamil Nadu,43.43,87
IR-E-U-0267,Atal Bihari Vajpayee Indian Institute of Information Technology and Management,52.56,20.81,74.64,58.08,6.60,Gwalior,Madhya Pradesh,43.41,88
IR-E-U-0516,Indian Institute of Information Technology Allahabad,45.02,21.94,77.31,53.63,23.85,Prayagraj (Allahabad),Uttar Pradesh,43.29,89
IR-E-U-0620,National Institute of Technology Goa,59.25,23.92,56.69,58.46,11.40,Ponda,Goa,43.28,90
IR-E-U-0493,National Institute of Technology Agartala,54.36,28.21,59.38,59.61,6.26,Agratala,Tripura,43.24,91
IR-E-U-0373,Chitkara University,47.51,30.88,52.35,62.84,22.25,Rajpura,Punjab,42.48,92
IR-E-U-0899,Indian Institute Of Technology Dharwad,64.84,15.16,57.36,39.17,29.69,Dharwad,Karnataka,42.36,93
IR-E-C-24004,AU College of Engineering (A),59.16,12.98,72.07,56.81,5.92,Visakhapatnam,Andhra Pradesh,42.32,94
IR-E-U-0613,National Institute of Technology Manipur,63.06,20.62,53.37,61.24,3.79,Imphal,Manipur,42.28,95
IR-E-C-1269,R.V. College of Engineering,63.55,17.05,57.16,52.04,14.03,Bengaluru,Karnataka,42.22,96
IR-E-U-0286,"Pandit Dwarka Prasad Mishra Indian Institute of Information Technology, Design and Manufacturing (IIITDM)",44.65,30.48,68.44,56.03,3.06,Jabalpur,Madhya Pradesh,42.14,97
IR-E-C-19754,SR University,65.32,15.79,51.98,62.66,10.79,Warangal,Telangana,42.09,98
IR-E-U-0155,"Amity University Haryana, Gurgaon",64.15,21.73,45.29,63.74,7.93,"Gurugram, Haryana",Haryana,41.99,99
IR-E-C-30045,"C.V. Raman Global University, Odisha",69.79,5.70,58.27,69.95,6.26,Bhubaneswar,Odisha,41.93,100
IR-M-S-8890,Indian Institute of Management Ahmedabad,92.55,63.45,99.14,69.66,96.14,Ahmedabad,Gujarat,83.20,1
IR-M-S-8903,Indian Institute of Management Bangalore,90.38,55.61,99.11,72.83,100.00,Bengaluru,Karnataka,80.89,2
IR-M-S-8909,Indian Institute of Management Kozhikode,84.83,56.10,94.92,77.03,75.16,Kozhikode,Kerala,76.48,3
IR-M-S-8972,Indian Institute of Management Calcutta,82.29,51.23,99.03,70.78,85.81,Kolkata,West Bengal,75.53,4
IR-M-I-1074,Indian Institute of Technology Delhi,67.37,79.47,86.62,66.17,61.51,New Delhi,Delhi,74.14,5
IR-M-S-8959,Indian Institute of Management Lucknow,83.76,49.71,96.86,69.81,77.24,Lucknow,Uttar Pradesh,74.11,6
IR-M-S-8931,"National Institute of Industrial Engineering, Mumbai",82.59,60.72,97.79,75.33,19.03,Mumbai,Maharashtra,71.99,7
IR-M-S-8918,Indian Institute of Management Indore,83.00,53.53,92.84,67.79,56.36,Indore,Madhya Pradesh,71.95,8
IR-M-S-132,XLRI-Xavier School of Management,87.55,43.56,98.07,67.92,50.13,Jamshedpur,Jharkhand,70.75,9
IR-M-U-0306,Indian Institute of Technology Bombay,79.07,58.04,82.11,59.89,45.66,Mumbai,Maharashtra,68.11,10
IR-M-S-8868,Indian Institute of Management Raipur,82.65,44.62,90.78,78.25,20.14,Raipur,Chhattisgarh,66.18,11
IR-M-S-8895,Indian Institute of Management Rohtak,82.41,40.44,89.28,78.00,33.66,Rohtak,Haryana,65.88,12
IR-M-I-1170,Management Development Institute,77.29,44.85,95.98,68.46,21.91,Gurugram,Haryana,64.88,13
IR-M-U-0573,Indian Institute of Technology Kharagpur,55.95,72.77,82.27,50.09,38.37,Kharagpur,West Bengal,63.92,14
IR-M-U-0456,Indian Institute of Technology Madras,64.36,50.88,81.14,59.91,60.42,Chennai,Tamil Nadu,62.83,15
IR-M-S-8942,Indian Institute of Management Udaipur,81.98,35.83,87.99,72.84,25.57,Udaipur,Rajasthan,62.78,16
IR-M-C-19343,Symbiosis Institute of Business Management,76.64,32.65,94.37,70.03,40.87,Pune,Maharashtra,62.74,17
IR-M-U-0560,Indian Institute of Technology Roorkee,68.04,64.48,72.01,55.26,24.60,Roorkee,Uttarakhand,62.14,18
IR-M-S-8967,Indian Institute of Management Kashipur,72.15,36.80,88.09,73.75,33.92,Kashipur,Uttarakhand,61.07,19
IR-M-I-1044,S.P. Jain Institute of Management & Research,79.69,25.75,98.64,70.84,24.60,Mumbai,Maharashtra,60.91,20
IR-M-N-10,SVKM`s Narsee Monjee Institute of Management Studies,79.33,30.25,92.06,76.83,18.66,Mumbai,Maharashtra,60.84,21
IR-M-S-8948,Indian Institute of Management Tiruchirappalli,70.04,29.06,87.97,68.49,66.57,Tiruchirappalli,Tamil Nadu,60.83,22
IR-M-I-1075,Indian Institute of Technology Kanpur,67.93,48.61,84.44,57.36,30.38,Kanpur,Uttar Pradesh,60.63,23
IR-M-S-8904,Indian Institute of Management Ranchi,68.06,37.05,90.10,72.92,31.50,Ranchi,Jharkhand,59.99,24
IR-M-U-0108,"Jamia Millia Islamia,New Delhi",68.28,47.89,78.87,81.15,10.36,New Delhi,Delhi,59.78,25
IR-M-S-8937,Indian Institute of Management Shillong,76.33,23.37,93.60,76.32,28.64,Shillong,Meghalaya,59.12,26
IR-M-U-0102,Indian Institute of Foreign Trade,73.49,27.81,86.17,61.47,48.33,New Delhi,Delhi,58.60,27
IR-M-U-0497,Amity University,72.78,53.66,61.28,66.57,17.13,Gautam Budh Nagar,Uttar Pradesh,58.56,28
IR-M-U-1007,Indian Institute of Management Visakhapatnam,76.42,21.75,85.84,69.46,39.97,Visakhapatnam,Andhra Pradesh,57.57,29
IR-M-U-0436,Amrita Vishwa Vidyapeetham,64.76,43.66,73.01,66.77,32.05,Coimbatore,Tamil Nadu,57.02,30
IR-M-N-16,Great Lakes Institute of Management,80.14,22.31,80.93,67.17,29.81,Chennai,Tamil Nadu,56.62,31
IR-M-U-0379,Lovely Professional University,72.07,44.68,58.89,72.79,23.61,Phagwara,Punjab,56.44,32
IR-M-S-87,Goa Institute of Management,75.63,25.71,84.66,71.61,17.90,Sanquelim,Goa,56.28,33
IR-M-I-1064,International Management Institute,73.69,28.40,88.12,64.15,13.88,New Delhi,Delhi,56.05,34
IR-M-U-0467,National Institute of Technology Tiruchirappalli,62.20,43.95,72.35,64.84,32.05,Tiruchirappalli,Tamil Nadu,56.01,35
IR-M-U-0747,Chandigarh University,75.93,23.01,70.59,82.72,39.06,Mohali,Punjab,55.98,36
IR-M-S-14875,MICA,70.12,31.45,86.70,70.06,6.52,Ahmedabad,Gujarat,55.47,37
IR-M-S-394,"Institute of Management Technology, Ghaziabad",73.74,30.72,79.33,61.47,19.03,Ghaziabad,Uttar Pradesh,55.26,38
IR-M-U-0564,UPES,73.73,32.49,63.68,67.82,34.44,Dehradun,Uttarakhand,54.83,39
IR-M-U-0012,"ICFAI Foundation for Higher Education, Hyderabad",71.12,29.50,75.32,71.83,18.66,Hyderabad,Telangana,54.29,40
IR-M-U-1004,Indian Institute of Management Jammu (IIMJ),73.97,10.76,85.40,74.75,41.96,Jammu,Jammu and Kashmir,54.17,41
IR-M-S-156,T. A. Pai Management Institute Manipal,65.02,27.70,82.54,69.57,21.91,Manipal,Karnataka,53.48,42
IR-M-S-15962,Indian Institute of Management,69.25,15.92,86.31,65.69,40.20,Nagpur,Maharashtra,53.41,43
IR-M-U-0205,Indian Institute of Technology (Indian School of Mines),72.24,43.45,51.90,59.71,15.94,Dhanbad,Jharkhand,52.64,44
IR-M-C-56616,K J Somaiya Institute of Management Studies and Research,70.42,24.20,83.15,63.81,7.52,Mumbai Suburban,Maharashtra,52.14,45
IR-M-U-0715,XIM University,69.41,19.12,91.40,53.79,18.66,Bhubaneswar,Odisha,52.09,46
IR-M-S-3283,Jaipuria Institute of Management,67.12,25.28,77.15,66.05,20.50,Noida,Uttar Pradesh,51.81,47
IR-M-S-354,Birla Institute of Management Technology,73.01,17.61,81.64,69.69,12.60,Greater Noida,Uttar Pradesh,51.74,48
IR-M-I-1480,Thapar Institute of Engineering and Technology (Deemed-to-be-university),66.32,42.39,56.69,70.08,7.02,Patiala,Punjab,51.67,49
IR-M-U-0439,Anna University,55.90,46.41,61.62,45.31,41.31,Chennai,Tamil Nadu,51.67,49
IR-M-S-16881,"Indian Institute of Management, Amritsar",64.44,19.58,82.47,70.51,25.57,Amritsar,Punjab,51.30,51
IR-M-U-0020,Koneru Lakshmaiah Education Foundation University (K L College of Engineering),69.19,44.32,48.60,64.66,10.36,Vaddeswaram,Andhra Pradesh,51.29,52
IR-M-U-1006,Indian Institute of Management Bodh Gaya,68.45,11.99,85.46,71.70,28.94,Gaya,Bihar,51.28,53
IR-M-S-92,Institute of Rural Management Anand,68.81,19.73,86.81,63.69,8.96,Anand,Gujarat,51.19,54
IR-M-U-0496,Aligarh Muslim University,60.59,42.53,68.15,53.55,12.60,Aligarh,Uttar Pradesh,51.18,55
IR-M-U-0500,Banaras Hindu University,62.96,28.98,80.43,55.61,18.28,Varanasi,Uttar Pradesh,51.07,56
IR-M-U-0363,Siksha `O` Anusandhan,71.20,24.12,68.41,74.92,12.60,Bhubaneswar,Odisha,51.03,57
IR-M-S-6,Indian Institute of Management Sambalpur,70.41,14.09,78.38,74.76,23.95,Sambalpur,Odisha,50.90,58
IR-M-U-0356,Kalinga Institute of Industrial Technology,78.69,24.98,54.21,76.23,12.16,Bhubaneswar,Odisha,50.78,59
IR-M-U-0217,Christ University,65.33,21.12,68.49,67.54,43.02,Bengaluru,Karnataka,50.69,60
IR-M-U-0146,Nirma University,63.24,26.92,80.74,61.90,6.52,Ahmedabad,Gujarat,50.04,61
IR-M-S-17295,"Great Lakes Institute of Management,Gurgaon",74.50,15.51,72.99,78.50,4.98,Gurgaon,Haryana,49.95,62
IR-M-I-1066,Fore School of Management,65.80,15.34,87.38,64.04,16.34,New Delhi,Delhi,49.85,63
IR-M-U-0373,Chitkara University,72.93,28.07,53.67,71.84,15.94,Rajpura,Punjab,49.80,64
IR-M-U-0555,Graphic Era University,67.54,24.31,58.94,75.41,28.94,Dehradun,Uttarakhand,49.77,65
IR-M-U-0099,Guru Gobind Singh Indraprastha University,57.44,34.04,72.04,51.48,27.14,New Delhi,Delhi,49.71,66
IR-M-I-1124,International Management Institute,74.26,11.83,77.35,77.19,2.84,Bhubaneswar,Odisha,49.30,67
IR-M-U-0267,Atal Bihari Vajpayee Indian Institute of Information Technology and Management,72.99,22.10,68.53,54.56,14.30,Gwalior,Madhya Pradesh,49.13,68
IR-M-U-0410,Malaviya National Institute of Technology,49.69,54.41,58.88,55.82,3.93,Jaipur,Rajasthan,48.98,69
IR-M-I-1408,International Management Institute,60.28,28.76,76.32,56.12,8.49,Kolkata,West Bengal,48.43,70
IR-M-I-1441,Saveetha Institute of Medical and Technical Sciences,65.85,24.65,66.09,75.85,3.93,Chennai,Tamil Nadu,48.34,71
IR-M-U-0735,BML Munjal University,70.56,19.64,67.25,74.76,2.84,Gurgaon,Haryana,48.27,72
IR-M-C-34129,Principal L N Welingkar Institute of Management Development and Research,70.64,11.65,80.76,65.16,8.49,Mumbai,Maharashtra,48.21,73
IR-M-I-1238,Krea University,68.99,5.83,85.21,74.26,10.82,"Sri City, Chittoor",Andhra Pradesh,48.00,74
IR-M-U-0263,National Institute of Technology Calicut,68.59,24.78,64.33,55.25,15.94,Kozhikode,Kerala,47.99,75
IR-M-S-14565,National Institute of Bank Management,67.60,10.00,84.08,67.50,2.29,Pune,Maharashtra,47.08,76
IR-M-U-0202,Birla Institute of Technology,61.34,27.86,62.13,58.98,18.66,Ranchi,Jharkhand,46.96,77
IR-M-U-0498,Babasheb Bhimrao Ambedkar University,63.25,12.71,76.62,82.71,2.29,Lucknow,Uttar Pradesh,46.61,78
IR-M-U-0749,Manipal University Jaipur,63.56,26.39,62.42,64.82,2.84,Jaipur,Rajasthan,46.23,79
IR-M-S-309,Jaipuria Institute of Management,69.11,12.44,76.25,55.04,9.44,Jaipur,Rajasthan,46.15,80
IR-M-U-0155,"Amity University Haryana, Gurgaon",64.29,18.00,67.61,71.06,7.52,Gurugram,Haryana,46.07,81
IR-M-U-0078,Panjab University,50.99,31.96,69.86,51.01,20.85,Chandigarh,Chandigarh,46.05,82
IR-M-S-164,Rajagiri Business School,60.39,24.24,69.53,57.89,9.44,Cochin,Kerala,46.03,83
IR-M-I-1132,Institute of Management Technology,62.37,15.03,76.00,65.65,8.01,Hyderabad,Telangana,45.78,84
IR-M-U-0223,"Jain university,Bangalore",69.28,14.94,67.31,61.51,7.52,Bengaluru,Karnataka,45.63,85
IR-M-N-4,Bharathidasan Institute of Management,65.02,1.85,82.50,40.82,49.42,Tiruchirappalli,Tamil Nadu,45.59,86
IR-M-U-0213,Alliance University,72.83,9.22,61.29,76.78,9.90,Bengaluru,Karnataka,45.55,87
IR-M-C-32855,Jagan Institute of Management Studies,62.30,12.39,79.48,68.92,3.39,Delhi,Delhi,45.54,88
IR-M-C-37013,PSG College of Technology,55.46,15.61,76.70,50.86,36.93,Coimbatore,Tamil Nadu,45.44,89
IR-M-C-36557,Thiagarajar School of Management,65.62,21.40,57.17,47.15,25.25,Madurai,Tamil Nadu,44.79,90
IR-M-U-0643,Galgotias University,67.94,15.23,64.16,62.36,2.84,Gautam Budh Nagar,Uttar Pradesh,44.30,91
IR-M-S-419,Jaipuria Institute of Management,62.76,9.59,76.06,54.69,18.28,Lucknow,Uttar Pradesh,44.22,92
IR-M-U-0056,Tezpur University,64.72,16.86,68.77,51.33,6.52,Tezpur,Assam,44.01,93
IR-M-U-0147,Pandit Deendayal Energy University,56.41,28.09,72.42,39.65,1.16,Gandhinagar,Gujarat,43.92,94
IR-M-U-0249,Visvesvaraya Technological University,74.28,11.22,58.58,61.25,3.39,Belgaum,Karnataka,43.84,95
IR-M-U-0107,Jamia Hamdard,58.78,19.57,67.72,64.23,2.84,New Delhi,Delhi,43.74,96
IR-M-S-14553,National Institute of Agricultural Extension Management,71.99,7.81,68.92,53.60,3.93,Hyderabad,Telangana,43.47,97
IR-M-S-15911,Indian Institute of Management,45.45,15.22,83.47,68.21,15.53,Sirmaur,Himachal Pradesh,43.26,98
IR-M-C-32887,New Delhi Institute Of Management,61.12,3.56,78.97,69.57,4.46,Delhi,Delhi,42.61,99
IR-M-U-0162,Guru Jambheshwar University of Science and Technology,64.48,15.69,64.25,51.71,0.58,Hisar,Haryana,42.13,100
IR-O-U-0456,Indian Institute of Technology Madras,86.56,91.98,89.36,62.95,98.75,Chennai,Tamil Nadu,87.59,1
IR-O-U-0220,Indian Institute of Science,82.08,87.45,84.80,57.46,100.00,Bengaluru,Karnataka,83.57,2
IR-O-U-0306,"Indian Institute of Technology, Bombay",85.55,84.09,83.08,59.54,88.80,Mumbai,Maharashtra,82.35,3
IR-O-I-1074,"Indian Institute of Technology, Delhi",81.98,84.81,79.36,70.07,93.08,New Delhi,Delhi,82.22,4
IR-O-I-1075,Indian Institute of Technology Kanpur,86.90,70.55,83.89,60.26,77.86,Kanpur,Uttar Pradesh,77.83,5
IR-O-U-0573,"Indian Institute of Technology, Kharagpur",77.66,75.66,81.92,55.85,79.82,Kharagpur,West Bengal,75.94,6
IR-O-U-0560,"Indian Institute of Technology, Roorkee",77.22,67.03,84.42,64.36,48.84,Roorkee,Uttarakhand,71.48,7
IR-O-U-0053,Indian Institute of Technology Guwahati,78.29,63.54,83.26,59.58,45.93,Guwahati,Assam,69.75,8
IR-O-N-15,"All India Institute of Medical Sciences, Delhi",75.57,60.39,72.67,67.37,75.15,New Delhi,Delhi,69.57,9
IR-O-U-0109,Jawaharlal Nehru University,71.95,45.55,95.27,70.27,59.19,New Delhi,Delhi,67.25,10
IR-O-U-0500,Banaras Hindu University,69.90,43.91,97.74,57.32,53.95,Varanasi,Uttar Pradesh,64.81,11
IR-O-U-0575,Jadavpur University,63.57,53.73,90.10,56.86,49.53,Kolkata,West Bengal,63.85,12
IR-O-U-0108,"Jamia Millia Islamia, New Delhi",68.16,47.38,92.46,81.14,23.57,New Delhi,Delhi,63.62,13
IR-O-U-0013,Indian Institute of Technology Hyderabad,73.43,53.18,71.53,56.73,49.01,Hyderabad,Telangana,62.86,14
IR-O-U-0570,Calcutta University,67.46,40.85,95.48,61.90,37.86,Kolkata,West Bengal,61.57,15
IR-O-U-0436,Amrita Vishwa Vidyapeetham,69.80,50.06,74.09,69.53,38.09,Coimbatore,Tamil Nadu,61.54,16
IR-O-U-0234,"Manipal Academy of Higher Education, Manipal",70.53,51.07,78.15,64.81,26.37,Manipal,Karnataka,61.23,17
IR-O-U-0490,Vellore Institute of Technology,52.72,59.82,79.43,59.07,45.74,Vellore,Tamil Nadu,60.14,18
IR-O-U-0496,Aligarh Muslim University,69.21,43.04,88.92,56.29,27.85,Aligarh,Uttar Pradesh,59.86,19
IR-O-U-0042,University of Hyderabad,70.94,40.18,83.97,63.50,31.99,Hyderabad,Telangana,59.67,20
IR-O-U-0467,"National Institute of Technology, Tiruchirappalli",60.73,45.71,75.74,66.48,52.20,Tiruchirappalli,Tamil Nadu,58.95,21
IR-O-U-0439,Anna University,53.32,53.15,74.97,49.30,62.10,Chennai,Tamil Nadu,58.08,22
IR-O-U-0120,University of Delhi,43.11,52.82,91.85,58.87,45.93,Delhi,Delhi,57.63,23
IR-O-U-0447,Bharathiar University,63.97,44.36,78.31,63.96,26.97,Coimbatore,Tamil Nadu,57.26,24
IR-O-U-0323,Savitribai Phule Pune University,63.66,41.64,92.44,52.07,16.97,Pune,Maharashtra,56.99,25
IR-O-U-0305,"Indian Institute of Science Education & Research, Pune",71.66,44.18,65.43,62.94,27.85,Pune,Maharashtra,56.91,26
IR-O-U-0237,"National Institute of Technology Karnataka, Surathkal",59.32,45.14,75.55,64.44,38.54,Surathkal,Karnataka,56.74,27
IR-O-U-0308,Institute of Chemical Technology,59.27,50.58,79.61,54.50,18.45,Mumbai,Maharashtra,56.16,28
IR-O-U-0701,Indian Institute of Technology (Banaras Hindu University) Varanasi,54.43,50.31,74.26,56.63,39.21,Varanasi,Uttar Pradesh,55.85,29
IR-O-U-0363,Siksha `O` Anusandhan,68.30,35.58,73.45,68.40,27.26,Bhubaneswar,Odisha,55.42,30
IR-O-U-0273,Indian Institute of Technology Indore,62.47,49.93,72.44,52.99,16.21,Indore,Madhya Pradesh,55.13,31
IR-O-U-0391,Birla Institute of Technology & Science - Pilani,59.27,46.74,73.45,58.76,27.26,Pilani,Rajasthan,55.10,32
IR-O-U-0304,Homi Bhabha National Institute,72.51,45.25,68.93,52.01,5.31,Mumbai,Maharashtra,54.85,33
IR-O-U-0356,Kalinga Institute of Industrial Technology,69.00,30.20,75.13,77.86,17.71,Bhubaneswar,Odisha,54.35,34
IR-O-U-0378,Indian Institute of Technology Ropar,75.19,33.66,65.71,64.34,20.57,Rupnagar,Punjab,54.29,35
IR-O-U-0473,S.R.M. Institute of Science and Technology,57.91,45.28,71.41,62.54,25.15,Chennai,Tamil Nadu,53.99,36
IR-O-U-0139,"Indian Institute of Technology, Gandhinagar",67.90,39.04,65.84,66.49,20.23,Gandhinagar,Gujarat,53.92,37
IR-O-U-0205,Indian Institute of Technology (Indian School of Mines),51.07,54.66,71.79,54.34,23.57,Dhanbad,Jharkhand,53.87,38
IR-O-U-0357,National Institute of Technology Rourkela,59.35,49.09,68.70,56.90,18.08,Rourkela,Odisha,53.77,39
IR-O-U-0572,"Indian Institute of Science Education & Research, Kolkata",63.56,39.42,66.20,56.59,25.46,Mohanpur,West Bengal,52.35,40
IR-O-U-0078,Panjab University,48.43,43.18,74.62,60.73,27.56,Chandigarh,Chandigarh,51.23,41
IR-O-U-0497,Amity University,49.57,47.89,70.35,64.17,13.43,Gautam Budh Nagar,Uttar Pradesh,51.07,42
IR-O-U-0184,"Indian Institute of Technology, Mandi",62.79,37.25,65.56,67.01,12.18,Mandi,Himachal Pradesh,51.05,43
IR-O-I-1441,Saveetha Institute of Medical and Technical Sciences,56.29,43.01,69.46,65.97,5.31,Chennai,Tamil Nadu,50.81,44
IR-O-U-0025,National Institute of Technology Warangal,57.73,35.23,73.48,55.14,25.15,Warangal,Telangana,50.61,45
IR-O-U-0027,Osmania University,60.22,30.41,79.98,56.37,17.71,Hyderabad,Telangana,50.60,46
IR-O-U-0377,"Indian Institute of Science Education & Research, Mohali",63.85,32.08,62.89,71.44,20.57,Mohali,Punjab,50.55,47
IR-O-U-0747,Chandigarh University,63.04,22.16,69.27,78.62,31.19,Mohali,Punjab,50.39,48
IR-O-U-0476,Shanmugha Arts Science Technology & Research Academy,61.35,38.23,67.66,59.74,9.57,Thanjavur,Tamil Nadu,50.33,49
IR-O-U-0458,Kalasalingam Academy of Research and Education,60.10,26.46,71.20,74.72,22.92,Srivilliputtur,Tamil Nadu,49.97,50
IR-O-U-0262,"Mahatma Gandhi University, Kottayam",65.16,36.16,70.48,51.18,2.74,Kottayam,Kerala,49.89,51
IR-O-U-0260,Kerala University,65.23,20.29,94.40,51.07,2.21,Thiruvananthapuram,Kerala,49.87,52
IR-O-U-0435,Alagappa University,61.66,32.63,72.21,51.56,18.45,Karaikudi,Tamil Nadu,49.73,53
IR-O-U-0368,Jawaharlal Institute of Post Graduate Medical Education & Research,68.18,26.11,63.63,68.18,18.81,Puducherry,Pondicherry,49.71,54
IR-O-U-0020,Koneru Lakshmaiah Education Foundation University (K L College of Engineering),61.22,36.63,67.04,56.83,12.60,Vaddeswaram,Andhra Pradesh,49.71,54
IR-O-U-0235,Mysore University,68.90,16.81,90.68,53.79,4.80,Mysuru,Karnataka,49.71,54
IR-O-I-1480,Thapar Institute of Engineering and Technology,49.86,44.83,70.57,55.09,16.21,Patiala,Punjab,49.65,57
IR-O-U-0379,Lovely Professional University,56.40,34.71,66.11,69.33,20.57,Phagwara,Punjab,49.54,58
IR-O-U-0064,"Indian Institute of Technology, Patna",62.04,39.31,62.25,51.98,14.24,Patna,Bihar,49.47,59
IR-O-U-0222,JSS Academy of Higher Education and Research,68.12,21.40,69.04,69.37,16.97,Mysuru,Karnataka,49.31,60
IR-O-U-0272,Indian Institute of Science Education & Research Bhopal,66.74,29.19,64.82,66.84,8.66,Bhopal,Madhya Pradesh,49.29,61
IR-O-U-0329,Symbiosis International,65.62,17.80,74.90,66.57,25.46,Pune,Maharashtra,49.22,62
IR-O-U-0098,Delhi Technological University,57.93,32.46,66.55,57.34,28.71,New Delhi,Delhi,49.03,63
IR-O-U-0052,Gauhati University,59.42,21.66,89.82,58.19,8.66,Guwahati,Assam,48.98,64
IR-O-U-0355,Indian Institute of Technology Bhubaneswar,53.86,38.20,65.46,60.45,16.97,Bhubaneswar,Odisha,48.46,65
IR-O-U-0584,"Indian Institute of Engineering Science and Technology, Shibpur",50.01,39.35,70.44,48.26,27.26,Howrah,West Bengal,48.45,66
IR-O-U-0474,Sathyabama Institute of Science and Technology,56.99,29.87,65.82,65.05,23.57,Chennai,Tamil Nadu,48.09,67
IR-O-U-0334,"Visvesvaraya National Institute of Technology, Nagpur",53.53,39.28,70.53,54.61,6.29,Nagpur,Maharashtra,48.05,68
IR-O-U-0253,Cochin University of Science and Technology,57.05,32.57,73.37,51.63,13.02,Cochin,Kerala,48.02,69
IR-O-I-1357,University of Madras,56.58,32.35,71.30,52.41,18.45,Chennai,Tamil Nadu,48.01,70
IR-O-U-0006,"Andhra University, Visakhapatnam",54.05,25.80,85.70,53.73,15.04,Visakhapatnam,Andhra Pradesh,47.97,71
IR-O-U-0577,National Institute of Technology Durgapur,53.96,35.16,70.09,57.15,14.24,Durgapur,West Bengal,47.90,72
IR-O-U-0136,Gujarat University,64.75,18.38,83.30,57.39,3.78,Ahmedabad,Gujarat,47.72,73
IR-O-U-0107,Jamia Hamdard,56.93,30.15,70.35,60.93,12.18,New Delhi,Delhi,47.50,74
IR-O-U-0523,King George`s Medical University,66.33,26.31,63.36,55.83,9.57,Lucknow,Uttar Pradesh,47.00,75
IR-O-I-1110,Dr. D. Y. Patil Vidyapeeth,69.78,19.22,64.27,61.30,10.89,Pune,Maharashtra,46.76,76
IR-O-U-0055,"National Institute of Technology, Silchar",52.26,36.84,68.43,57.10,6.29,Silchar,Assam,46.76,76
IR-O-U-0498,Babasheb Bhimrao Ambedkar University,53.54,19.68,82.46,74.59,4.80,Lucknow,Uttar Pradesh,46.39,78
IR-O-S-8909,Indian Institute of Management Kozhikode,65.93,15.51,61.55,72.34,23.89,Kozhikode,Kerala,46.36,79
IR-O-U-0376,Guru Nanak Dev University,51.06,28.73,78.53,56.60,10.01,Amritsar,Punjab,46.31,80
IR-O-U-0318,Mumbai University,55.16,22.52,82.54,55.95,7.26,Mumbai,Maharashtra,46.15,81
IR-O-U-0448,Bharathidasan University,57.72,32.56,61.80,48.10,18.81,Tiruchirappalli,Tamil Nadu,46.14,82
IR-O-I-1486,Sri Ramachandra Institute of Higher Education and Research,69.68,17.07,64.33,65.08,6.78,Chennai,Tamil Nadu,46.08,83
IR-O-U-0196,University of Kashmir,60.58,21.23,79.56,51.37,3.78,Srinagar,Jammu and Kashmir,45.98,84
IR-O-U-0374,"Dr. B R Ambedkar National Institute of Technology, Jalandhar",57.67,27.88,66.39,64.32,4.80,Jalandhar,Punjab,45.85,85
IR-O-U-0689,All India Institute of Medical Sciences Jodhpur,64.36,26.23,60.40,61.19,4.30,Jodhpur,Rajasthan,45.81,86
IR-O-U-0389,Banasthali Vidyapith,53.01,15.98,84.96,75.83,5.31,Banasthali,Rajasthan,45.80,87
IR-O-U-0463,Madurai Kamaraj University,63.33,24.04,65.24,52.47,12.60,Madurai,Tamil Nadu,45.77,88
IR-O-N-10,SVKM`s Narsee Monjee Institute of Management Studies,68.42,17.66,64.52,62.17,7.26,Mumbai,Maharashtra,45.68,89
IR-O-U-0056,Tezpur University,59.71,27.49,63.29,50.67,16.97,Tezpur,Assam,45.59,90
IR-O-U-0410,Malaviya National Institute of Technology,51.72,38.69,60.72,56.19,3.78,Jaipur,Rajasthan,45.27,91
IR-O-U-0295,Datta Meghe Institute of Medical Sciences,65.25,23.54,59.60,65.38,1.12,Wardha,Maharashtra,45.21,92
IR-O-U-0195,University of Jammu,64.90,19.12,74.83,46.63,2.74,Jammu,Jammu and Kashmir,45.11,93
IR-O-U-0642,Shiv Nadar University,63.53,20.75,64.70,61.38,5.80,Dadri,Uttar Pradesh,44.94,94
IR-O-U-0446,Bharath Institute of Higher Education & Research,56.20,23.15,70.31,64.28,4.30,Chennai,Tamil Nadu,44.73,95
IR-O-C-16604,Sri Sivasubramaniya Nadar College of Engineering,53.14,30.69,63.87,52.73,15.04,Kancheepuram,Tamil Nadu,44.69,96
IR-O-U-0564,University of Petroleum and Energy Studies,56.69,19.48,60.48,65.01,31.99,Dehradun,Uttarakhand,44.65,97
IR-O-U-0215,Bangalore University,58.70,17.38,74.73,57.04,10.45,Bangalore,Karnataka,44.53,98
IR-O-U-0331,Tata Institute of Social Sciences,56.66,10.45,78.36,75.42,11.75,Mumbai,Maharashtra,44.52,99
IR-O-U-0249,Visvesvaraya Technological University,58.94,27.28,61.10,58.36,4.30,Belgaum,Karnataka,44.35,100
IR-R-U-0220,Indian Institute of Science,98.68,93.23,76.01,58.50,100.00,Bengaluru,Karnataka,88.62,1
IR-R-U-0456,Indian Institute of Technology Madras,90.08,92.66,81.20,63.80,89.30,Chennai,Tamil Nadu,86.38,2
IR-R-I-1074,"Indian Institute of Technology, Delhi",81.60,89.45,78.16,71.09,81.05,New Delhi,Delhi,82.16,3
IR-R-U-0306,"Indian Institute of Technology, Bombay",80.80,87.56,80.91,60.38,74.79,Mumbai,Maharashtra,80.21,4
IR-R-U-0573,"Indian Institute of Technology, Kharagpur",72.85,78.59,79.16,56.52,71.35,Kharagpur,West Bengal,74.05,5
IR-R-I-1075,Indian Institute of Technology Kanpur,76.06,69.42,79.53,60.95,68.08,Kanpur,Uttar Pradesh,72.47,6
IR-R-U-0330,Tata Institute of Fundamental Research,80.26,65.82,56.34,59.93,55.43,Mumbai,Maharashtra,66.63,7
IR-R-U-0560,"Indian Institute of Technology, Roorkee",71.21,63.53,73.70,65.69,45.59,Roorkee,Uttarakhand,66.29,8
IR-R-N-15,"All India Institute of Medical Sciences, Delhi",71.98,60.03,42.58,69.00,74.59,New Delhi,Delhi,62.48,9
IR-R-U-0490,Vellore Institute of Technology,51.02,68.52,68.12,60.31,41.98,Vellore,Tamil Nadu,59.71,10
IR-R-U-0304,Homi Bhabha National Institute,82.14,38.39,69.98,52.45,32.51,Mumbai,Maharashtra,58.65,11
IR-R-U-0013,Indian Institute of Technology Hyderabad,63.92,51.42,59.95,57.53,56.08,Hyderabad,Telangana,57.96,12
IR-R-U-0575,Jadavpur University,55.87,45.74,80.61,57.10,45.04,Kolkata,West Bengal,56.81,13
IR-R-U-0109,Jawaharlal Nehru University,49.28,41.55,87.33,71.44,48.92,New Delhi,Delhi,56.75,14
IR-R-U-0500,Banaras Hindu University,42.98,49.07,86.99,57.88,48.15,Varanasi,Uttar Pradesh,55.61,15
IR-R-U-0120,University of Delhi,48.61,56.64,70.31,59.58,39.16,Delhi,Delhi,55.51,16
IR-R-U-0305,"Indian Institute of Science Education & Research, Pune",61.54,47.79,57.47,63.52,47.49,Pune,Maharashtra,55.39,17
IR-R-U-0713,Academy of Scientific & Innovative Research,67.35,40.34,76.48,47.38,8.57,Ghaziabad,Uttar Pradesh,53.21,18
IR-R-U-0108,"Jamia Millia Islamia, New Delhi",46.98,44.14,77.96,82.89,19.22,New Delhi,Delhi,53.14,19
IR-R-U-0205,Indian Institute of Technology (Indian School of Mines),59.97,49.12,56.29,55.03,35.79,Dhanbad,Jharkhand,53.07,20
IR-R-U-0439,Anna University,51.03,46.62,59.07,49.59,67.76,Chennai,Tamil Nadu,52.85,21
IR-R-U-0447,Bharathiar University,53.87,37.90,68.74,64.30,34.73,Coimbatore,Tamil Nadu,51.18,22
IR-R-U-0467,"National Institute of Technology, Tiruchirappalli",50.22,38.86,64.84,67.44,46.96,Tiruchirappalli,Tamil Nadu,51.14,23
IR-R-U-0357,National Institute of Technology Rourkela,52.95,44.69,64.78,58.48,28.32,Rourkela,Odisha,50.94,24
IR-R-U-0308,Institute of Chemical Technology,51.94,47.96,61.07,54.74,31.55,Mumbai,Maharashtra,50.81,25
IR-R-U-0273,Indian Institute of Technology Indore,61.37,46.93,55.59,53.60,17.62,Indore,Madhya Pradesh,50.73,26
IR-R-U-0042,University of Hyderabad,48.39,36.23,77.24,64.32,32.51,Hyderabad,Telangana,50.52,27
IR-R-U-0496,Aligarh Muslim University,40.64,44.72,80.55,56.87,27.48,Aligarh,Uttar Pradesh,50.16,28
IR-R-U-0078,Panjab University,38.54,52.02,66.33,61.34,35.79,Chandigarh,Chandigarh,50.15,29
IR-R-U-0234,"Manipal Academy of Higher Education, Manipal",46.11,44.08,66.01,65.71,31.36,Manipal,Karnataka,49.96,30
IR-R-U-0436,Amrita Vishwa Vidyapeetham,47.04,36.02,63.46,70.27,47.76,Coimbatore,Tamil Nadu,49.42,31
IR-R-U-0572,"Indian Institute of Science Education & Research, Kolkata",50.88,39.81,54.48,57.13,42.58,Mohanpur,West Bengal,48.08,32
IR-R-U-0391,Birla Institute of Technology & Science - Pilani,44.04,41.70,63.32,60.03,32.70,Pilani,Rajasthan,47.65,33
IR-R-U-0139,"Indian Institute of Technology, Gandhinagar",54.99,33.53,56.29,67.28,27.48,Gandhinagar,Gujarat,47.30,34
IR-R-I-1480,Thapar Institute of Engineering and Technology,44.70,49.30,52.59,55.79,20.75,Patiala,Punjab,46.38,35
IR-R-U-0473,S.R.M. Institute of Science and Technology,35.65,49.81,55.17,63.39,29.97,Chennai,Tamil Nadu,46.00,36
IR-R-U-0355,Indian Institute of Technology Bhubaneswar,47.70,38.32,47.82,61.19,25.95,Bhubaneswar,Odisha,44.09,37
IR-R-U-0497,Amity University,35.02,43.62,54.55,64.72,11.50,Gautam Budh Nagar,Uttar Pradesh,42.13,38
IR-R-U-0184,"Indian Institute of Technology, Mandi",46.23,28.84,52.76,67.69,20.75,Mandi,Himachal Pradesh,41.92,39
IR-R-U-0584,"Indian Institute of Engineering Science and Technology, Shibpur",47.29,27.82,52.15,48.76,35.09,Howrah,West Bengal,41.36,40
IR-R-U-0064,"Indian Institute of Technology, Patna",48.41,30.19,49.93,52.52,23.67,Patna,Bihar,41.19,41
IR-R-U-0236,"National Institute of Mental Health & Neuro Sciences, Bangalore",49.80,26.90,35.67,69.95,39.96,Bangalore,Karnataka,41.14,42
IR-R-U-0435,Alagappa University,36.43,29.97,63.37,51.58,32.51,Karaikudi,Tamil Nadu,41.00,43
IR-R-U-0476,Shanmugha Arts Science Technology & Research Academy,39.34,32.36,58.78,60.14,11.18,Thanjavur,Tamil Nadu,40.40,44
IR-R-U-0363,Siksha `O` Anusandhan,34.34,30.54,57.67,69.23,21.50,Bhubaneswar,Odisha,40.06,45
IR-R-U-0410,Malaviya National Institute of Technology,42.51,32.35,54.60,56.25,8.23,Jaipur,Rajasthan,39.82,46
IR-R-U-0356,Kalinga Institute of Industrial Technology,26.15,27.67,68.66,80.34,17.35,Bhubaneswar,Odisha,39.64,47
IR-R-I-1441,Saveetha Institute of Medical and Technical Sciences,45.51,29.59,49.36,66.72,5.06,Chennai,Tamil Nadu,39.58,48
IR-R-U-0272,Indian Institute of Science Education & Research Bhopal,40.25,25.58,53.05,67.57,23.90,Bhopal,Madhya Pradesh,39.51,49
IR-R-U-0055,"National Institute of Technology, Silchar",40.30,26.15,53.35,57.97,22.72,Silchar,Assam,38.67,50
IR-E-U-0456,Indian Institute of Technology Madras,94.62,97.66,80.42,62.85,100.00,Chennai,Tamil Nadu,90.04,1
IR-E-I-1074,"Indian Institute of Technology, Delhi",86.95,96.00,83.43,68.56,96.92,New Delhi,Delhi,88.12,2
IR-E-U-0306,"Indian Institute of Technology, Bombay",87.53,90.82,79.18,57.36,88.70,Mumbai,Maharashtra,83.96,3
IR-E-I-1075,Indian Institute of Technology Kanpur,87.95,79.98,89.71,59.47,83.01,Kanpur,Uttar Pradesh,82.56,4
IR-E-U-0573,"Indian Institute of Technology, Kharagpur",79.21,84.61,80.91,53.09,82.63,Kharagpur,West Bengal,78.89,5
IR-E-U-0560,"Indian Institute of Technology, Roorkee",75.98,78.10,90.12,63.09,61.36,Roorkee,Uttarakhand,76.70,6
IR-E-U-0053,Indian Institute of Technology Guwahati,75.89,72.89,84.64,56.90,57.15,Guwahati,Assam,72.98,7
IR-E-U-0467,"National Institute of Technology, Tiruchirappalli",76.39,58.43,79.16,64.49,64.38,Tiruchirappalli,Tamil Nadu,69.17,8
IR-E-U-0013,Indian Institute of Technology Hyderabad,80.32,59.89,72.39,54.85,59.96,Hyderabad,Telangana,68.03,9
IR-E-U-0237,"National Institute of Technology Karnataka, Surathkal",72.87,56.42,77.69,63.89,53.24,Surathkal,Karnataka,66.04,10
IR-E-U-0575,Jadavpur University,71.38,64.41,78.11,52.33,40.97,Kolkata,West Bengal,65.68,11
IR-E-U-0490,Vellore Institute of Technology,62.53,73.30,69.44,59.27,49.60,Vellore,Tamil Nadu,65.53,12
IR-E-U-0701,Indian Institute of Technology (Banaras Hindu University) Varanasi,62.62,57.25,81.72,56.06,55.89,Varanasi,Uttar Pradesh,63.51,13
IR-E-U-0205,Indian Institute of Technology (Indian School of Mines),68.70,65.38,71.17,54.34,36.23,Dhanbad,Jharkhand,63.50,14
IR-E-U-0357,National Institute of Technology Rourkela,73.39,59.44,71.80,57.08,24.43,Rourkela,Odisha,62.36,15
IR-E-U-0273,Indian Institute of Technology Indore,76.28,56.75,70.39,52.48,24.43,Indore,Madhya Pradesh,61.68,16
IR-E-U-0439,Anna University,64.33,64.59,57.80,48.88,62.83,Chennai,Tamil Nadu,61.41,17
IR-E-U-0308,Institute of Chemical Technology,76.45,56.99,69.53,54.58,19.95,Mumbai,Maharashtra,61.40,18
IR-E-U-0436,Amrita Vishwa Vidyapeetham,68.97,58.64,61.39,61.77,41.78,Coimbatore,Tamil Nadu,60.92,19
IR-E-U-0184,"Indian Institute of Technology, Mandi",75.76,44.05,77.55,67.16,22.57,Mandi,Himachal Pradesh,60.43,20
IR-E-U-0025,National Institute of Technology Warangal,73.99,45.70,75.12,54.91,35.77,Warangal,Telangana,60.00,21
IR-E-U-0378,Indian Institute of Technology Ropar,81.06,38.78,68.75,63.67,30.87,Rupnagar,Punjab,59.16,22
IR-E-U-0139,"Indian Institute of Technology, Gandhinagar",80.19,39.08,64.63,60.47,35.07,Gandhinagar,Gujarat,58.27,23
IR-E-U-0473,S.R.M. Institute of Science and Technology,61.21,59.20,67.16,61.76,22.89,Chennai,Tamil Nadu,58.02,24
IR-E-U-0497,Amity University,69.95,62.18,55.67,57.33,12.19,Gautam Budh Nagar,Uttar Pradesh,57.73,25
IR-E-U-0108,"Jamia Millia Islamia, New Delhi",59.53,57.45,73.54,60.95,16.07,New Delhi,Delhi,57.51,26
IR-E-U-0363,Siksha `O` Anusandhan,75.94,40.02,68.72,69.54,19.95,Bhubaneswar,Odisha,57.48,27
IR-E-I-1480,Thapar Institute of Engineering and Technology,59.52,56.97,71.19,54.56,25.33,Patiala,Punjab,57.18,28
IR-E-U-0391,Birla Institute of Technology & Science - Pilani,60.84,46.29,78.27,54.20,36.91,Pilani,Rajasthan,56.90,29
IR-E-U-0395,Indian Institute of Technology Jodhpur,78.42,34.92,74.41,66.44,11.78,Jodhpur,Rajasthan,56.70,30
IR-E-U-0263,"National Institute of Technology, Calicut",67.13,36.30,76.86,63.72,38.88,Kozhikode,Kerala,56.66,31
IR-E-U-0334,"Visvesvaraya National Institute of Technology, Nagpur",66.38,48.85,75.64,53.15,16.07,Nagpur,Maharashtra,56.62,32
IR-E-U-0064,"Indian Institute of Technology, Patna",71.45,47.78,62.39,51.47,27.92,Patna,Bihar,56.19,33
IR-E-U-0577,National Institute of Technology Durgapur,67.60,43.31,72.76,57.76,21.61,Durgapur,West Bengal,55.76,34
IR-E-U-0098,Delhi Technological University,68.98,34.76,73.36,56.15,42.38,New Delhi,Delhi,55.65,35
IR-E-U-0355,Indian Institute of Technology Bhubaneswar,70.09,36.90,70.00,60.78,29.29,Bhubaneswar,Odisha,55.11,36
IR-E-U-0496,Aligarh Muslim University,70.90,53.82,57.01,42.37,16.43,Aligarh,Uttar Pradesh,54.70,37
IR-E-U-0055,"National Institute of Technology, Silchar",65.49,48.00,66.79,57.58,14.56,Silchar,Assam,54.63,38
IR-E-U-0458,Kalasalingam Academy of Research and Education,73.60,32.26,64.82,74.34,24.73,Srivilliputtur,Tamil Nadu,54.62,39
IR-E-U-0584,"Indian Institute of Engineering Science and Technology, Shibpur",60.11,48.02,67.41,48.26,38.23,HOWRAH,West Bengal,54.57,40
IR-E-U-0476,Shanmugha Arts Science Technology & Research Academy,70.01,40.17,67.29,55.94,12.59,Thanjavur,Tamil Nadu,53.36,41
IR-E-U-0356,Kalinga Institute of Industrial Technology,70.27,35.74,58.52,76.97,18.58,BHUBANESWAR,Odisha,53.06,42
IR-E-U-0255,Indian Institute of Space Science and Technology,75.78,25.35,62.60,61.97,33.15,Thiruvananthapuram,Kerala,52.37,43
IR-E-U-0020,Koneru Lakshmaiah Education Foundation University (K L College of Engineering),70.08,44.80,52.73,56.18,12.99,Vaddeswaram,Andhra Pradesh,51.93,44
IR-E-U-0747,Chandigarh University,75.92,24.84,52.44,79.48,30.61,Mohali,Punjab,51.73,45
IR-E-U-0410,Malaviya National Institute of Technology,62.59,46.35,62.20,55.14,10.53,Jaipur,Rajasthan,51.69,46
IR-E-U-0530,Motilal Nehru National Institute of Technology,59.01,37.99,75.22,52.15,18.23,Prayagraj,Uttar Pradesh,51.17,47
IR-E-C-16604,Sri Sivasubramaniya Nadar College of Engineering,63.78,37.31,63.41,52.63,22.25,Kancheepuram,Tamil Nadu,50.50,48
IR-E-U-0249,Visvesvaraya Technological University,72.06,40.88,52.12,52.48,6.54,Belgaum,Karnataka,50.20,49
IR-E-U-0172,National Institute of Technology Kurukshetra,57.73,43.66,63.35,55.32,14.94,Kurukshetra,Haryana,50.11,50
IR-E-U-0379,Lovely Professional University,65.51,36.85,51.86,67.50,17.52,Phagwara,Punjab,49.58,51
IR-E-U-0374,"Dr. B R Ambedkar National Institute of Technology, Jalandhar",68.14,31.70,59.18,63.99,12.59,Jalandhar,Punjab,49.45,52
IR-E-U-0202,Birla Institute of Technology,66.55,34.54,56.60,50.59,26.21,Ranchi,Jharkhand,49.33,53
IR-E-U-0474,Sathyabama Institute of Science and Technology,64.87,37.36,46.78,63.38,21.93,Chennai,Tamil Nadu,48.56,54
IR-E-C-7252,Manipal Institute of Technology,67.36,33.36,49.48,62.47,19.61,Manipal,Karnataka,48.33,55
IR-E-U-0844,"Indian Institute of Technology, Tirupati",77.47,14.94,60.23,56.79,27.07,YERPEDU,Andhra Pradesh,48.16,56
IR-E-C-37013,PSG College of Technology,66.50,24.91,50.80,48.09,52.94,Coimbatore,Tamil Nadu,47.68,57
IR-E-U-0149,Sardar Vallabhbhai National Institute of Technology,56.53,38.64,65.08,49.87,10.53,Surat,Gujarat,47.61,58
IR-E-U-0389,Banasthali Vidyapith,65.21,18.25,69.77,73.13,7.00,Banasthali,Rajasthan,47.00,59
IR-E-U-0619,National Institute of Technology Meghalaya,66.65,27.90,57.70,62.99,4.63,Shillong,Meghalaya,46.67,60
IR-E-U-0564,University of Petroleum and Energy Studies,65.40,27.84,48.09,62.24,26.21,Dehradun,Uttarakhand,46.43,61
IR-E-U-0014,International Institute of Information Technology Hyderabad,49.16,38.57,63.99,51.02,21.93,Hyderabad,Telangana,46.41,62
IR-E-U-0072,"National Institute of Technology, Patna",60.96,32.77,65.77,42.70,7.00,Patna,Bihar,46.24,63
IR-E-U-0555,Graphic Era University,71.05,18.20,48.13,67.27,27.35,Dehradun,Uttarakhand,45.87,64
IR-E-U-0092,"National Institute of Technology, Raipur",55.62,34.76,61.22,56.62,7.00,Raipur,Chhattisgarh,45.71,65
IR-E-U-0197,National Institute of Technology Srinagar,63.20,19.80,64.43,65.87,11.37,Srinagar,Jammu and Kashmir,45.52,66
IR-E-C-1331,M. S. Ramaiah Institute of Technology,66.10,19.82,61.92,55.17,14.94,Bengaluru,Karnataka,45.17,67
IR-E-U-0878,Indian Institute of Technology Palakkad,70.69,12.11,60.25,63.90,16.43,Palakkad,Kerala,44.92,68
IR-E-U-0105,Indraprastha Institute of Information Technology Delhi,50.13,34.83,69.30,42.55,11.78,New Delhi,Delhi,44.79,69
IR-E-U-0284,Maulana Azad National Institute of Technology,54.91,30.47,62.30,59.06,6.54,Bhopal,Madhya Pradesh,44.63,70
IR-E-U-0297,Defence Institute of Advanced Technology,62.13,36.01,53.95,41.33,2.64,Pune,Maharashtra,44.62,71
IR-E-C-41593,"College of Engineering, Pune",62.33,17.10,65.13,51.65,23.51,Pune,Maharashtra,44.38,72
IR-E-C-36995,Sri Krishna College of Engineering and Technology,62.40,17.13,64.51,50.18,23.82,Coimbatore,Tamil Nadu,44.16,73
IR-E-U-0099,Guru Gobind Singh Indraprastha University,55.21,33.02,52.63,47.60,22.57,New Delhi,Delhi,44.02,74
IR-E-U-0749,"Manipal University, Jaipur",63.55,24.44,56.67,59.54,1.60,Jaipur,Rajasthan,43.83,75
IR-E-U-0017,Jawaharlal Nehru Technological University,65.66,27.40,44.02,53.95,6.54,Hyderabad,Telangana,42.77,76
IR-E-C-24004,AU College of Engineering (A),61.41,11.74,72.13,56.02,7.91,Visakhapatnam,Andhra Pradesh,42.76,77
IR-E-U-0267,Atal Bihari Vajpayee Indian Institute of Information Technology and Management,52.59,20.54,71.53,56.11,7.00,Gwalior,Madhya Pradesh,42.56,78
IR-E-C-6379,Netaji Subhas University of Technology (NSUT),52.77,19.49,68.51,44.45,23.20,South West,Delhi,42.14,79
IR-E-U-0493,National Institute of Technology Agartala,56.59,25.45,54.18,59.63,5.12,Agratala,Tripura,41.92,80
IR-E-U-0221,International Institute of Information Technology Bangalore,55.22,16.15,63.61,59.96,17.88,Bengaluru,Karnataka,41.91,81
IR-E-U-0286,"Pandit Dwarka Prasad Mishra Indian Institute of Information Technology, Design and Manufacturing (IIITDM) Jabalpur",45.77,28.74,66.45,59.38,2.12,Jabalpur,Madhya Pradesh,41.79,82
IR-E-C-1262,B.M.S. College of Engineering,59.49,15.53,60.73,52.29,18.23,Bengaluru,Karnataka,41.71,83
IR-E-U-0489,Vel Tech Rangarajan Dr. Sagunthala R & D Institute of Science and Technology,54.81,31.13,44.90,63.79,2.12,Chennai,Tamil Nadu,41.35,84
IR-E-C-26794,Thiagarajar College of Engineering,51.93,19.32,59.66,48.59,29.29,Madurai,Tamil Nadu,41.10,85
IR-E-C-45375,"National Institute of Food Technology, Entrepreneurship and Management - Thanjavur (NIFTEM - Thanjavur)",71.86,14.18,46.47,56.98,2.64,Thanjavur,Tamil Nadu,41.06,86
IR-E-U-0080,"Punjab Engineering College (Deemed to be University), Chandigarh",50.68,17.94,65.84,53.67,19.27,Chandigarh,Chandigarh,41.05,87
IR-E-U-0620,National Institute of Technology Goa,54.95,22.51,54.51,58.12,8.36,Ponda,Goa,40.78,88
IR-E-C-1269,R.V. College of Engineering,61.27,16.36,55.30,50.75,12.99,Bengaluru,Karnataka,40.73,89
IR-E-U-0207,"National Institute of Technology, Jamshedpur",53.43,19.09,67.16,46.77,8.36,Jamshedpur,Jharkhand,40.71,90
IR-E-C-19754,SR University,65.51,13.28,47.90,62.23,12.59,Warangal,Telangana,40.69,91
IR-E-U-0078,Panjab University,40.82,45.40,44.40,46.52,11.78,Chandigarh,Chandigarh,40.58,92
IR-E-U-0516,Indian Institute of Information Technology Allahabad,42.53,18.48,73.99,51.68,22.57,Prayagraj (Allahabad),Uttar Pradesh,40.53,93
IR-E-U-0522,Jaypee Institute of Information Technology,51.63,25.12,59.96,48.68,6.07,Noida,Uttar Pradesh,40.50,94
IR-E-C-16626,Rajalakshmi Engineering College,65.03,9.20,59.85,59.19,3.14,Chennai,Tamil Nadu,40.47,95
IR-E-U-0163,The Northcap University,64.69,14.58,54.88,51.64,4.14,Gurugram,Haryana,40.33,96
IR-E-C-1297,Siddaganga Institute of Technology,61.65,14.04,55.39,51.19,13.39,Tumkur,Karnataka,40.24,97
IR-E-C-30045,"C.V. Raman Global University, Odisha",63.65,5.33,59.35,63.98,12.19,Bhubaneswar,Odisha,40.19,98
IR-E-U-0043,"Vignan's Foundation for Science, Technology and Research",61.64,21.12,46.96,56.30,3.14,Guntur,Andhra Pradesh,40.16,99
IR-E-U-0733,PES University,56.27,14.94,63.79,51.02,9.24,Bengaluru,Karnataka,40.14,100
IR-E-U-0201,Shri Mata Vaishno Devi University,61.82,24.29,48.14,44.01,2.12,Katra,Jammu and Kashmir,40.08,101
IR-E-U-0011,Gandhi Institute of Technology and Management,51.11,21.08,63.88,49.81,5.12,Visakhapatnam,Andhra Pradesh,39.92,102
IR-E-U-0445,B. S. Abdur Rahman Crescent Institute of Science and Technology,62.27,21.20,49.00,46.66,4.14,Chennai,Tamil Nadu,39.92,102
IR-E-C-36969,Coimbatore Institute of Technology,63.02,11.43,49.68,49.28,26.21,Coimbatore,Tamil Nadu,39.83,104
IR-E-U-0169,Manav Rachna International Institute of Research & Studies,59.69,9.37,60.80,57.32,10.53,Faridabad,Haryana,39.66,105
IR-E-U-0147,Pandit Deendayal Energy University,56.46,26.12,54.25,35.49,4.63,Gandhinagar,Gujarat,39.64,106
IR-E-U-0460,Karunya Institute of Technology and Sciences,50.77,30.70,43.86,51.16,10.95,Coimbatore,Tamil Nadu,39.43,107
IR-E-U-0613,National Institute of Technology Manipur,63.58,16.86,43.79,59.74,4.63,Imphal,Manipur,39.32,108
IR-E-C-36926,Kumaraguru College of Technology,59.36,15.32,54.13,45.08,15.69,Coimbatore,Tamil Nadu,39.32,108
IR-E-C-43708,"College of Engineering, Trivandrum",60.64,12.79,54.11,52.55,11.37,Thiruvananthapuram,Kerala,39.24,110
IR-E-U-0367,Veer Surendra Sai University of Technology,54.79,27.21,47.70,46.43,3.65,Burla,Odisha,39.14,111
IR-E-U-0795,Indian Institute of Information Technology Guwahati,50.78,11.48,56.46,59.00,32.15,Guwahati,Assam,39.09,112
IR-E-C-19667,Vallurupalli Nageswara Rao Vignana Jyothi Institute of Engineering and Technology,59.74,14.47,53.54,50.56,10.11,Hyderabad,Telangana,39.04,113
IR-E-U-0155,"Amity University Haryana, Gurgaon",62.71,15.60,46.03,57.56,4.14,"Gurugram, Haryana",Haryana,38.87,114
IR-E-U-0223,"Jain University, Bangalore",53.63,22.75,47.37,58.60,3.14,Bengluru,Karnataka,38.55,115
IR-E-U-0938,Dr. Vishwanath Karad MIT World Peace University,65.58,9.67,54.35,48.12,2.64,Pune,Maharashtra,38.51,116
IR-E-C-27616,University College of Engineering,60.14,9.48,55.98,61.92,2.12,Hyderabad,Telangana,38.49,117
IR-E-C-37065,Kongu Engineering College,58.83,14.45,51.81,43.29,16.43,Perundurai,Tamil Nadu,38.31,118
IR-E-C-33641,"Veermata Jijabai Technological Institute (VJTI, Mumbai)",50.22,13.68,63.97,54.46,8.80,Mumbai,Maharashtra,38.29,119
IR-E-U-0507,Dayalbagh Educational Institute,62.73,9.86,52.88,49.82,9.24,Agra,Uttar Pradesh,38.26,120
IR-E-C-1371,New Horizon College of Engineering,56.94,6.53,64.91,56.49,5.12,Bengaluru,Karnataka,38.18,121
IR-E-C-37064,Sri Krishna College of Technology,54.89,12.92,61.72,46.61,7.91,Coimbatore,Tamil Nadu,38.14,122
IR-E-U-0056,Tezpur University,50.32,30.70,44.63,40.88,7.91,Tezpur,Assam,38.12,123
IR-E-C-50605,PSG Institute of Technology and Applied Research,61.19,6.18,54.07,49.89,20.29,Coimbatore,Tamil Nadu,38.04,124
IR-E-U-0146,Nirma University,53.06,18.60,57.81,45.37,4.14,Ahmedabad,Gujarat,38.01,125
IR-E-U-0190,Shoolini University of Biotechnology and Management Sciences,49.12,27.77,45.77,52.78,5.12,Solan,Himachal Pradesh,38.01,125
IR-E-S-8898,"National Institute of Food Technology, Enterprenurship & Management",58.14,8.73,57.14,63.08,1.60,Sonipat,Haryana,37.96,127
IR-E-U-0189,"National Institute of Technology, Hamirpur",47.42,23.84,57.26,45.22,5.60,Hamirpur,Himachal Pradesh,37.91,128
IR-E-U-0015,Jawaharlal Nehru Technological University,57.01,19.32,47.56,50.19,3.65,Kakinada,Andhra Pradesh,37.79,129
IR-E-C-27058,Mepco Schlenk Engineering College,51.13,18.85,51.25,50.23,15.32,Sivakasi,Tamil Nadu,37.79,129
IR-E-C-35417,Bharati Vidyapeeth Deemed University College of Engineering,57.32,3.15,61.88,67.14,5.12,Pune,Maharashtra,37.75,131
IR-E-U-0616,National Institute of Technology Uttarakhand,61.05,18.92,44.20,45.53,3.65,Srinagar (Garhwal),Uttarakhand,37.75,131
IR-E-U-0388,"Amity University, Jaipur",51.65,16.15,58.35,54.38,2.12,Jaipur,Rajasthan,37.65,133
IR-E-U-0130,Dhirubhai Ambani Institute of Information and Communication Technology,48.60,10.64,71.81,48.99,6.07,Gandhinagar,Gujarat,37.64,134
IR-E-N-10,SVKM`s Narsee Monjee Institute of Management Studies,56.79,12.46,55.01,56.41,1.60,Mumbai,Maharashtra,37.58,135
IR-E-U-0621,National Institute of Technology Puducherry,52.40,10.61,52.52,71.66,9.24,Karaikal,Pondicherry,37.49,136
IR-E-C-1345,"P E S College of Engineering, Mandya",60.32,1.47,65.45,57.73,0.00,Mandya,Karnataka,37.40,137
IR-E-U-0186,Jaypee University of Information Technology,44.77,25.87,57.18,44.52,3.14,Solan,Himachal Pradesh,37.39,138
IR-E-C-10342,Chandigarh Engineering College,64.49,6.87,43.96,71.25,0.54,Sahibzada Ajit Singh Nagar,Punjab,37.37,139
IR-E-C-19747,Anurag University,61.17,4.04,53.57,60.93,9.68,Hyderabad,Telangana,37.33,140
IR-E-C-18010,Velagapudi Ramakrishna Siddhartha Engineering College,57.86,14.83,49.24,52.30,4.14,Vijayawada,Andhra Pradesh,37.30,141
IR-E-I-1015,Vishwakarma Institute of Technology,58.11,7.27,59.81,50.60,6.54,Pune,Maharashtra,37.28,142
IR-E-U-0175,"J. C. Bose University of Science and Technology, YMCA",57.53,10.44,57.83,50.54,2.64,Faridabad,Haryana,37.27,143
IR-E-U-0373,Chitkara University,48.74,16.20,50.82,58.14,17.88,Rajpura,Punjab,37.24,144
IR-E-I-1093,Noida Institute of Engineering & Technology,56.66,3.19,58.51,52.16,23.20,Greater Noida,Uttar Pradesh,37.20,145
IR-E-C-18886,Shri Ramdeobaba College of Engineering and Management,56.99,9.32,57.59,50.90,5.12,Nagpur,Maharashtra,37.02,146
IR-E-U-0643,Galgotias University,52.91,16.04,49.00,55.26,8.80,Gautam Budh Nagar,Uttar Pradesh,36.89,147
IR-E-C-19534,Goka Raju Ranga Raju Institute of Engineering & Technology,54.04,12.60,57.10,50.18,3.65,Hyderabad,Telangana,36.79,148
IR-E-U-0143,Maharaja Sayajirao University of Baroda,54.72,14.21,53.70,47.61,6.07,Vadodara,Gujarat,36.78,149
IR-E-C-6581,Pondicherry Engineering College,46.38,15.51,59.49,54.20,8.80,Puducherry,Pondicherry,36.77,150
IR-E-C-43264,"National Institute of Advanced Manufacturing Technology, Ranchi",67.53,4.93,49.21,49.31,2.64,Ranchi,Jharkhand,36.77,150
IR-E-U-0454,Hindustan Institute of Technology and Science (HITS),50.08,26.27,42.12,48.27,5.60,Chennai,Tamil Nadu,36.71,152
IR-E-U-0604,"Amity University, Gwalior",60.11,6.80,58.15,46.78,1.08,Gwalior,Madhya Pradesh,36.49,153
IR-E-C-16614,R.M.K. Engineering College,57.45,7.99,56.48,52.18,3.14,Thiruvallur,Tamil Nadu,36.46,154
IR-E-U-1119,Mahindra University,57.63,4.89,63.89,49.22,0.00,Hyderabad,Telangana,36.46,154
IR-E-I-1441,Saveetha Institute of Medical and Technical Sciences,45.55,30.02,35.89,64.76,1.08,Chennai,Tamil Nadu,36.44,156
IR-E-C-16547,Sri Sairam Engineering College,58.22,13.81,45.94,51.02,5.12,Kancheepuram,Tamil Nadu,36.41,157
IR-E-C-1412,JSS Science and Technology University,54.77,6.55,58.03,51.84,11.78,Mysuru,Karnataka,36.36,158
IR-E-U-0491,Vels Institute of Science Technology & Advanced Studies (VISTAS) -Chennai,51.96,23.56,47.23,41.85,0.54,Chennai,Tamil Nadu,36.35,159
IR-E-C-36975,Government College of Technology,47.78,10.04,58.06,49.82,22.89,Coimbatore,Tamil Nadu,36.22,160
IR-E-C-30153,"Silicon Institute of Technology (SIT), Bhubaneswar",58.97,3.51,55.86,62.33,0.54,Bhubaneswar,Odisha,36.19,161
IR-E-C-19650,Vardhaman College of Engineering,51.89,9.32,54.59,48.00,20.62,Rangareddy,Telangana,36.15,162
IR-E-C-18817,"G. H. Raisoni College of Engineering, Nagpur",57.48,10.43,48.65,54.56,5.60,Nagpur,Maharashtra,36.12,163
IR-E-U-0541,Sharda University,57.75,17.36,37.43,55.58,5.12,Greater Noida,Uttar Pradesh,36.10,164
IR-E-C-26929,Sree Vidyanikethan Engineering College,53.62,9.36,50.86,50.83,19.27,Tirupati,Andhra Pradesh,36.08,165
IR-E-C-25622,Chaitanya Bharathi Institute of Technology,57.49,3.07,56.90,51.94,10.95,Hyderabad,Telangana,35.84,166
IR-E-C-33773,Bharatiya Vidya Bhavan`s Sardar Patel Institute of Technology,46.53,13.10,63.92,46.41,3.14,Mumbai,Maharashtra,35.62,167
IR-E-I-1356,Rabindranath Tagore University,61.90,2.01,51.24,61.99,0.00,Raisen,Madhya Pradesh,35.62,167
IR-E-C-27089,National Engineering College,55.52,12.09,51.33,47.70,2.64,Kovilpatti,Tamil Nadu,35.58,169
IR-E-C-19607,CVR College of Engineering,61.18,4.72,50.85,53.99,1.60,Ibrahimpatan,Telangana,35.51,170
IR-E-U-0615,National Institute of Technology Arunachal Pradesh,55.97,15.27,40.90,54.84,4.63,Itanagar,Arunachal Pradesh,35.49,171
IR-E-C-42054,Army Institute of Technology,51.14,2.36,64.88,57.86,5.60,Pune,Maharashtra,35.38,172
IR-E-U-0614,National Institute of Technology Sikkim,64.25,10.26,40.27,47.61,1.60,South Sikkim,Sikkim,35.33,173
IR-E-C-37028,Sona College of Technology,57.00,8.00,52.71,48.44,4.14,Salem,Tamil Nadu,35.29,174
IR-E-C-1400,NMAM Institute of Technology,55.31,11.41,50.35,48.78,3.14,"Nitte, Udupi",Karnataka,35.27,175
IR-E-C-16576,Chennai Institute of Technology,55.23,9.20,47.13,56.71,8.36,Chennai,Tamil Nadu,35.27,175
IR-E-U-0685,Indira Gandhi Delhi Technical University for Women,39.40,11.03,67.25,50.13,16.43,Delhi,Delhi,35.23,177
IR-E-U-0384,Sant Longowal Institute of Engineering & Technology,57.44,18.52,30.12,60.83,3.14,Longowal,Punjab,35.20,178
IR-E-U-0774,DIT University,50.99,9.60,54.93,56.61,3.14,Dehradun,Uttarakhand,35.14,179
IR-E-C-1406,C M R Institute of Technology,57.33,8.29,49.80,52.00,2.64,Bengaluru,Karnataka,35.11,180
IR-E-C-16560,Easwari Engineering College,52.80,7.21,57.95,51.24,3.65,Chennai,Tamil Nadu,35.07,181
IR-E-U-0535,Rajiv Gandhi Institute of Petroleum Technology,58.81,7.04,54.21,43.96,0.00,Amethi,Uttar Pradesh,34.99,182
IR-E-C-1352,Nitte Meenakshi Institute of Technology,56.55,7.70,50.82,53.80,1.60,Bengaluru,Karnataka,34.97,183
IR-E-U-0455,"Indian Institute of Information Technology, Design & Manufacturing, Kancheepuram",36.37,13.15,62.59,51.36,24.12,Chennai,Tamil Nadu,34.93,184
IR-E-C-18254,Yeshwantrao Chavan College of Engineering,52.41,8.76,57.06,50.73,0.54,Nagpur,Maharashtra,34.88,185
IR-E-U-0513,G. L. A. University,55.51,19.67,37.60,45.63,1.08,Mathura,Uttar Pradesh,34.74,186
IR-E-C-46111,KIET Group of Institutions,53.34,9.39,55.11,46.29,2.64,Ghaziabad,Uttar Pradesh,34.73,187
IR-E-C-17958,GMR Institute of Technology,57.15,15.27,42.91,41.85,2.12,Rajam,Andhra Pradesh,34.71,188
IR-E-U-0217,Christ University,45.89,19.21,41.38,52.22,16.07,Bengaluru,Karnataka,34.64,189
IR-E-U-0765,Institute of Infrastructure Technology Research and Management (IITRAM),54.88,20.07,40.44,37.21,1.08,Ahmedabad,Gujarat,34.41,190
IR-E-U-0168,Maharishi Markandeshwar,59.42,14.51,34.92,49.50,2.64,Ambala,Haryana,34.37,191
IR-E-N-13,Galgotias College of Engineering & Technology,54.75,6.98,51.54,48.41,6.07,Greater Noida,Uttar Pradesh,34.29,192
IR-E-C-42227,Dr. D. Y. Patil Institute of Technology,53.48,1.50,59.70,51.98,4.63,Pune,Maharashtra,34.10,193
IR-E-U-0622,National Institute of Technology Delhi,41.60,22.60,44.71,42.73,14.94,Delhi,Delhi,33.96,194
IR-E-C-46239,G. L. Bajaj Institute of Technology and Management,54.49,10.21,47.98,47.79,1.60,Greater Noida,Uttar Pradesh,33.95,195
IR-E-U-0854,KLE Technological University,51.27,10.37,50.84,48.30,4.14,Dharwad,Karnataka,33.90,196
IR-E-C-33777,Shri Vile Parle Kelavani Mandal`s Dwarkadas J. Sanghvi College of Engineering,53.37,6.11,58.32,42.72,1.08,Mumbai Suburban,Maharashtra,33.88,197
IR-E-C-16504,Sri Venkateswara College of Engineering and Technology,51.15,1.54,59.07,58.37,3.14,Chittoor,Andhra Pradesh,33.77,198
IR-E-C-1336,BMS Institute of Technology & Management,46.40,4.77,56.46,54.39,16.80,Bengaluru,Karnataka,33.76,199
IR-E-C-19582,Vidya Jyothi Institute of Technology,57.93,2.81,46.59,55.46,6.07,Hyderabad,Telangana,33.70,200
IR-M-S-8890,Indian Institute of Management Ahmedabad,92.76,63.22,99.39,68.13,98.62,Ahmedabad,Gujarat,83.35,1
IR-M-S-8903,Indian Institute of Management Bangalore,91.69,60.89,98.53,71.34,100.00,Bengaluru,Karnataka,82.62,2
IR-M-S-8972,Indian Institute of Management Calcutta,86.01,54.88,98.51,72.08,94.74,Kolkata,West Bengal,78.64,3
IR-M-I-1074,"Indian Institute of Technology, Delhi",69.96,77.04,89.39,73.73,57.48,New Delhi,Delhi,75.10,4
IR-M-S-8909,Indian Institute of Management Kozhikode,85.61,49.63,95.05,78.15,73.46,Kozhikode,Kerala,74.74,5
IR-M-S-8959,Indian Institute of Management Lucknow,86.53,46.89,96.27,74.03,78.67,Lucknow,Uttar Pradesh,74.55,6
IR-M-S-8918,Indian Institute of Management Indore,83.17,47.99,93.92,68.36,56.88,Indore,Madhya Pradesh,70.66,7
IR-M-S-132,XLRI - Xavier School of Management,87.79,39.12,97.93,69.67,50.34,Jamshedpur,Jharkhand,69.67,8
IR-M-S-8931,"National Institute of Industrial Engineering, Mumbai",79.62,55.13,95.83,71.72,20.70,Mumbai,Maharashtra,68.84,9
IR-M-U-0456,Indian Institute of Technology Madras,69.55,58.27,82.90,64.38,52.41,Chennai,Tamil Nadu,66.60,10
IR-M-U-0306,"Indian Institute of Technology, Bombay",80.97,50.37,85.72,58.02,39.04,Mumbai,Maharashtra,66.24,11
IR-M-U-0573,"Indian Institute of Technology, Kharagpur",50.57,73.52,91.68,53.22,42.59,Kharagpur,West Bengal,65.15,12
IR-M-I-1170,Management Development Institute,77.88,42.29,96.71,68.32,24.81,Gurugram,Haryana,64.70,13
IR-M-S-8868,Indian Institute of Management Raipur,80.88,38.95,91.11,73.82,20.22,Raipur,Chhattisgarh,63.57,14
IR-M-S-8904,Indian Institute of Management Ranchi,76.64,34.10,91.04,75.20,33.77,Ranchi,Jharkhand,62.33,15
IR-M-S-8895,Indian Institute of Management Rohtak,76.74,35.54,88.43,77.80,30.49,Rohtak,Haryana,62.20,16
IR-M-C-19343,Symbiosis Institute of Business Management,78.05,28.52,94.58,67.64,43.16,Pune,Maharashtra,61.97,17
IR-M-S-8948,Indian Institute of Management Tiruchirappalli,76.30,28.54,85.60,67.55,65.58,Tiruchirappalli,Tamil Nadu,61.88,18
IR-M-U-0560,"Indian Institute of Technology, Roorkee",65.22,70.61,66.59,54.34,22.58,Roorkee,Uttarakhand,61.76,19
IR-M-I-1075,Indian Institute of Technology Kanpur,69.81,50.93,81.41,56.86,30.11,Kanpur,Uttar Pradesh,61.20,20
IR-M-I-1044,S. P. Jain Institute of Management & Research,77.49,23.24,98.87,71.25,23.93,Mumbai,Maharashtra,59.51,21
IR-M-S-8942,Indian Institute of Management Udaipur,78.24,30.05,85.55,69.88,26.93,Udaipur,Rajasthan,59.28,22
IR-M-S-8967,Indian Institute of Management Kashipur,75.28,28.25,87.84,71.69,32.71,Kashipur,Uttarakhand,59.06,23
IR-M-U-0102,Indian Institute of Foreign Trade,78.28,24.25,86.90,52.96,48.66,New Delhi,Delhi,58.31,24
IR-M-N-10,SVKM`s Narsee Monjee Institute of Management Studies,78.84,23.98,91.83,69.57,19.73,Mumbai,Maharashtra,58.14,25
IR-M-S-8937,Indian Institute of Management Shillong,73.16,20.48,93.59,74.75,35.49,Shillong,Meghalaya,57.84,26
IR-M-U-0436,Amrita Vishwa Vidyapeetham,65.41,43.23,74.78,68.05,34.81,Coimbatore,Tamil Nadu,57.83,27
IR-M-U-0497,Amity University,72.44,49.91,63.31,65.06,15.60,Gautam Budh Nagar,Uttar Pradesh,57.43,28
IR-M-U-0108,"Jamia Millia Islamia, New Delhi",65.89,39.53,77.78,81.46,11.02,New Delhi,Delhi,56.44,29
IR-M-I-1064,International Management Institute,67.30,29.82,88.09,67.89,14.50,New Delhi,Delhi,55.00,30
IR-M-N-16,Great Lakes Institute of Management,78.08,18.82,84.12,64.42,25.67,Chennai,Tamil Nadu,54.90,31
IR-M-U-0012,"ICFAI Foundation for Higher Education, Hyderabad",73.84,28.87,75.89,75.02,13.94,Hyderabad,Telangana,54.88,32
IR-M-U-1007,Indian Institute of Management Visakhapatnam,77.75,10.24,86.10,71.30,36.16,Visakhapatnam,Andhra Pradesh,54.36,33
IR-M-U-0379,Lovely Professional University,74.15,36.77,62.24,73.02,12.80,Phagwara,Punjab,54.30,34
IR-M-U-0715,XIM University,71.90,21.12,91.82,56.81,21.65,Bhubaneswar,Odisha,54.10,35
IR-M-S-87,GOA Institute of Management,75.03,16.95,84.93,72.76,17.20,Sanquelim,Goa,53.58,36
IR-M-U-1004,Indian Institute of Management Jammu (IIMJ),76.15,10.31,84.46,72.67,34.81,Jammu,Jammu and Kashmir,53.58,36
IR-M-S-156,T. A. Pai Management Institute Manipal,68.36,25.56,83.78,67.63,18.74,Manipal,Karnataka,53.57,38
IR-M-U-0467,"National Institute of Technology, Tiruchirappalli",61.03,37.91,74.00,64.11,26.52,Tiruchirappalli,Tamil Nadu,53.54,39
IR-M-U-0747,Chandigarh University,75.92,17.17,67.01,83.16,35.83,Mohali,Punjab,53.23,40
IR-M-U-0564,University of Petroleum and Energy Studies,72.00,30.83,62.06,66.52,33.07,Dehradun,Uttarakhand,53.22,41
IR-M-S-14875,MICA,71.45,21.22,87.57,68.88,6.55,Ahmedabad,Gujarat,52.86,42
IR-M-S-15962,Indian Institute of Management,74.08,9.77,87.44,64.85,37.14,Nagpur,Maharashtra,52.84,43
IR-M-S-394,"Institute of Management Technology, Ghaziabad",69.14,26.98,80.16,59.25,13.37,Ghaziabad,Uttar Pradesh,52.12,44
IR-M-U-0146,Nirma University,74.13,21.99,80.30,65.06,5.87,Ahmedabad,Gujarat,52.00,45
IR-M-U-0205,Indian Institute of Technology (Indian School of Mines),73.58,41.22,51.41,50.97,16.67,Dhanbad,Jharkhand,51.49,46
IR-M-U-0020,Koneru Lakshmaiah Education Foundation University (K L College of Engineering),67.37,44.86,48.77,65.67,12.80,Vaddeswaram,Andhra Pradesh,51.27,47
IR-M-U-0356,Kalinga Institute of Industrial Technology,78.76,24.75,53.91,76.98,13.37,Bhubaneswar,Odisha,50.88,48
IR-M-U-0439,Anna University,49.68,49.29,56.27,49.37,48.41,Chennai,Tamil Nadu,50.72,49
IR-M-U-0500,Banaras Hindu University,65.60,25.26,79.15,54.75,20.70,Varanasi,Uttar Pradesh,50.64,50
IR-M-S-3283,Jaipuria Institute of Management,67.48,18.40,79.33,66.56,21.18,Noida,Uttar Pradesh,50.41,51
IR-M-S-17295,"Great Lakes Institute of Management,Gurgaon",74.94,15.05,76.56,77.50,3.04,Gurgaon,Haryana,50.35,52
IR-M-I-1480,Thapar Institute of Engineering and Technology,66.80,39.55,51.24,69.78,9.79,Patiala,Punjab,50.11,53
IR-M-U-0735,BML Munjal University,69.19,21.98,75.97,68.96,4.48,Gurgaon,Haryana,49.90,54
IR-M-S-16881,"Indian Institute of Management, Amritsar",58.92,14.47,87.50,71.63,31.98,Amritsar,Punjab,49.88,55
IR-M-S-354,Birla Institute of Management Technology,68.42,16.35,82.66,65.32,12.21,Greater Noida,Uttar Pradesh,49.72,56
IR-M-U-0496,Aligarh Muslim University,60.37,40.20,64.53,50.11,16.14,Aligarh,Uttar Pradesh,49.70,57
IR-M-S-92,Institute of Rural Management Anand,65.67,16.65,82.50,65.11,19.73,Anand,Gujarat,49.67,58
IR-M-I-1408,"Intenational Management Institute, Kolkata",66.25,23.10,79.94,58.37,3.77,Kolkata,West Bengal,49.01,59
IR-M-I-1066,Fore School of Management,65.83,8.40,88.95,68.53,20.22,New Delhi,Delhi,48.93,60
IR-M-I-1238,Krea University,75.37,4.84,85.33,74.97,3.04,"Sri City, Chittoor",Andhra Pradesh,48.93,60
IR-M-U-0099,Guru Gobind Singh Indraprastha University,58.88,28.80,71.99,50.00,28.55,New Delhi,Delhi,48.56,62
IR-M-C-37013,PSG College of Technology,59.08,16.72,78.18,50.40,46.65,Coimbatore,Tamil Nadu,48.08,63
IR-M-U-0267,Atal Bihari Vajpayee Indian Institute of Information Technology and Management,72.44,24.91,59.40,53.69,12.80,Gwalior,Madhya Pradesh,47.73,64
IR-M-U-0555,Graphic Era University,62.88,23.20,58.28,74.83,23.48,Dehradun,Uttarakhand,47.31,65
IR-M-S-6,Indian Institute of Management Sambalpur,56.84,13.00,84.26,70.52,22.58,Sambalpur,Odisha,47.11,66
IR-M-U-0078,Panjab University,56.32,29.47,66.45,60.45,18.23,Chandigarh,Chandigarh,46.89,67
IR-M-C-34129,Principal L N Welingkar Institute of Management Development and Research,70.79,7.55,80.38,60.66,11.02,Mumbai,Maharashtra,46.76,68
IR-M-S-15911,Indian Institute of Management Sirmaur,57.69,10.93,83.05,68.67,23.93,Sirmaur,Himachal Pradesh,46.46,69
IR-M-I-1124,"International Management Institute, Bhubaneswar",67.94,10.92,73.83,71.29,8.52,Bhubaneswar,Odisha,46.41,70
IR-M-S-220,K.J.Somaiya Institute of Management,65.95,11.91,79.54,60.64,9.79,Mumbai,Maharashtra,46.31,71
IR-M-U-0217,Christ University,59.66,15.23,67.61,67.19,35.83,Bengaluru,Karnataka,46.29,72
IR-M-U-1006,Indian Institute of Management Bodh Gaya,58.92,4.48,86.15,71.33,24.37,Gaya,Bihar,45.82,73
IR-M-S-164,Rajagiri Business School,65.04,17.54,69.32,56.52,15.06,Cochin,Kerala,45.79,74
IR-M-I-1132,Institute of Management Technology,59.69,12.17,78.00,64.57,15.60,Hyderabad,Telangana,45.18,75
IR-M-U-0249,Visvesvaraya Technological University,72.91,17.37,57.53,60.39,5.18,Belgaum,Karnataka,45.15,76
IR-M-I-1441,Saveetha Institute of Medical and Technical Sciences,63.47,19.31,66.51,69.98,0.00,Chennai,Tamil Nadu,45.13,77
IR-M-U-0202,Birla Institute of Technology,61.22,22.80,60.02,58.98,17.72,Ranchi,Jharkhand,44.88,78
IR-M-S-419,"Jaipuria Institute of Management, Lucknow",63.88,5.21,80.34,58.27,22.58,Lucknow,Uttar Pradesh,44.88,78
IR-M-U-0373,Chitkara University,67.04,20.07,55.07,70.85,5.18,Rajpura,Punjab,44.74,80
IR-M-S-309,Jaipuria Institute of Management,67.55,8.26,74.33,56.20,14.50,Jaipur,Rajasthan,44.69,81
IR-M-C-32855,Jagan Institute of Management Studies,61.33,7.25,81.13,71.56,5.18,Delhi,Delhi,44.49,82
IR-M-N-4,Bharathidasan Institute of Management,63.47,2.55,81.02,38.19,46.39,Tiruchirappalli,Tamil Nadu,44.47,83
IR-M-U-0263,"National Institute of Technology, Calicut",61.94,20.83,63.60,52.42,15.06,Kozhikode,Kerala,44.30,84
IR-M-U-0749,"Manipal University, Jaipur",63.78,23.06,57.75,63.20,1.55,Jaipur,Rajasthan,44.07,85
IR-M-S-331,Loyola Institute of Business Administration,59.95,5.16,75.43,61.70,32.35,Chennai,Tamil Nadu,44.02,86
IR-M-U-0498,Babasheb Bhimrao Ambedkar University,63.57,5.22,75.88,81.46,0.00,Lucknow,Uttar Pradesh,43.97,87
IR-M-U-0507,Dayalbagh Educational Institute,67.78,11.75,66.89,57.32,9.79,Agra,Uttar Pradesh,43.95,88
IR-M-U-0147,Pandit Deendayal Energy University,60.07,24.39,70.39,42.04,1.55,Gandhinagar,Gujarat,43.77,89
IR-M-U-0851,IIHMR University,65.31,6.05,73.50,74.31,1.55,Jaipur,Rajasthan,43.68,90
IR-M-I-1144,Pune Institute of Business Management,65.45,10.59,69.38,68.49,0.78,Pune,Maharashtra,43.63,91
IR-M-U-0155,"Amity University Haryana, Gurgaon",64.45,16.71,57.71,62.05,5.87,"Gurugram, Haryana",Haryana,42.68,92
IR-M-U-0643,Galgotias University,63.44,8.90,66.28,75.85,0.78,Gautam Budh Nagar,Uttar Pradesh,42.63,93
IR-M-U-0042,University of Hyderabad,48.60,24.12,68.15,59.53,12.21,Hyderabad,Telangana,42.62,94
IR-M-I-1048,"Institute of Management Technology, Nagpur",63.02,9.45,77.11,52.10,2.30,Nagpur,Maharashtra,42.61,95
IR-M-U-0223,"Jain University, Bangalore",66.91,6.70,66.75,61.26,9.16,Bengluru,Karnataka,42.48,96
IR-M-C-36557,Thiagarajar School of Management,52.96,14.83,76.03,47.15,22.12,Madurai,Tamil Nadu,42.48,96
IR-M-U-0213,Alliance University,71.79,7.92,49.90,72.37,10.41,Bengaluru,Karnataka,42.18,98
IR-M-U-0136,Gujarat University,64.64,12.76,71.37,41.48,3.04,Ahmedabad,Gujarat,41.94,99
IR-M-U-0107,Jamia Hamdard,62.03,12.60,63.48,58.35,5.18,New Delhi,Delhi,41.44,100
IR-M-U-0195,University of Jammu,61.48,25.90,55.54,40.33,0.78,Jammu,Jammu and Kashmir,41.44,100
IR-O-U-0456,Indian Institute of Technology Madras,85.61,92.51,86.32,63.57,97.13,Chennai,Tamil Nadu,86.76,1
IR-O-U-0220,Indian Institute of Science,79.13,91.48,78.23,58.39,100.00,Bengaluru,Karnataka,82.67,2
IR-O-U-0306,Indian Institute of Technology Bombay,83.52,87.81,80.86,57.48,91.96,Mumbai,Maharashtra,82.52,3
IR-O-I-1074,Indian Institute of Technology Delhi,84.02,84.46,75.07,67.97,93.89,New Delhi,Delhi,81.75,4
IR-O-I-1075,Indian Institute of Technology Kanpur,80.50,75.23,80.74,56.97,79.30,Kanpur,Uttar Pradesh,76.50,5
IR-O-U-0573,Indian Institute of Technology Kharagpur,74.25,76.23,83.23,55.35,82.92,Kharagpur,West Bengal,75.62,6
IR-O-U-0560,Indian Institute of Technology Roorkee,76.68,68.37,83.16,65.31,47.28,Roorkee,Uttarakhand,71.40,7
IR-O-U-0053,Indian Institute of Technology Guwahati,73.75,66.25,81.26,62.95,47.04,Guwahati,Assam,69.26,8
IR-O-U-0109,Jawaharlal Nehru University,71.19,44.96,95.07,73.36,54.12,New Delhi,Delhi,66.61,9
IR-O-U-0500,Banaras Hindu University,64.50,45.00,100.00,53.13,49.38,Varanasi,Uttar Pradesh,63.10,10
IR-O-U-0570,Calcutta University,66.20,43.92,91.72,60.98,39.68,Kolkata,West Bengal,61.45,11
IR-O-U-0436,Amrita Vishwa Vidyapeetham,64.23,54.33,71.35,65.54,34.80,Coimbatore,Tamil Nadu,59.87,12
IR-O-U-0108,Jamia Millia Islamia,66.44,43.43,86.67,72.35,20.25,New Delhi,Delhi,59.54,13
IR-O-U-0575,Jadavpur University,51.70,51.72,87.77,50.16,53.30,Kolkata,West Bengal,58.93,14
IR-O-U-0234,Manipal Academy of Higher Education,67.68,48.17,76.05,65.25,24.18,Manipal,Karnataka,58.91,15
IR-O-U-0013,Indian Institute of Technology Hyderabad,61.40,52.64,67.51,58.59,49.61,Hyderabad,Telangana,58.53,16
IR-O-U-0042,University of Hyderabad,69.59,40.74,77.44,58.72,32.13,Hyderabad,Telangana,57.67,17
IR-O-U-0496,Aligarh Muslim University,69.06,40.86,80.06,56.93,27.00,Aligarh,Uttar Pradesh,57.38,18
IR-O-U-0120,University of Delhi,42.65,54.23,82.66,59.60,44.81,Delhi,Delhi,56.03,19
IR-O-U-0323,Savitribai Phule Pune University,62.95,42.77,86.96,50.92,16.41,Pune,Maharashtra,55.83,20
IR-O-U-0490,Vellore Institute of Technology,48.43,56.83,69.94,59.38,38.80,Vellore,Tamil Nadu,55.39,21
IR-O-U-0447,Bharathiar University,61.79,47.45,74.17,53.21,24.60,Coimbatore,Tamil Nadu,55.38,22
IR-O-U-0467,National Institute of Technology Tiruchirappalli,52.39,44.58,71.79,63.34,51.82,Tiruchirappalli,Tamil Nadu,54.97,23
IR-O-U-0305,Indian Institute of Science Education & Research Pune,67.24,45.58,59.31,58.75,28.91,Pune,Maharashtra,54.47,24
IR-O-U-0439,Anna University,51.91,43.09,73.11,51.35,61.72,Chennai,Tamil Nadu,54.42,25
IR-O-U-0205,Indian Institute of Technology (Indian School of Mines),48.18,56.64,71.16,55.15,27.00,Dhanbad,Jharkhand,53.88,26
IR-O-U-0308,Institute of Chemical Technology,50.05,55.82,75.96,46.07,22.04,Mumbai,Maharashtra,53.76,27
IR-O-U-0701,Indian Institute of Technology (Banaras Hindu University) Varanasi,55.87,47.41,69.88,56.69,31.08,Varanasi,Uttar Pradesh,53.74,28
IR-O-U-0391,Birla Institute of Technology & Science -Pilani,55.81,43.13,72.05,59.50,32.81,Pilani,Rajasthan,53.32,29
IR-O-U-0273,Indian Institute of Technology Indore,57.51,49.25,69.71,56.59,15.91,Indore,Madhya Pradesh,53.22,30
IR-O-U-0378,Indian Institute of Technology Ropar,72.76,32.92,62.05,63.88,23.76,Rupnagar,Punjab,52.89,31
IR-O-U-0237,National Institute of Technology Karnataka,53.81,41.74,73.32,65.58,30.01,Surathkal,Karnataka,52.88,32
IR-O-U-0139,Indian Institute of Technology Gandhinagar,71.26,37.15,57.21,64.21,23.76,Gandhinagar,Gujarat,52.77,33
IR-O-U-0235,Mysore University,68.77,18.79,90.54,54.24,6.85,Mysuru,Karnataka,50.49,34
IR-O-U-0572,Indian Institute of Science Education & Research Kolkata,59.67,38.82,66.26,53.53,23.34,Mohanpur,West Bengal,50.48,35
IR-O-U-0304,Homi Bhabha National Institute,68.64,36.45,65.98,50.79,6.22,Mumbai,Maharashtra,50.42,36
IR-O-U-0363,Siksha `O` Anusandhan,63.89,29.92,71.34,65.89,13.28,Bhubaneswar,Odisha,50.34,37
IR-O-U-0078,Panjab University,48.88,40.86,71.57,53.49,37.31,Chandigarh,Chandigarh,50.31,38
IR-O-U-0356,Kalinga Institute of Industrial Technology,62.40,27.78,70.00,78.43,11.06,Bhubaneswar,Odisha,50.00,39
IR-O-U-0377,"Indian Institute of Science Education & Research, Mohali",62.43,31.86,59.58,71.65,22.04,Mohali,Punjab,49.58,40
IR-O-U-0357,National Institute of Technology Rourkela,49.19,48.29,65.32,51.66,17.89,Rourkela,Odisha,49.27,41
IR-O-U-0476,Shanmugha Arts Science Technology & Research Academy,58.58,38.28,66.30,57.78,10.48,Thanjavur,Tamil Nadu,49.15,42
IR-O-U-0497,Amity University,48.98,43.27,67.55,64.66,12.18,Gautam Budh Nagar,Uttar Pradesh,48.87,43
IR-O-U-0260,Kerala University,64.77,19.93,89.11,51.53,4.91,Thiruvananthapuram,Kerala,48.87,43
IR-O-I-1480,Thapar Institute of Engineering and Technology,50.44,42.26,67.30,56.35,19.32,Patiala,Punjab,48.83,45
IR-O-U-0584,Indian Institute of Engineering Science and Technology,51.58,38.99,68.65,50.22,27.77,Shibpur,West Bengal,48.70,46
IR-O-I-1357,University of Madras,61.35,31.82,66.43,53.88,20.25,Chennai,Tamil Nadu,48.66,47
IR-O-U-0006,"Andhra University, Visakhapatnam",55.04,25.59,85.84,54.46,18.37,Visakhapatnam,Andhra Pradesh,48.65,48
IR-O-I-1441,Saveetha Institute of Medical and Technical Sciences,61.78,34.28,64.91,65.99,2.18,Chennai,Tamil Nadu,48.63,49
IR-O-U-0272,Indian Institute of Science Education & Research Bhopal,63.78,30.90,63.49,66.63,8.10,Bhopal,Madhya Pradesh,48.57,50
IR-O-U-0064,Indian Institute of Technology Patna,60.04,37.02,57.60,53.94,16.41,Patna,Bihar,47.67,51
IR-O-U-0262,Mahatma Gandhi University,59.27,34.73,68.77,52.55,4.24,Kottayam,Kerala,47.62,52
IR-O-U-0473,S.R.M. Institute of Science and Technology,49.93,39.07,68.47,58.60,10.48,Chennai,Tamil Nadu,47.30,53
IR-O-U-0334,Visvesvaraya National Institute of Technology,49.85,37.31,68.93,55.11,15.39,Nagpur,Maharashtra,46.98,54
IR-O-U-0098,Delhi Technological University,54.52,29.82,65.95,59.25,25.82,New Delhi,Delhi,46.98,54
IR-O-U-0222,JSS Academy of Higher Education and Research,63.04,19.39,66.70,70.04,18.85,Mysuru,Karnataka,46.95,56
IR-O-U-0435,Alagappa University,58.71,27.32,67.45,51.68,23.34,Karaikudi,Tamil Nadu,46.79,57
IR-O-U-0355,Indian Institute of Technology Bhubaneswar,51.73,37.83,62.64,55.02,18.85,Bhubaneswar,Odisha,46.78,58
IR-O-U-0025,National Institute of Technology Warangal,50.61,31.04,70.32,56.38,25.01,Warangal,Telangana,46.69,59
IR-O-U-0523,King George`s Medical University,64.39,27.23,62.97,57.57,8.10,Lucknow,Uttar Pradesh,46.65,60
IR-O-U-0474,Sathyabama Institute of Science and Technology,54.06,34.00,64.82,64.68,7.48,Chennai,Tamil Nadu,46.60,61
IR-O-U-0027,Osmania University,52.04,28.16,79.86,51.62,13.82,Hyderabad,Telangana,46.57,62
IR-O-U-0136,Gujarat University,64.76,15.70,81.28,56.13,5.57,Ahmedabad,Gujarat,46.57,62
IR-O-U-0107,Jamia Hamdard,57.82,27.62,69.75,60.64,8.10,New Delhi,Delhi,46.46,64
IR-O-U-0253,Cochin University of Science and Technology,54.37,29.63,70.28,52.70,14.88,Cochin,Kerala,46.02,65
IR-O-U-0389,Banasthali Vidyapith,54.19,14.23,83.55,75.99,10.48,Banasthali,Rajasthan,45.89,66
IR-O-U-0052,Gauhati University,55.17,19.05,83.56,58.40,10.48,Guwahati,Assam,45.87,67
IR-O-U-0329,Symbiosis International,61.83,18.50,64.52,72.16,14.35,Pune,Maharashtra,45.65,68
IR-O-U-0020,Koneru Lakshmaiah Education Foundation University (K L College of Engineering),58.89,30.78,64.62,55.99,2.18,Vaddeswaram,Andhra Pradesh,45.64,69
IR-O-U-0331,Tata Institute of Social Sciences,61.20,12.32,77.33,72.28,8.71,Mumbai,Maharashtra,45.63,70
IR-O-U-0577,National Institute of Technology Durgapur,50.51,34.26,66.66,56.15,9.90,Durgapur,West Bengal,45.36,71
IR-O-U-0410,Malaviya National Institute of Technology,56.13,35.12,57.57,58.38,5.57,Jaipur,Rajasthan,45.29,72
IR-O-U-0056,Tezpur University,58.32,30.02,61.65,52.17,11.62,Tezpur,Assam,45.22,73
IR-O-U-0458,Kalasalingam Academy of Research and Education,56.74,21.81,65.20,73.06,11.62,Srivilliputtur,Tamil Nadu,45.07,74
IR-O-U-0446,Bharath Institute of Higher Education & Research,55.40,24.41,67.59,67.94,5.57,Chennai,Tamil Nadu,44.81,75
IR-O-U-0196,University of Kashmir,60.49,19.51,77.03,50.12,2.18,Srinagar,Jammu and Kashmir,44.64,76
IR-O-U-0747,Chandigarh University,57.48,14.24,63.40,75.44,28.91,Mohali,Punjab,44.62,77
IR-O-U-0374,Dr. B. R. Ambedkar National Institute of Technology,54.39,25.23,64.17,63.76,14.35,Jalandhar,Punjab,44.53,78
IR-O-I-1486,Sri Ramachandra Institute of Higher Education and Research,64.83,18.35,61.13,64.73,7.48,Chennai,Tamil Nadu,44.40,79
IR-O-I-1110,Dr. D. Y. Patil Vidyapeeth,65.15,14.45,63.29,61.56,14.88,Pune,Maharashtra,44.19,80
IR-O-U-0379,Lovely Professional University,47.55,27.51,63.87,65.97,20.70,Phagwara,Punjab,43.95,81
IR-O-U-0184,Indian Institute of Technology Mandi,50.05,30.59,61.27,62.07,12.73,Mandi,Himachal Pradesh,43.93,82
IR-O-U-0463,Madurai Kamaraj University,61.71,24.77,57.68,48.43,14.35,Madurai,Tamil Nadu,43.75,83
IR-O-U-0642,Shiv Nadar University,59.50,19.37,63.50,59.14,13.28,Dadri,Uttar Pradesh,43.60,84
IR-O-U-0376,Guru Nanak Dev University,40.78,28.63,76.11,53.77,17.89,Amritsar,Punjab,43.21,85
IR-O-C-37013,PSG College of Technology,55.37,18.13,58.69,50.17,43.26,Coimbatore,Tamil Nadu,43.14,86
IR-O-U-0369,Pondicherry University,39.94,30.10,72.40,58.18,17.89,Puducherry,Pondicherry,43.10,87
IR-O-U-0530,Motilal Nehru National Institute of Technology,47.86,28.49,67.68,54.77,11.06,Prayagraj,Uttar Pradesh,43.04,88
IR-O-C-16604,Sri Sivasubramaniya Nadar College of Engineering,53.36,29.01,59.42,53.63,9.90,Kancheepuram,Tamil Nadu,42.94,89
IR-O-U-0341,North Eastern Hill University,55.53,16.31,74.61,51.63,11.62,Shillong,Meghalaya,42.79,90
IR-O-U-0448,Bharathidasan University,54.74,29.92,53.67,47.80,18.85,Tiruchirappalli,Tamil Nadu,42.79,90
IR-O-U-0037,Sri Venkateswara University,51.21,19.87,79.19,50.61,5.57,Tirupati,Andhra Pradesh,42.78,92
IR-O-U-0055,National Institute of Technology Silchar,47.28,32.31,64.18,52.84,6.85,Silchar,Assam,42.68,93
IR-O-N-10,SVKM`s Narsee Monjee Institute of Management Studies,63.31,14.77,63.13,60.92,4.24,Mumbai,Maharashtra,42.56,94
IR-O-U-0251,Calicut University,63.32,16.64,63.32,54.77,2.88,Malappuram,Kerala,42.42,95
IR-O-U-0318,Mumbai University,49.58,19.08,78.35,47.78,7.48,Mumbai,Maharashtra,41.79,96
IR-O-U-0589,Visva Bharati,49.51,26.16,73.81,36.58,6.22,Santiniketan,West Bengal,41.74,97
IR-O-U-0149,Sardar Vallabhbhai National Institute of Technology,45.31,29.28,64.48,57.03,7.48,Surat,Gujarat,41.72,98
IR-O-U-0099,Guru Gobind Singh Indraprastha University,48.12,22.64,64.22,52.45,21.15,New Delhi,Delhi,41.43,99
IR-O-U-0295,Datta Meghe Institute of Medical Sciences,64.06,10.35,60.07,66.19,1.46,Wardha,Maharashtra,41.10,100
IR-R-U-0220,Indian Institute of Science,95.03,96.00,73.68,57.58,86.67,Bengaluru,Karnataka,86.48,1
IR-R-U-0456,Indian Institute of Technology Madras,86.71,92.29,80.19,62.72,100.00,Chennai,Tamil Nadu,86.01,2
IR-R-U-0306,Indian Institute of Technology Bombay,80.08,87.35,82.82,56.71,84.78,Mumbai,Maharashtra,80.93,3
IR-R-I-1074,Indian Institute of Technology Delhi,81.95,80.04,78.81,67.03,69.56,New Delhi,Delhi,78.02,4
IR-R-U-0573,Indian Institute of Technology Kharagpur,71.76,74.97,77.77,54.55,81.78,Kharagpur,West Bengal,73.21,5
IR-R-I-1075,Indian Institute of Technology Kanpur,72.44,70.51,73.40,56.18,53.85,Kanpur,Uttar Pradesh,68.56,6
IR-R-U-0560,Indian Institute of Technology Roorkee,69.56,61.44,74.20,64.58,59.00,Roorkee,Uttarakhand,66.50,7
IR-R-N-15,All India Institute of Medical Sciences,72.59,56.99,56.74,73.35,87.04,New Delhi,Delhi,66.26,8
IR-R-U-0053,Indian Institute of Technology Guwahati,68.00,66.11,72.25,61.97,41.13,Guwahati,Assam,64.99,9
IR-R-U-0330,Tata Institute of Fundamental Research,70.26,66.32,55.32,64.33,58.82,Mumbai,Maharashtra,64.35,10
IR-R-U-0120,University of Delhi,48.00,57.28,69.47,59.14,55.83,Delhi,Delhi,56.96,11
IR-R-U-0490,Vellore Institute of Technology,49.96,57.65,62.04,59.05,49.80,Vellore,Tamil Nadu,55.58,12
IR-R-U-0304,Homi Bhabha National Institute,78.69,29.32,68.62,50.24,40.86,Mumbai,Maharashtra,55.24,13
IR-R-U-0500,Banaras Hindu University,42.60,49.07,89.76,52.91,42.22,Varanasi,Uttar Pradesh,54.96,14
IR-R-U-0013,Indian Institute of Technology Hyderabad,58.81,47.33,52.97,57.91,64.84,Hyderabad,Telangana,54.70,15
IR-R-U-0305,Indian Institute of Science Education & Research Pune,57.51,49.58,55.38,58.02,55.05,Pune,Maharashtra,54.50,16
IR-R-U-0575,Jadavpur University,52.23,44.04,71.39,50.13,58.45,Kolkata,West Bengal,54.02,17
IR-R-U-0109,Jawaharlal Nehru University,46.72,38.47,84.60,72.75,37.69,New Delhi,Delhi,53.52,18
IR-R-U-0224,Jawaharlal Nehru Centre for Advanced Scientific Research,68.42,45.38,42.30,60.79,38.87,Bengaluru,Karnataka,52.57,19
IR-R-U-0205,Indian Institute of Technology (Indian School of Mines),58.93,45.92,54.85,54.36,45.32,Dhanbad,Jharkhand,52.40,20
IR-R-U-0308,Institute of Chemical Technology,50.52,53.58,54.66,45.82,44.82,Mumbai,Maharashtra,51.22,21
IR-R-U-0713,Academy of Scientific & Innovative Research,62.03,42.87,74.82,43.32,4.21,Ghaziabad,Uttar Pradesh,51.18,22
IR-R-U-0447,Bharathiar University,54.84,38.19,65.77,53.14,45.07,Coimbatore,Tamil Nadu,50.88,23
IR-R-U-0496,Aligarh Muslim University,36.60,40.43,84.02,56.77,42.22,Aligarh,Uttar Pradesh,49.81,24
IR-R-U-0042,University of Hyderabad,46.28,34.95,75.67,58.20,39.45,Hyderabad,Telangana,49.25,25
IR-R-U-0273,Indian Institute of Technology Indore,57.62,46.50,52.25,55.87,15.79,Indore,Madhya Pradesh,48.86,26
IR-R-U-0234,Manipal Academy of Higher Education,41.77,36.53,73.81,64.78,40.02,Manipal,Karnataka,48.73,27
IR-R-U-0078,Panjab University,36.48,48.18,64.17,53.04,51.77,Chandigarh,Chandigarh,48.71,28
IR-R-U-0436,Amrita Vishwa Vidyapeetham,44.15,38.59,65.47,64.92,38.87,Coimbatore,Tamil Nadu,48.29,29
IR-R-U-0108,Jamia Millia Islamia,40.40,35.91,75.02,71.97,31.93,New Delhi,Delhi,48.28,30
IR-R-U-0357,National Institute of Technology Rourkela,51.08,40.50,58.62,51.63,36.48,Rourkela,Odisha,48.00,31
IR-R-U-0439,Anna University,42.19,34.40,58.54,51.46,80.30,Chennai,Tamil Nadu,47.87,32
IR-R-U-0570,Calcutta University,38.40,35.48,81.52,60.89,31.93,Kolkata,West Bengal,47.74,33
IR-R-U-0572,Indian Institute of Science Education & Research Kolkata,48.60,37.61,51.55,52.90,52.61,Mohanpur,West Bengal,46.72,34
IR-R-U-0467,National Institute of Technology Tiruchirappalli,46.99,32.85,56.78,62.86,43.02,Tiruchirappalli,Tamil Nadu,45.91,35
IR-R-U-0391,Birla Institute of Technology & Science -Pilani,38.52,34.45,62.06,58.80,45.82,Pilani,Rajasthan,44.76,36
IR-R-U-0323,Savitribai Phule Pune University,46.65,33.28,68.38,51.22,17.28,Pune,Maharashtra,44.51,37
IR-R-I-1480,Thapar Institute of Engineering and Technology,41.53,41.99,52.34,55.91,30.53,Patiala,Punjab,44.17,38
IR-R-U-0139,Indian Institute of Technology Gandhinagar,50.34,31.97,53.54,63.35,24.02,Gandhinagar,Gujarat,44.14,39
IR-R-U-0237,National Institute of Technology Karnataka,46.61,29.08,58.28,64.95,30.53,Surathkal,Karnataka,43.91,40
IR-R-U-0574,"Indian Statistical Institute, Kolkata",45.04,27.91,49.31,54.43,61.43,Kolkata,West Bengal,43.32,41
IR-R-U-0236,"National Institute of Mental Health & Neuro Sciences, Bangalore",46.09,23.91,46.16,68.59,59.35,Bangalore,Karnataka,43.03,42
IR-R-U-0355,Indian Institute of Technology Bhubaneswar,45.46,39.08,46.70,54.09,28.72,Bhubaneswar,Odisha,42.98,43
IR-R-U-0377,"Indian Institute of Science Education & Research, Mohali",40.21,29.08,54.25,70.75,28.35,Mohali,Punjab,41.54,44
IR-R-U-0272,Indian Institute of Science Education & Research Bhopal,40.16,29.98,51.97,65.67,31.59,Bhopal,Madhya Pradesh,41.16,45
IR-R-U-0473,S.R.M. Institute of Science and Technology,28.91,41.76,51.76,58.13,27.97,Chennai,Tamil Nadu,40.16,46
IR-R-U-0064,Indian Institute of Technology Patna,44.34,26.61,49.63,53.25,34.59,Patna,Bihar,39.99,47
IR-R-U-0584,Indian Institute of Engineering Science and Technology,44.84,27.01,52.35,49.82,24.43,Shibpur,West Bengal,39.44,48
IR-R-U-0378,Indian Institute of Technology Ropar,38.99,27.27,51.95,62.90,24.02,Rupnagar,Punjab,38.96,49
IR-R-U-0476,Shanmugha Arts Science Technology & Research Academy,36.98,29.11,57.76,57.40,14.24,Thanjavur,Tamil Nadu,38.53,50
IR-E-U-0456,Indian Institute of Technology Madras,95.47,96.43,81.92,62.44,100.00,Chennai,Tamil Nadu,90.19,1
IR-E-I-1074,Indian Institute of Technology Delhi,91.76,95.82,80.97,66.39,98.63,New Delhi,Delhi,88.96,2
IR-E-U-0306,Indian Institute of Technology Bombay,89.32,92.56,79.71,53.68,92.88,Mumbai,Maharashtra,85.16,3
IR-E-I-1075,Indian Institute of Technology Kanpur,86.71,83.13,89.79,55.96,87.05,Kanpur,Uttar Pradesh,83.22,4
IR-E-U-0573,Indian Institute of Technology Kharagpur,80.51,88.59,83.01,58.46,88.50,Kharagpur,West Bengal,82.03,5
IR-E-U-0560,Indian Institute of Technology Roorkee,79.28,78.13,90.74,63.36,63.59,Roorkee,Uttarakhand,78.08,6
IR-E-U-0053,Indian Institute of Technology Guwahati,79.25,70.32,84.63,59.83,60.58,Guwahati,Assam,73.84,7
IR-E-U-0013,Indian Institute of Technology Hyderabad,82.60,56.90,72.54,56.58,66.70,Hyderabad,Telangana,68.69,8
IR-E-U-0467,National Institute of Technology Tiruchirappalli,70.00,54.63,78.13,61.35,69.32,Tiruchirappalli,Tamil Nadu,66.08,9
IR-E-U-0237,National Institute of Technology Karnataka,73.15,50.17,78.62,64.54,50.18,Surathkal,Karnataka,64.19,10
IR-E-U-0205,Indian Institute of Technology (Indian School of Mines),69.29,65.53,73.12,54.62,35.36,Dhanbad,Jharkhand,64.07,11
IR-E-U-0490,Vellore Institute of Technology,61.41,69.70,67.01,59.84,49.73,Vellore,Tamil Nadu,63.68,12
IR-E-U-0273,Indian Institute of Technology Indore,76.22,55.89,71.57,55.76,30.29,Indore,Madhya Pradesh,62.56,13
IR-E-U-0701,Indian Institute of Technology (Banaras Hindu University) Varanasi,67.40,51.62,79.07,55.80,49.96,Varanasi,Uttar Pradesh,62.10,14
IR-E-U-0308,Institute of Chemical Technology,75.45,54.62,72.56,45.67,21.98,Mumbai,Maharashtra,60.31,15
IR-E-U-0436,Amrita Vishwa Vidyapeetham,69.63,59.01,59.56,56.68,35.04,Coimbatore,Tamil Nadu,59.67,16
IR-E-U-0575,Jadavpur University,54.82,60.61,76.88,43.00,48.82,Kolkata,West Bengal,59.19,17
IR-E-U-0439,Anna University,66.29,50.06,58.60,50.87,65.95,Chennai,Tamil Nadu,58.31,18
IR-E-U-0378,Indian Institute of Technology Ropar,81.35,34.08,69.10,62.78,33.74,Rupnagar,Punjab,58.09,19
IR-E-U-0357,National Institute of Technology Rourkela,62.21,56.58,72.53,50.72,28.08,Rourkela,Odisha,58.02,20
IR-E-U-0064,Indian Institute of Technology Patna,76.49,44.92,63.77,53.22,28.83,Patna,Bihar,57.38,21
IR-E-U-0139,Indian Institute of Technology Gandhinagar,82.10,35.05,57.31,62.64,39.87,Gandhinagar,Gujarat,56.86,22
IR-E-U-0025,National Institute of Technology Warangal,67.88,39.60,74.47,55.52,40.72,Warangal,Telangana,56.76,23
IR-E-I-1480,Thapar Institute of Engineering and Technology,64.89,51.54,68.52,56.05,25.35,Patiala,Punjab,56.76,23
IR-E-U-0263,National Institute of Technology Calicut,68.00,34.63,77.94,63.52,37.53,Kozhikode,Kerala,56.48,25
IR-E-U-0391,Birla Institute of Technology & Science -Pilani,62.96,39.96,79.57,55.73,39.87,Pilani,Rajasthan,56.35,26
IR-E-U-0584,Indian Institute of Engineering Science and Technology,66.13,47.54,64.47,49.70,42.36,Shibpur,West Bengal,56.20,27
IR-E-U-0355,Indian Institute of Technology Bhubaneswar,75.09,37.81,66.44,55.62,29.93,Bhubaneswar,Odisha,55.71,28
IR-E-U-0577,National Institute of Technology Durgapur,69.23,42.64,68.37,56.43,26.15,Durgapur,West Bengal,55.48,29
IR-E-U-0334,Visvesvaraya National Institute of Technology,66.19,46.05,70.66,53.53,17.84,Nagpur,Maharashtra,54.94,30
IR-E-U-0497,Amity University,68.46,57.24,52.38,56.94,9.87,Gautam Budh Nagar,Uttar Pradesh,54.87,31
IR-E-U-0363,Siksha `O` Anusandhan,75.76,34.28,70.16,65.14,12.15,Bhubaneswar,Odisha,54.77,32
IR-E-U-0108,Jamia Millia Islamia,60.27,50.00,72.96,54.71,13.24,New Delhi,Delhi,54.46,33
IR-E-U-0473,S.R.M. Institute of Science and Technology,60.31,50.91,67.01,60.90,13.24,Chennai,Tamil Nadu,54.17,34
IR-E-U-0496,Aligarh Muslim University,71.79,50.09,56.66,40.38,20.65,Aligarh,Uttar Pradesh,54.00,35
IR-E-U-0098,Delhi Technological University,66.23,31.79,73.63,58.61,39.59,New Delhi,Delhi,53.96,36
IR-E-U-0410,Malaviya National Institute of Technology,70.69,43.21,62.04,57.79,15.86,Jaipur,Rajasthan,53.95,37
IR-E-U-0476,Shanmugha Arts Science Technology & Research Academy,71.47,37.62,67.55,57.06,12.70,Thanjavur,Tamil Nadu,53.22,38
IR-E-U-0356,Kalinga Institute of Industrial Technology,69.99,29.98,70.72,76.68,13.24,Bhubaneswar,Odisha,53.12,39
IR-E-U-0255,Indian Institute of Space Science and Technology,77.49,23.18,61.09,65.27,39.01,Thiruvananthapuram,Kerala,52.85,40
IR-E-U-0184,Indian Institute of Technology Mandi,65.95,35.39,69.05,61.66,21.98,Mandi,Himachal Pradesh,52.58,41
IR-E-U-0530,Motilal Nehru National Institute of Technology,64.23,34.07,73.63,54.84,21.98,Prayagraj,Uttar Pradesh,51.90,42
IR-E-U-0395,Indian Institute of Technology Jodhpur,76.38,28.07,62.59,63.34,13.78,Jodhpur,Rajasthan,51.56,43
IR-E-U-0172,National Institute of Technology Kurukshetra,62.20,40.64,62.01,53.66,19.73,Kurukshetra,Haryana,50.59,44
IR-E-C-16604,Sri Sivasubramaniya Nadar College of Engineering,66.95,34.56,61.71,53.48,20.65,Kancheepuram,Tamil Nadu,50.20,45
IR-E-U-0202,Birla Institute of Technology,68.20,34.19,58.24,50.41,26.54,Ranchi,Jharkhand,50.06,46
IR-E-U-0149,Sardar Vallabhbhai National Institute of Technology,64.14,34.39,65.08,56.74,17.35,Surat,Gujarat,49.99,47
IR-E-U-0055,National Institute of Technology Silchar,63.11,40.36,61.95,52.73,8.68,Silchar,Assam,49.57,48
IR-E-U-0374,Dr. B. R. Ambedkar National Institute of Technology,67.97,27.72,60.78,63.12,18.32,Jalandhar,Punjab,49.01,49
IR-E-U-0020,Koneru Lakshmaiah Education Foundation University (K L College of Engineering),71.09,38.38,48.62,55.06,4.23,Vaddeswaram,Andhra Pradesh,48.49,50
IR-E-C-7252,Manipal Institute of Technology,70.14,28.99,50.15,62.03,21.98,Manipal,Karnataka,48.17,51
IR-E-C-41593,"College of Engineering, Pune",64.83,22.39,67.83,54.17,29.57,Pune,Maharashtra,48.12,52
IR-E-C-37013,PSG College of Technology,68.57,23.58,48.35,48.89,57.14,Coimbatore,Tamil Nadu,47.91,53
IR-E-U-0014,International Institute of Information Technology Hyderabad,50.76,33.07,71.08,51.44,26.15,Hyderabad,Telangana,47.12,54
IR-E-U-0474,Sathyabama Institute of Science and Technology,59.83,41.05,45.39,63.17,9.87,Chennai,Tamil Nadu,46.65,55
IR-E-U-0458,Kalasalingam Academy of Research and Education,64.24,24.41,60.42,65.23,13.78,Srivilliputtur,Tamil Nadu,46.57,56
IR-E-U-0249,Visvesvaraya Technological University,70.27,31.03,47.84,49.93,6.83,Belgaum,Karnataka,45.63,57
IR-E-U-0297,Defence Institute of Advanced Technology,67.03,33.73,52.16,45.71,2.87,Pune,Maharashtra,45.52,58
IR-E-U-0619,National Institute of Technology Meghalaya,67.63,24.12,55.30,64.22,3.56,Shillong,Meghalaya,45.37,59
IR-E-U-0284,Maulana Azad National Institute of Technology,55.71,28.88,63.97,58.59,9.87,Bhopal,Madhya Pradesh,45.02,60
IR-E-U-0747,Chandigarh University,68.90,17.05,46.81,76.33,22.42,Mohali,Punjab,45.01,61
IR-E-U-0017,Jawaharlal Nehru Technological University,72.29,27.99,41.03,53.80,12.70,Hyderabad,Telangana,44.95,62
IR-E-U-0105,"Indraprastha Institute of Information Technology, Delhi",54.79,31.79,68.04,39.39,13.24,New Delhi,Delhi,44.85,63
IR-E-U-0092,National Institute of Technology Raipur,60.57,28.98,59.26,58.32,2.87,Raipur,Chhattisgarh,44.83,64
IR-E-C-1331,M. S. Ramaiah Institute of Technology,66.25,16.84,60.05,53.70,14.31,Bengaluru,Karnataka,43.74,65
IR-E-U-0379,Lovely Professional University,62.69,25.97,45.82,64.46,14.83,Phagwara,Punjab,43.69,66
IR-E-U-0389,Banasthali Vidyapith,59.29,14.29,67.27,74.92,6.19,Banasthali,Rajasthan,43.64,67
IR-E-U-0147,Pandit Deendayal Petroleum University,70.06,23.25,53.33,42.09,2.87,Gandhinagar,Gujarat,43.17,68
IR-E-U-0197,National Institute of Technology Srinagar,65.87,14.29,57.85,63.89,6.19,Srinagar,Jammu and Kashmir,42.63,69
IR-E-U-0080,"Punjab Engineering College (Deemed to be University), Chandigarh",55.98,15.24,65.57,55.41,26.15,Chandigarh,Chandigarh,42.62,70
IR-E-C-26794,Thiagarajar College of Engineering,56.11,18.65,60.91,50.99,28.83,Madurai,Tamil Nadu,42.58,71
IR-E-U-0072,National Institute of Technology Patna,54.45,24.30,61.87,50.77,9.87,Patna,Bihar,42.06,72
IR-E-U-0795,Indian Institute of Information Technology Guwahati,64.87,9.13,56.91,53.01,31.01,Guwahati,Assam,41.98,73
IR-E-C-24004,College of Engineering (A),64.45,9.77,69.23,53.92,4.23,Visakhapatnam,Andhra Pradesh,41.92,74
IR-E-U-0555,Graphic Era University,64.78,13.64,49.07,60.45,24.53,Dehradun,Uttarakhand,41.83,75
IR-E-U-0221,International Institute of Information Technology Bangalore,58.90,10.89,63.64,60.93,18.80,Bengaluru,Karnataka,41.64,76
IR-E-C-1269,R.V. College of Engineering,63.87,14.45,57.01,50.30,15.86,Bengaluru,Karnataka,41.52,77
IR-E-C-36995,Sri Krishna College of Engineering and Technology,62.23,10.86,63.26,49.71,17.35,Coimbatore,Tamil Nadu,41.29,78
IR-E-U-0201,Shri Mata Vaishno Devi University,69.07,20.55,47.85,45.49,2.17,Katra,Jammu and Kashmir,41.22,79
IR-E-U-0286,"Pandit Dwarka Prasad Mishra Indian Institute of Information Technology, Design and Manufacturing (IIITDM) Jabalpur",46.17,29.61,61.76,54.06,6.83,Jabalpur,Madhya Pradesh,41.17,80
IR-E-C-45375,Indian Institute of Food Processing Technology (IIFPT),71.85,7.98,52.14,57.56,9.87,Thanjavur,Tamil Nadu,41.13,81
IR-E-C-33641,"Veermata Jijabai Technological Institute, (VJTI, Mumbai)",60.34,11.62,66.02,53.60,9.28,Mumbai,Maharashtra,41.07,82
IR-E-U-0733,PES University,62.28,13.35,60.53,49.36,13.24,Bengaluru,Karnataka,41.06,83
IR-E-U-0749,Manipal University Jaipur,65.35,16.65,50.79,58.72,0.00,Jaipur,Rajasthan,40.63,84
IR-E-U-0620,National Institute of Technology Goa,56.69,21.42,53.53,57.08,7.45,Ponda,Goa,40.60,85
IR-E-U-0207,"National Institute of Technology, Jamshedpur",56.45,15.62,67.65,45.74,8.07,Jamshedpur,Jharkhand,40.53,86
IR-E-U-0516,Indian Institute of Information Technology Allahabad,46.57,15.70,72.28,51.74,19.73,Prayagraj (Allahabad),Uttar Pradesh,40.28,87
IR-E-C-6379,Netaji Subhas University of Technology (NSUT),47.14,22.25,65.82,44.23,18.32,South West,Delhi,40.22,88
IR-E-U-0078,Panjab University,39.71,42.62,48.40,43.12,14.83,Chandigarh,Chandigarh,40.16,89
IR-E-C-36926,Kumaraguru College of Technology,61.76,15.76,52.48,45.71,15.86,Coimbatore,Tamil Nadu,39.92,90
IR-E-U-0564,University of Petroleum and Energy Studies,57.92,20.29,51.01,57.05,4.90,Dehradun,Uttarakhand,39.87,91
IR-E-U-0493,National Institute of Technology Agartala,56.96,21.82,48.87,57.71,6.83,Agratala,Tripura,39.86,92
IR-E-U-0489,Vel Tech Rangarajan Dr. Sagunthala R & D Institute of Science and Technology,55.80,28.48,38.53,63.61,4.90,Chennai,Tamil Nadu,39.84,93
IR-E-U-0522,Jaypee Institute of Information Technology,53.07,23.11,56.79,49.30,6.83,Noida,Uttar Pradesh,39.82,94
IR-E-C-43708,College of Engineering Trivandrum,63.85,10.25,53.40,50.16,14.83,Thiruvananthapuram,Kerala,39.40,95
IR-E-C-35417,Bharati Vidyapeeth Deemed University College of Engineering,60.35,3.01,62.73,71.58,6.83,Pune,Maharashtra,39.39,96
IR-E-U-0163,The Northcap University,60.36,12.71,56.83,51.32,8.07,Gurugram,Haryana,39.23,97
IR-E-C-1262,B.M.S. College of Engineering,59.62,12.33,54.10,51.93,15.35,Bengaluru,Karnataka,39.13,98
IR-E-U-0189,National Institute of Technology Hamirpur,50.19,21.92,58.20,46.54,11.59,Hamirpur,Himachal Pradesh,39.09,99
IR-E-C-30045,"C.V. Raman Global University, Odisha",62.09,5.58,58.89,57.55,11.02,Bhubaneswar,Odisha,38.94,100
IR-E-C-1297,Siddaganga Institute of Technology,59.38,15.43,54.24,49.56,5.55,Tumkur,Karnataka,38.81,101
IR-E-C-36969,Coimbatore Institute of Technology,63.99,8.47,43.38,50.51,32.73,Coimbatore,Tamil Nadu,38.74,102
IR-E-U-0190,Shoolini University of Biotechnology and Management Sciences,55.99,22.73,47.47,54.74,0.00,Solan,Himachal Pradesh,38.58,103
IR-E-U-0056,Tezpur University,49.58,34.26,41.50,41.90,7.45,Tezpur,Assam,38.39,104
IR-E-U-0460,Karunya Institute of Technology and Sciences,52.14,26.57,43.78,51.97,8.07,Coimbatore,Tamil Nadu,38.38,105
IR-E-U-0267,Atal Bihari Vajpayee Indian Institute of Information Technology and Management,46.90,17.04,66.48,53.57,4.90,Gwalior,Madhya Pradesh,38.33,106
IR-E-U-0130,Dhirubhai Ambani Institute of Information and Communication Technology,50.12,11.09,71.67,48.81,6.19,Gandhinagar,Gujarat,38.20,107
IR-E-U-0099,Guru Gobind Singh Indraprastha University,41.30,32.95,47.68,44.66,16.36,New Delhi,Delhi,37.93,108
IR-E-C-16547,Sri Sairam Engineering College,55.56,11.27,58.93,57.83,2.17,Kancheepuram,Tamil Nadu,37.84,109
IR-E-C-16626,Rajalakshmi Engineering College,64.13,4.96,56.15,53.93,3.56,Chennai,Tamil Nadu,37.71,110
IR-E-U-0043,"Vignan's Foundation for Science, Technology and Research",57.75,15.85,49.23,56.26,1.46,Guntur,Andhra Pradesh,37.70,111
IR-E-U-0445,B. S. Abdur Rahman Crescent Institute of Science and Technology,60.38,16.43,47.28,44.60,6.19,Chennai,Tamil Nadu,37.58,112
IR-E-U-0373,Chitkara University,53.58,13.38,52.56,58.11,11.02,Rajpura,Punjab,37.50,113
IR-E-U-0613,National Institute of Technology Manipur,61.10,14.77,42.18,58.89,3.56,Imphal,Manipur,37.45,114
IR-E-C-43264,National Institute of Foundry and Forge Technology (NIFFT),67.07,4.72,53.71,45.16,5.55,Ranchi,Jharkhand,37.35,115
IR-E-U-0367,Veer Surendra Sai University of Technology,53.46,22.16,46.30,47.10,6.83,Burla,Odisha,37.34,116
IR-E-U-0143,Maharaja Sayajirao University of Baroda,56.48,14.79,52.46,50.11,4.23,Vadodara,Gujarat,37.30,117
IR-E-U-0169,Manav Rachna International Institute of Research & Studies,57.82,6.21,58.38,52.21,11.59,Faridabad,Haryana,37.26,118
IR-E-C-18886,Shri Ramdeobaba College of Engineering and Management,59.71,7.98,57.72,50.85,2.87,Nagpur,Maharashtra,37.22,119
IR-E-U-0382,Punjab Technical University,63.62,32.28,16.04,46.24,5.55,Kapurthala,Punjab,37.15,120
IR-E-I-1441,Saveetha Institute of Medical and Technical Sciences,55.80,19.82,39.47,65.05,0.00,Chennai,Tamil Nadu,37.09,121
IR-E-I-1015,Vishwakarma Institute of Technology,56.71,5.43,63.65,48.32,6.19,Pune,Maharashtra,36.82,122
IR-E-C-18154,University College of Engingeering,59.48,4.18,57.92,56.26,4.23,Kakinada,Andhra Pradesh,36.72,123
IR-E-C-27058,Mepco Schlenk Engineering College,49.66,19.34,47.90,46.51,17.35,Sivakasi,Tamil Nadu,36.67,124
IR-E-U-0491,"Vels Institute of Science, Technology & Advanced Studies (VISTAS)",57.36,21.44,42.16,41.95,3.56,Chennai,Tamil Nadu,36.63,125
IR-E-U-0507,Dayalbagh Educational Institute,61.61,7.63,49.47,53.44,6.19,Agra,Uttar Pradesh,36.62,126
IR-E-U-0175,YMCA University of Science & Tech (Formerely YMCA Institute of Engineering),59.79,6.05,55.73,50.04,6.83,Faridabad,Haryana,36.59,127
IR-E-C-36975,Government College of Technology,51.56,9.16,55.01,49.50,23.70,Coimbatore,Tamil Nadu,36.54,128
IR-E-U-0186,Jaypee University of Information Technology,47.14,21.27,55.23,46.01,3.56,Solan,Himachal Pradesh,36.53,129
IR-E-C-18817,G. H. Raisoni College of Engineering,52.49,8.85,60.93,48.69,9.87,Nagpur,Maharashtra,36.46,130
IR-E-C-50605,PSG Institute of Technology and Applied Research,60.80,2.10,55.86,49.86,13.78,Coimbatore,Tamil Nadu,36.41,131
IR-E-C-27616,University College of Engineering,59.95,6.78,52.91,50.28,7.45,Hyderabad,Telangana,36.37,132
IR-E-C-25622,Chaitanya Bharathi Institute of Technology,60.36,2.21,56.74,51.57,10.45,Hyderabad,Telangana,36.32,133
IR-E-C-19754,SR University,62.51,6.49,41.74,62.54,8.07,Warangal,Telangana,36.11,134
IR-E-C-19667,Vallurupalli Nageswara Rao Vignana Jyothi Institute of Engineering and Technology,61.89,6.83,50.96,47.63,4.90,Hyderabad,Telangana,36.06,135
IR-E-U-0332,The Rashtrasant Tukadoji Maharaj Nagpur University,49.65,23.08,48.98,42.64,0.74,Nagpur,Maharashtra,35.95,136
IR-E-C-37064,Sri Krishna College of Technology,54.45,8.12,60.34,47.44,3.56,Coimbatore,Tamil Nadu,35.94,137
IR-E-C-1400,NMAM Institute of Technology,59.12,9.14,50.79,48.71,4.23,"Nitte, Udupi",Karnataka,35.93,138
IR-E-C-1345,P E S College of Engineering,60.69,1.04,56.57,60.60,0.00,Mandya,Karnataka,35.89,139
IR-E-C-42054,Army Institute of Technology,53.37,1.08,64.93,58.20,7.45,Pune,Maharashtra,35.89,139
IR-E-C-1371,New Horizon College of Engineering,51.75,5.91,64.47,53.23,3.56,Bengaluru,Karnataka,35.87,141
IR-E-C-19650,Vardhaman College of Engineering,53.07,8.00,55.81,48.64,15.35,Rangareddy,Telangana,35.87,141
IR-E-C-33773,Bharatiya Vidya Bhavan`s Sardar Patel Institute of Technology,48.87,11.24,63.74,46.71,2.17,Mumbai,Maharashtra,35.67,143
IR-E-C-6581,Pondicherry Engineering College,50.19,14.63,56.41,34.53,14.83,Puducherry,Pondicherry,35.66,144
IR-E-U-0621,National Institute of Technology Puducherry,52.36,5.42,53.92,68.57,6.83,Karaikal,Pondicherry,35.66,144
IR-E-C-19747,Anurag University,55.78,2.62,52.86,60.28,14.31,Hyderabad,Telangana,35.55,146
IR-E-C-10342,Chandigarh Engineering College,60.56,4.70,46.08,66.18,0.00,Sahibzada Ajit Singh Nagar,Punjab,35.42,147
IR-E-S-8898,"National Institute of Food Technology, Entrepreneurship & Management",52.72,5.62,57.16,63.41,0.74,Sonipat,Haryana,35.35,148
IR-E-C-18254,Yeshwantrao Chavan College of Engineering,56.10,7.10,55.05,52.36,0.74,Nagpur,Maharashtra,35.28,149
IR-E-U-0938,Dr. Vishwanath Karad MIT World Peace University,61.80,6.18,50.16,48.25,0.00,Pune,Maharashtra,35.24,150
IR-E-N-10,SVKM`s Narsee Monjee Institute of Management Studies,56.25,7.13,52.07,55.33,2.17,Mumbai,Maharashtra,35.18,151
IR-E-C-1336,BMS Institute of Technology & Management,49.99,4.88,59.32,54.59,13.24,Bengaluru,Karnataka,35.10,152
IR-E-U-0146,Nirma University,52.02,13.43,51.68,45.95,4.90,Ahmedabad,Gujarat,35.07,153
IR-E-U-0604,"Amity University, Gwalior",57.48,3.71,58.75,46.18,2.87,Gwalior,Madhya Pradesh,35.02,154
IR-E-C-19607,CVR College Of Engineering,58.79,3.48,54.75,52.16,1.46,Ibrahimpatan,Telangana,35.00,155
IR-E-C-8277,"Government Engineering College, Thrissur",60.69,3.88,50.29,51.95,2.87,Thrissur,Kerala,34.91,156
IR-E-U-0223,"Jain University, Bangalore",48.96,18.52,44.87,54.32,0.74,Bengluru,Karnataka,34.72,157
IR-E-U-0592,Maulana Abul Kalam Azad University of Technology,46.79,18.71,52.47,42.66,2.87,Nadia,West Bengal,34.70,158
IR-E-C-19706,Institute of Aeronautical Engineering,50.17,14.51,49.88,49.39,2.87,Hyderabad,Telangana,34.61,159
IR-E-U-0615,National Institute of Technology Arunachal Pradesh,59.59,9.94,41.80,51.50,2.17,Itanagar,Arunachal Pradesh,34.59,160
IR-E-U-0685,Indira Gandhi Delhi Technical University for Women,43.09,8.82,65.36,54.48,4.23,Delhi,Delhi,34.52,161
IR-E-U-0384,Sant Longowal Institute of Engineering & Technology,58.40,16.31,29.59,57.04,4.90,Longowal,Punjab,34.52,161
IR-E-C-30153,"Silicon Institute of Technology (SIT), Bhubaneswar",55.50,3.07,54.50,59.17,0.74,Bhubaneswar,Odisha,34.46,163
IR-E-C-37065,Kongu Engineering College,57.61,8.00,46.30,43.96,10.45,Perundurai,Tamil Nadu,34.38,164
IR-E-C-19534,Goka Raju Ranga Raju Institute of Engineering & Technology,55.87,5.71,52.63,49.43,4.23,Hyderabad,Telangana,34.36,165
IR-E-U-0443,Annamalai University,59.64,25.05,21.64,30.19,14.83,Annamalainagar,Tamil Nadu,34.23,166
IR-E-U-0535,Rajiv Gandhi Institute of Petroleum Technology,58.91,7.14,49.49,42.47,2.17,Amethi,Uttar Pradesh,34.18,167
IR-E-C-1352,Nitte Meenakshi Institute of Technology,57.43,4.88,50.31,51.73,2.17,Bengaluru,Karnataka,34.14,168
IR-E-C-6192,Institute of Engineering & Management,50.66,9.34,44.80,67.09,4.23,Kolkata,West Bengal,34.09,169
IR-E-C-16614,R.M.K. Engineering College,54.45,3.25,55.60,52.39,3.56,Thiruvallur,Tamil Nadu,34.04,170
IR-E-I-1093,Noida Institute of Engineering & Technology,52.45,1.37,57.50,48.67,14.83,Greater Noida,Uttar Pradesh,33.99,171
IR-E-U-0454,Hindustan Institute of Technology and Science (HITS),48.41,17.65,44.02,46.84,6.83,Chennai,Tamil Nadu,33.98,172
IR-E-C-42227,Dr. D. Y. Patil Institute of Technology,53.67,0.46,60.10,51.72,5.55,Pune,Maharashtra,33.98,172
IR-E-U-0376,Guru Nanak Dev University,24.31,32.53,56.36,46.22,10.45,Amritsar,Punjab,33.98,172
IR-E-C-37089,Sri Ramakrishna Engineering College,54.46,6.83,50.09,45.10,10.45,Coimbatore,Tamil Nadu,33.96,175
IR-E-C-46111,KIET Group of Institutions,57.83,4.54,53.35,44.67,0.00,Ghaziabad,Uttar Pradesh,33.85,176
IR-E-U-0643,Galgotias University,54.08,8.46,49.47,49.18,2.17,Gautam Budh Nagar,Uttar Pradesh,33.79,177
IR-E-C-18010,Velagapudi Ramakrishna Siddhartha Engineering College,54.41,8.15,46.79,52.53,3.56,Vijayawada,Andhra Pradesh,33.73,178
IR-E-U-0541,Sharda University,52.08,10.44,41.15,54.55,12.15,Greater Noida,Uttar Pradesh,33.64,179
IR-E-U-0854,KLE Technological University,54.63,6.75,50.42,48.01,2.87,Dharwad,Karnataka,33.58,180
IR-E-C-36143,Shri G. S. Institute of Technology & Science,52.93,3.80,55.10,48.30,6.19,Indore,Madhya Pradesh,33.49,181
IR-E-U-0046,North Eastern Regional Institute of Science & Technology,60.11,11.98,34.94,43.51,4.23,Itanagar,Arunachal Pradesh,33.38,182
IR-E-C-16537,St. Josephs College of Engineering,51.50,10.67,50.71,45.66,0.00,Kancheepuram,Tamil Nadu,33.36,183
IR-E-C-36022,Lakshmi Narain College of Technology,51.79,1.86,57.61,55.45,0.74,Bhopal,Madhya Pradesh,33.23,184
IR-E-U-0353,Centurion University of Technology and Management,52.52,3.79,54.32,53.05,0.74,Paralakhemundi,Odisha,33.14,185
IR-E-I-1356,Rabindranath Tagore University,56.04,1.76,47.95,61.42,0.00,Raisen,Madhya Pradesh,33.07,186
IR-E-U-0616,National Institute of Technology Uttarakhand,57.07,12.26,42.75,35.71,1.46,Srinagar (Garhwal),Uttarakhand,33.07,186
IR-E-C-1412,JSS Science and Technology University,50.71,4.30,53.39,49.93,8.68,Mysuru,Karnataka,33.04,188
IR-E-C-16560,Easwari Engineering College,51.44,2.41,56.66,48.49,4.23,Chennai,Tamil Nadu,32.75,189
IR-E-I-1033,International Institute of Information Technology Bhubaneswar,42.30,12.58,54.47,49.64,4.23,Bhubaneswar,Odisha,32.73,190
IR-E-C-27089,National Engineering College,56.42,5.80,45.79,46.72,1.46,Kovilpatti,Tamil Nadu,32.64,191
IR-E-C-37028,Sona College of Technology,53.68,4.16,49.50,48.67,4.90,Salem,Tamil Nadu,32.61,192
IR-E-C-1406,C M R Institute of Technology,55.56,4.14,46.07,52.22,2.17,Bengaluru,Karnataka,32.56,193
IR-E-C-46239,G.L.Bajaj Institute of Technology and Management,57.13,3.72,47.78,47.32,0.00,Greater Noida,Uttar Pradesh,32.55,194
IR-E-U-0774,DIT University,50.14,7.09,48.53,55.03,1.46,Dehradun,Uttarakhand,32.53,195
IR-E-C-1438,The National Institute of Engineering,53.79,2.33,51.03,50.48,4.23,Mysore,Karnataka,32.52,196
IR-E-C-33584,K. J. Somaiya College of Engineering,52.22,3.33,58.94,38.08,2.17,Mumbai,Maharashtra,32.48,197
IR-E-C-27400,Kakatiya Institute of Technology & Science,55.80,1.64,49.13,49.25,4.90,Warangal,Telangana,32.48,197
IR-E-C-11015,Walchand College of Engineering,48.25,4.54,56.11,47.93,6.19,Sangli,Maharashtra,32.46,199
IR-E-U-0037,Sri Venkateswara University,41.76,25.59,37.58,43.31,3.56,Tirupati,Andhra Pradesh,32.42,200
IR-M-S-8890,Indian Institute of Management Ahmedabad,91.41,65.09,99.43,70.01,98.53,Ahmedabad,Gujarat,83.69,1
IR-M-S-8903,Indian Institute of Management Bangalore,91.53,63.43,98.99,71.88,100.00,Bengaluru,Karnataka,83.48,2
IR-M-S-8972,Indian Institute of Management Calcutta,87.33,58.14,98.10,72.90,94.87,Kolkata,West Bengal,80.04,3
IR-M-S-8909,Indian Institute of Management Kozhikode,81.37,52.04,95.38,68.28,74.10,Kozhikode,Kerala,73.34,4
IR-M-I-1074,Indian Institute of Technology Delhi,67.47,76.71,86.18,59.33,57.31,New Delhi,Delhi,72.15,5
IR-M-S-8918,Indian Institute of Management Indore,81.54,50.74,93.98,66.29,59.91,Indore,Madhya Pradesh,71.10,6
IR-M-S-8959,Indian Institute of Management Lucknow,84.54,41.12,94.84,68.06,75.51,Lucknow,Uttar Pradesh,71.02,7
IR-M-S-132,Xavier Labour Relations Institute (XLRI),87.80,39.37,98.38,67.33,53.66,Jamshedpur,Jharkhand,69.93,8
IR-M-U-0573,Indian Institute of Technology Kharagpur,62.46,75.87,90.66,51.02,47.68,Kharagpur,West Bengal,69.50,9
IR-M-U-0306,Indian Institute of Technology Bombay,86.23,49.98,85.26,57.51,44.16,Mumbai,Maharashtra,68.08,10
IR-M-I-1170,Management Development Institute,78.04,49.36,95.55,69.81,32.80,Gurugram,Haryana,67.59,11
IR-M-S-8931,"National Institute of Industrial Engineering, Mumbai",73.05,49.90,93.47,67.69,21.81,Mumbai,Maharashtra,64.52,12
IR-M-U-0456,Indian Institute of Technology Madras,67.24,57.10,78.44,62.13,51.25,Chennai,Tamil Nadu,64.32,13
IR-M-U-0560,Indian Institute of Technology Roorkee,57.49,76.37,80.11,57.56,18.54,Roorkee,Uttarakhand,63.79,14
IR-M-S-8868,Indian Institute of Management Raipur,79.91,35.73,90.13,71.00,23.05,Raipur,Chhattisgarh,62.12,15
IR-M-I-1075,Indian Institute of Technology Kanpur,67.60,54.16,83.12,56.22,25.42,Kanpur,Uttar Pradesh,61.31,16
IR-M-S-8948,Indian Institute of Management Tiruchirappalli,76.15,28.66,86.12,62.82,61.64,Tiruchirappalli,Tamil Nadu,61.10,17
IR-M-S-8942,Indian Institute of Management Udaipur,79.24,34.91,84.46,70.40,27.67,Udaipur,Rajasthan,60.94,18
IR-M-I-1044,S. P. Jain Institute of Management & Research,74.82,22.49,99.16,70.37,26.56,Mumbai,Maharashtra,58.73,19
IR-M-C-19343,Symbiosis Institute of Business Management,79.53,19.99,94.97,67.56,30.32,Pune,Maharashtra,58.64,20
IR-M-S-8904,Indian Institute of Management Ranchi,71.44,25.54,91.75,72.58,35.61,Ranchi,Jharkhand,58.26,21
IR-M-N-10,SVKM`s Narsee Monjee Institute of Management Studies,77.77,21.57,92.07,69.48,23.66,Mumbai,Maharashtra,57.53,22
IR-M-S-8937,Indian Institute of Management Shillong,70.29,18.79,93.21,77.60,37.38,Shillong,Meghalaya,56.87,23
IR-M-N-16,Great Lakes Institute of Management,84.52,19.46,84.54,66.60,19.88,Chennai,Tamil Nadu,56.75,24
IR-M-U-0102,Indian Institute of Foreign Trade,79.06,18.18,85.64,59.54,43.41,New Delhi,Delhi,56.59,25
IR-M-I-1064,International Management Institute,68.62,31.02,87.50,70.06,18.54,New Delhi,Delhi,56.26,26
IR-M-U-0012,ICFAI Foundation for Higher Education,73.96,31.74,76.98,75.99,11.11,Hyderabad,Telangana,55.82,27
IR-M-S-8895,Indian Institute of Management Rohtak,56.43,35.03,88.05,75.82,27.67,Rohtak,Haryana,55.40,28
IR-M-U-0497,Amity University,68.77,46.74,67.70,56.34,12.71,Gautam Budh Nagar,Uttar Pradesh,55.09,29
IR-M-U-0205,Indian Institute of Technology (Indian School of Mines),72.69,43.64,59.17,53.32,24.84,Dhanbad,Jharkhand,54.54,30
IR-M-U-0356,Kalinga Institute of Industrial Technology,76.28,21.50,80.13,76.37,13.48,Bhubaneswar,Odisha,54.35,31
IR-M-S-156,T. A. Pai Management Institute Manipal,66.02,26.94,86.13,67.85,21.81,Manipal,Karnataka,54.08,32
IR-M-S-8967,Indian Institute of Management Kashipur,65.05,26.53,86.13,62.10,21.81,Kashipur,Uttarakhand,53.10,33
IR-M-U-0715,Xavier University,68.29,22.13,91.99,53.96,21.18,Bhubaneswar,Odisha,53.05,34
IR-M-S-87,Goa Institute of Management,71.60,17.30,84.98,75.12,15.73,Sanquelim,Goa,52.75,35
IR-M-U-0108,Jamia Millia Islamia,65.25,32.45,75.78,67.99,11.11,New Delhi,Delhi,52.39,36
IR-M-U-0379,Lovely Professional University,73.17,33.66,57.63,67.66,14.99,Phagwara,Punjab,51.85,37
IR-M-U-0020,Koneru Lakshmaiah Education Foundation University (K L College of Engineering),68.23,46.13,49.97,68.12,4.99,Vaddeswaram,Andhra Pradesh,51.61,38
IR-M-S-394,"Institute of Management Technology, Ghaziabad",70.30,23.62,81.92,58.73,11.92,Ghaziabad,Uttar Pradesh,51.61,38
IR-M-S-15962,Indian Institute of Management,72.82,5.15,86.53,64.91,34.23,Nagpur,Maharashtra,50.62,40
IR-M-U-0735,BML Munjal University,67.73,23.78,76.49,66.16,6.84,Gurgaon,Haryana,50.05,41
IR-M-I-1480,Thapar Institute of Engineering and Technology,62.91,38.92,58.21,63.79,11.92,Patiala,Punjab,49.76,42
IR-M-I-1066,Fore School of Management,68.95,11.43,86.64,65.54,13.48,New Delhi,Delhi,49.34,43
IR-M-S-354,Birla Institute of Management Technology,67.15,12.37,82.73,71.46,12.71,Greater Noida,Uttar Pradesh,48.83,44
IR-M-U-0747,Chandigarh University,69.97,12.71,65.47,81.38,25.42,Mohali,Punjab,48.57,45
IR-M-U-0564,University of Petroleum and Energy Studies,69.62,28.32,63.10,63.64,1.05,Dehradun,Uttarakhand,48.47,46
IR-M-U-0500,Banaras Hindu University,55.85,27.42,78.26,52.04,20.53,Varanasi,Uttar Pradesh,47.89,47
IR-M-U-0467,National Institute of Technology Tiruchirappalli,40.84,39.01,74.19,63.20,25.99,Tiruchirappalli,Tamil Nadu,47.71,48
IR-M-U-0496,Aligarh Muslim University,57.89,36.63,68.96,44.61,10.29,Aligarh,Uttar Pradesh,47.64,49
IR-M-I-1238,KREA University,72.03,4.34,84.06,73.59,4.99,"Sri City, Chittoor",Andhra Pradesh,47.58,50
IR-M-U-0099,Guru Gobind Singh Indraprastha University,59.63,21.91,75.27,52.63,27.67,New Delhi,Delhi,47.54,51
IR-M-I-1408,International Management Institute,69.51,12.48,79.77,63.36,5.93,Kolkata,West Bengal,47.48,52
IR-M-C-37013,PSG College of Technology,59.52,15.85,74.94,51.75,43.04,Coimbatore,Tamil Nadu,47.09,53
IR-M-U-0373,Chitkara University,70.05,15.35,65.91,70.67,11.92,Rajpura,Punjab,47.06,54
IR-M-S-92,Institute of Rural Management Anand,60.79,14.14,82.52,60.40,18.54,Anand,Gujarat,46.87,55
IR-M-S-220,K.J.Somaiya Institute Of Management,69.24,8.13,83.48,59.05,8.60,Mumbai,Maharashtra,46.68,56
IR-M-U-0439,Anna University,47.31,40.72,51.16,50.81,49.02,Chennai,Tamil Nadu,46.62,57
IR-M-U-0267,Atal Bihari Vajpayee Indian Institute of Information Technology and Management,70.99,23.76,57.61,52.84,13.48,Gwalior,Madhya Pradesh,46.58,58
IR-M-S-3283,Jaipuria Institute of Management,64.60,10.30,78.58,67.81,13.48,Noida,Uttar Pradesh,46.32,59
IR-M-U-0213,Alliance University,70.30,7.50,78.20,68.50,4.04,Bengaluru,Karnataka,46.23,60
IR-M-S-6,Indian Institute of Management Sambalpur,60.50,9.82,80.87,63.61,25.42,Sambalpur,Odisha,46.17,61
IR-M-I-1124,International Management Institute Bhubaneswar,71.14,9.59,73.91,66.83,4.04,Bhubaneswar,Odisha,46.08,62
IR-M-I-1132,Institute of Management Technology,65.13,10.11,75.25,69.20,14.99,Hyderabad,Telangana,46.04,63
IR-M-U-0555,Graphic Era University,58.80,26.70,55.75,66.42,17.16,Dehradun,Uttarakhand,45.16,64
IR-M-S-331,Loyola Institute of Business Administration,57.71,6.57,80.44,56.83,36.94,Chennai,Tamil Nadu,44.74,65
IR-M-U-0147,Pandit Deendayal Petroleum University,65.62,19.26,68.01,53.92,1.05,Gandhinagar,Gujarat,44.56,66
IR-M-S-16881,"Indian Institute of Management, Amritsar",49.83,10.18,88.36,66.77,21.81,Amritsar,Punjab,44.53,67
IR-M-S-419,"Jaipuria Institute of Management, Lucknow",65.49,4.06,80.80,57.91,14.99,Lucknow,Uttar Pradesh,44.32,68
IR-M-I-1156,Bharati Vidyapeeth's Institute of Management and Entrepreneurship Development,66.11,0.24,75.12,75.04,15.73,Pune,Maharashtra,43.99,69
IR-M-U-0202,Birla Institute of Technology,57.78,22.29,60.02,58.07,21.18,Ranchi,Jharkhand,43.95,70
IR-M-C-32855,Jagan Institute of Management Studies,63.92,3.96,80.60,69.34,4.99,Delhi,Delhi,43.92,71
IR-M-C-34129,Principal L N Welingkar Institute of Management Development and Research,66.21,6.11,78.10,58.34,5.93,Mumbai,Maharashtra,43.73,72
IR-M-U-0851,IIHMR University,64.29,7.49,71.36,74.17,2.07,Jaipur,Rajasthan,43.44,73
IR-M-S-309,Jaipuria Institute of Management,68.57,6.21,72.19,57.70,6.84,Jaipur,Rajasthan,43.32,74
IR-M-I-1058,Indian Institute of Forest Management,69.04,3.00,72.77,56.36,14.24,Bhopal,Madhya Pradesh,43.22,75
